filename,reference_id,kadid_distortion_type,kadid_distortion_level,dmos,quality_score,blur,underexposure,overexposure,noise,corruption
I01_16_01.png,I01,Brighten,1,4.37,84.25,0,0,0,0,0
I01_16_02.png,I01,Brighten,2,4.47,86.75,0,0,0,0,0
I01_16_03.png,I01,Brighten,3,3.94,73.5,0,0,1,0,0
I01_16_04.png,I01,Brighten,4,3.17,54.25,0,0,1,0,0
I01_16_05.png,I01,Brighten,5,2.18,29.5,0,0,1,0,1
I01_23_01.png,I01,Color block,1,2.73,43.25,0,0,0,0,0
I01_23_02.png,I01,Color block,2,2.17,29.25,0,0,0,0,0
I01_23_03.png,I01,Color block,3,2.2,30.0,0,0,0,0,1
I01_23_04.png,I01,Color block,4,2.37,34.25,0,0,0,0,1
I01_23_05.png,I01,Color block,5,1.57,14.25,0,0,0,0,1
I01_04_01.png,I01,Color diffusion,1,4.73,93.25,0,0,0,0,0
I01_04_02.png,I01,Color diffusion,2,2.17,29.25,0,0,0,0,0
I01_04_03.png,I01,Color diffusion,3,1.37,9.25,0,0,0,0,0
I01_04_04.png,I01,Color diffusion,4,1.5,12.5,0,0,0,0,0
I01_04_05.png,I01,Color diffusion,5,1.47,11.75,0,0,0,0,1
I01_06_01.png,I01,Color quantization,1,4.23,80.75,0,0,0,0,0
I01_06_02.png,I01,Color quantization,2,4.4,85.0,0,0,0,0,0
I01_06_03.png,I01,Color quantization,3,3.9,72.5,0,0,0,0,1
I01_06_04.png,I01,Color quantization,4,2.9,47.5,0,0,0,0,1
I01_06_05.png,I01,Color quantization,5,2.27,31.75,0,0,0,0,1
I01_07_01.png,I01,Color saturation 1,1,2.73,43.25,0,0,0,0,0
I01_07_02.png,I01,Color saturation 1,2,2.5,37.5,0,0,0,0,0
I01_07_03.png,I01,Color saturation 1,3,2.27,31.75,0,0,0,0,0
I01_07_04.png,I01,Color saturation 1,4,2.47,36.75,0,0,0,0,0
I01_07_05.png,I01,Color saturation 1,5,2.2,30.0,0,0,0,0,1
I01_08_01.png,I01,Color saturation 2,1,4.7,92.5,0,0,0,0,0
I01_08_02.png,I01,Color saturation 2,2,3.77,69.25,0,0,0,0,0
I01_08_03.png,I01,Color saturation 2,3,2.73,43.25,0,0,0,0,0
I01_08_04.png,I01,Color saturation 2,4,1.97,24.25,0,0,0,0,0
I01_08_05.png,I01,Color saturation 2,5,1.67,16.75,0,0,0,0,1
I01_05_01.png,I01,Color shift,1,4.0,75.0,0,0,0,0,0
I01_05_02.png,I01,Color shift,2,2.2,30.0,0,0,0,0,0
I01_05_03.png,I01,Color shift,3,1.57,14.25,0,0,0,0,0
I01_05_04.png,I01,Color shift,4,1.33,8.25,0,0,0,0,0
I01_05_05.png,I01,Color shift,5,1.6,15.0,0,0,0,0,1
I01_25_01.png,I01,Contrast change,1,3.43,60.75,0,0,0,0,0
I01_25_02.png,I01,Contrast change,2,3.87,71.75,0,0,0,0,0
I01_25_03.png,I01,Contrast change,3,4.26,81.5,0,0,0,0,0
I01_25_04.png,I01,Contrast change,4,4.17,79.25,0,0,0,0,0
I01_25_05.png,I01,Contrast change,5,3.27,56.75,0,0,0,0,1
I01_17_01.png,I01,Darken,1,4.5,87.5,0,0,0,0,0
I01_17_02.png,I01,Darken,2,4.57,89.25,0,0,0,0,0
I01_17_03.png,I01,Darken,3,4.33,83.25,0,1,0,0,0
I01_17_04.png,I01,Darken,4,3.4,60.0,0,1,0,0,0
I01_17_05.png,I01,Darken,5,2.13,28.25,0,1,0,0,1
I01_15_01.png,I01,Denoise,1,3.57,64.25,0,0,0,0,0
I01_15_02.png,I01,Denoise,2,2.63,40.75,0,0,0,0,0
I01_15_03.png,I01,Denoise,3,1.77,19.25,0,0,0,1,0
I01_15_04.png,I01,Denoise,4,1.4,10.0,0,0,0,1,0
I01_15_05.png,I01,Denoise,5,1.33,8.25,0,0,0,1,1
I01_01_01.png,I01,Gaussian blur,1,4.57,89.25,0,0,0,0,0
I01_01_02.png,I01,Gaussian blur,2,4.33,83.25,0,0,0,0,0
I01_01_03.png,I01,Gaussian blur,3,2.67,41.75,1,0,0,0,0
I01_01_04.png,I01,Gaussian blur,4,1.67,16.75,1,0,0,0,0
I01_01_05.png,I01,Gaussian blur,5,1.1,2.5,1,0,0,0,1
I01_24_01.png,I01,High sharpen,1,3.57,64.25,0,0,0,0,0
I01_24_02.png,I01,High sharpen,2,2.5,37.5,0,0,0,0,0
I01_24_03.png,I01,High sharpen,3,1.87,21.75,0,0,0,0,0
I01_24_04.png,I01,High sharpen,4,1.6,15.0,0,0,0,0,0
I01_24_05.png,I01,High sharpen,5,1.4,10.0,0,0,0,0,1
I01_13_01.png,I01,Impulse noise,1,3.67,66.75,0,0,0,0,0
I01_13_02.png,I01,Impulse noise,2,2.87,46.75,0,0,0,0,0
I01_13_03.png,I01,Impulse noise,3,2.6,40.0,0,0,0,1,0
I01_13_04.png,I01,Impulse noise,4,2.07,26.75,0,0,0,1,0
I01_13_05.png,I01,Impulse noise,5,2.03,25.75,0,0,0,1,1
I01_10_01.png,I01,JPEG,1,4.37,84.25,0,0,0,0,0
I01_10_02.png,I01,JPEG,2,3.93,73.25,0,0,0,0,0
I01_10_03.png,I01,JPEG,3,3.77,69.25,0,0,0,0,1
I01_10_04.png,I01,JPEG,4,1.58,14.5,0,0,0,0,1
I01_10_05.png,I01,JPEG,5,1.17,4.25,0,0,0,0,1
I01_09_01.png,I01,JPEG2000,1,4.6,90.0,0,0,0,0,0
I01_09_02.png,I01,JPEG2000,2,4.67,91.75,0,0,0,0,0
I01_09_03.png,I01,JPEG2000,3,4.4,85.0,0,0,0,0,1
I01_09_04.png,I01,JPEG2000,4,2.9,47.5,0,0,0,0,1
I01_09_05.png,I01,JPEG2000,5,1.37,9.25,0,0,0,0,1
I01_19_01.png,I01,Jitter,1,4.53,88.25,0,0,0,0,0
I01_19_02.png,I01,Jitter,2,3.93,73.25,0,0,0,0,0
I01_19_03.png,I01,Jitter,3,2.77,44.25,0,0,0,0,0
I01_19_04.png,I01,Jitter,4,1.53,13.25,0,0,0,0,0
I01_19_05.png,I01,Jitter,5,1.37,9.25,0,0,0,0,1
I01_02_01.png,I01,Lens blur,1,3.83,70.75,0,0,0,0,0
I01_02_02.png,I01,Lens blur,2,2.27,31.75,0,0,0,0,0
I01_02_03.png,I01,Lens blur,3,1.53,13.25,1,0,0,0,0
I01_02_04.png,I01,Lens blur,4,1.23,5.75,1,0,0,0,0
I01_02_05.png,I01,Lens blur,5,1.2,5.0,1,0,0,0,1
I01_18_01.png,I01,Mean shift,1,4.5,87.5,0,0,0,0,0
I01_18_02.png,I01,Mean shift,2,4.57,89.25,0,0,0,0,0
I01_18_03.png,I01,Mean shift,3,4.57,89.25,0,0,0,0,0
I01_18_04.png,I01,Mean shift,4,4.37,84.25,0,0,0,0,0
I01_18_05.png,I01,Mean shift,5,3.97,74.25,0,0,0,0,1
I01_03_01.png,I01,Motion blur,1,4.73,93.25,0,0,0,0,0
I01_03_02.png,I01,Motion blur,2,3.97,74.25,0,0,0,0,0
I01_03_03.png,I01,Motion blur,3,2.7,42.5,1,0,0,0,0
I01_03_04.png,I01,Motion blur,4,2.03,25.75,1,0,0,0,0
I01_03_05.png,I01,Motion blur,5,1.5,12.5,1,0,0,0,1
I01_14_01.png,I01,Multiplicative noise,1,4.57,89.25,0,0,0,0,0
I01_14_02.png,I01,Multiplicative noise,2,3.57,64.25,0,0,0,0,0
I01_14_03.png,I01,Multiplicative noise,3,3.13,53.25,0,0,0,1,0
I01_14_04.png,I01,Multiplicative noise,4,2.5,37.5,0,0,0,1,0
I01_14_05.png,I01,Multiplicative noise,5,2.27,31.75,0,0,0,1,1
I01_20_01.png,I01,Non-eccentricity patch,1,4.53,88.25,0,0,0,0,0
I01_20_02.png,I01,Non-eccentricity patch,2,3.9,72.5,0,0,0,0,0
I01_20_03.png,I01,Non-eccentricity patch,3,4.0,75.0,0,0,0,0,0
I01_20_04.png,I01,Non-eccentricity patch,4,3.33,58.25,0,0,0,0,0
I01_20_05.png,I01,Non-eccentricity patch,5,3.23,55.75,0,0,0,0,1
I01_21_01.png,I01,Pixelate,1,3.37,59.25,0,0,0,0,0
I01_21_02.png,I01,Pixelate,2,2.57,39.25,0,0,0,0,0
I01_21_03.png,I01,Pixelate,3,2.03,25.75,0,0,0,0,0
I01_21_04.png,I01,Pixelate,4,2.13,28.25,0,0,0,0,0
I01_21_05.png,I01,Pixelate,5,1.43,10.75,0,0,0,0,1
I01_22_01.png,I01,Quantization,1,4.63,90.75,0,0,0,0,0
I01_22_02.png,I01,Quantization,2,4.0,75.0,0,0,0,0,0
I01_22_03.png,I01,Quantization,3,4.0,75.0,0,0,0,0,0
I01_22_04.png,I01,Quantization,4,3.2,55.0,0,0,0,0,0
I01_22_05.png,I01,Quantization,5,2.2,30.0,0,0,0,0,1
I01_11_01.png,I01,White noise,1,4.03,75.75,0,0,0,0,0
I01_11_02.png,I01,White noise,2,3.27,56.75,0,0,0,0,0
I01_11_03.png,I01,White noise,3,2.67,41.75,0,0,0,1,0
I01_11_04.png,I01,White noise,4,2.27,31.75,0,0,0,1,0
I01_11_05.png,I01,White noise,5,2.37,34.25,0,0,0,1,1
I01_12_01.png,I01,White noise in color component,1,4.43,85.75,0,0,0,0,0
I01_12_02.png,I01,White noise in color component,2,3.7,67.5,0,0,0,0,0
I01_12_03.png,I01,White noise in color component,3,2.77,44.25,0,0,0,1,0
I01_12_04.png,I01,White noise in color component,4,2.37,34.25,0,0,0,1,0
I01_12_05.png,I01,White noise in color component,5,1.97,24.25,0,0,0,1,1
I01.png,I01,none,0,,100.0,0,0,0,0,0
I02_16_01.png,I02,Brighten,1,4.4,85.0,0,0,0,0,0
I02_16_02.png,I02,Brighten,2,4.4,85.0,0,0,0,0,0
I02_16_03.png,I02,Brighten,3,3.77,69.25,0,0,1,0,0
I02_16_04.png,I02,Brighten,4,2.9,47.5,0,0,1,0,0
I02_16_05.png,I02,Brighten,5,1.83,20.75,0,0,1,0,1
I02_23_01.png,I02,Color block,1,2.1,27.5,0,0,0,0,0
I02_23_02.png,I02,Color block,2,2.7,42.5,0,0,0,0,0
I02_23_03.png,I02,Color block,3,2.27,31.75,0,0,0,0,1
I02_23_04.png,I02,Color block,4,2.2,30.0,0,0,0,0,1
I02_23_05.png,I02,Color block,5,2.07,26.75,0,0,0,0,1
I02_04_01.png,I02,Color diffusion,1,4.3,82.5,0,0,0,0,0
I02_04_02.png,I02,Color diffusion,2,2.67,41.75,0,0,0,0,0
I02_04_03.png,I02,Color diffusion,3,1.87,21.75,0,0,0,0,0
I02_04_04.png,I02,Color diffusion,4,1.77,19.25,0,0,0,0,0
I02_04_05.png,I02,Color diffusion,5,1.53,13.25,0,0,0,0,1
I02_06_01.png,I02,Color quantization,1,4.2,80.0,0,0,0,0,0
I02_06_02.png,I02,Color quantization,2,4.07,76.75,0,0,0,0,0
I02_06_03.png,I02,Color quantization,3,3.97,74.25,0,0,0,0,1
I02_06_04.png,I02,Color quantization,4,3.7,67.5,0,0,0,0,1
I02_06_05.png,I02,Color quantization,5,2.63,40.75,0,0,0,0,1
I02_07_01.png,I02,Color saturation 1,1,2.47,36.75,0,0,0,0,0
I02_07_02.png,I02,Color saturation 1,2,2.37,34.25,0,0,0,0,0
I02_07_03.png,I02,Color saturation 1,3,2.06,26.5,0,0,0,0,0
I02_07_04.png,I02,Color saturation 1,4,1.97,24.25,0,0,0,0,0
I02_07_05.png,I02,Color saturation 1,5,1.53,13.25,0,0,0,0,1
I02_08_01.png,I02,Color saturation 2,1,4.4,85.0,0,0,0,0,0
I02_08_02.png,I02,Color saturation 2,2,3.4,60.0,0,0,0,0,0
I02_08_03.png,I02,Color saturation 2,3,3.06,51.5,0,0,0,0,0
I02_08_04.png,I02,Color saturation 2,4,1.97,24.25,0,0,0,0,0
I02_08_05.png,I02,Color saturation 2,5,1.37,9.25,0,0,0,0,1
I02_05_01.png,I02,Color shift,1,3.77,69.25,0,0,0,0,0
I02_05_02.png,I02,Color shift,2,1.8,20.0,0,0,0,0,0
I02_05_03.png,I02,Color shift,3,1.33,8.25,0,0,0,0,0
I02_05_04.png,I02,Color shift,4,1.37,9.25,0,0,0,0,0
I02_05_05.png,I02,Color shift,5,1.47,11.75,0,0,0,0,1
I02_25_01.png,I02,Contrast change,1,3.37,59.25,0,0,0,0,0
I02_25_02.png,I02,Contrast change,2,3.7,67.5,0,0,0,0,0
I02_25_03.png,I02,Contrast change,3,4.27,81.75,0,0,0,0,0
I02_25_04.png,I02,Contrast change,4,4.1,77.5,0,0,0,0,0
I02_25_05.png,I02,Contrast change,5,3.33,58.25,0,0,0,0,1
I02_17_01.png,I02,Darken,1,4.5,87.5,0,0,0,0,0
I02_17_02.png,I02,Darken,2,4.63,90.75,0,0,0,0,0
I02_17_03.png,I02,Darken,3,4.33,83.25,0,1,0,0,0
I02_17_04.png,I02,Darken,4,3.63,65.75,0,1,0,0,0
I02_17_05.png,I02,Darken,5,1.9,22.5,0,1,0,0,1
I02_15_01.png,I02,Denoise,1,3.57,64.25,0,0,0,0,0
I02_15_02.png,I02,Denoise,2,2.77,44.25,0,0,0,0,0
I02_15_03.png,I02,Denoise,3,2.03,25.75,0,0,0,1,0
I02_15_04.png,I02,Denoise,4,1.5,12.5,0,0,0,1,0
I02_15_05.png,I02,Denoise,5,1.5,12.5,0,0,0,1,1
I02_01_01.png,I02,Gaussian blur,1,4.5,87.5,0,0,0,0,0
I02_01_02.png,I02,Gaussian blur,2,4.17,79.25,0,0,0,0,0
I02_01_03.png,I02,Gaussian blur,3,2.07,26.75,1,0,0,0,0
I02_01_04.png,I02,Gaussian blur,4,1.57,14.25,1,0,0,0,0
I02_01_05.png,I02,Gaussian blur,5,1.27,6.75,1,0,0,0,1
I02_24_01.png,I02,High sharpen,1,3.07,51.75,0,0,0,0,0
I02_24_02.png,I02,High sharpen,2,1.93,23.25,0,0,0,0,0
I02_24_03.png,I02,High sharpen,3,1.47,11.75,0,0,0,0,0
I02_24_04.png,I02,High sharpen,4,1.23,5.75,0,0,0,0,0
I02_24_05.png,I02,High sharpen,5,1.2,5.0,0,0,0,0,1
I02_13_01.png,I02,Impulse noise,1,4.2,80.0,0,0,0,0,0
I02_13_02.png,I02,Impulse noise,2,3.33,58.25,0,0,0,0,0
I02_13_03.png,I02,Impulse noise,3,2.73,43.25,0,0,0,1,0
I02_13_04.png,I02,Impulse noise,4,2.53,38.25,0,0,0,1,0
I02_13_05.png,I02,Impulse noise,5,1.97,24.25,0,0,0,1,1
I02_10_01.png,I02,JPEG,1,4.6,90.0,0,0,0,0,0
I02_10_02.png,I02,JPEG,2,4.33,83.25,0,0,0,0,0
I02_10_03.png,I02,JPEG,3,4.13,78.25,0,0,0,0,1
I02_10_04.png,I02,JPEG,4,2.6,40.0,0,0,0,0,1
I02_10_05.png,I02,JPEG,5,1.6,15.0,0,0,0,0,1
I02_09_01.png,I02,JPEG2000,1,4.57,89.25,0,0,0,0,0
I02_09_02.png,I02,JPEG2000,2,3.73,68.25,0,0,0,0,0
I02_09_03.png,I02,JPEG2000,3,3.07,51.75,0,0,0,0,1
I02_09_04.png,I02,JPEG2000,4,1.53,13.25,0,0,0,0,1
I02_09_05.png,I02,JPEG2000,5,1.27,6.75,0,0,0,0,1
I02_19_01.png,I02,Jitter,1,4.17,79.25,0,0,0,0,0
I02_19_02.png,I02,Jitter,2,4.0,75.0,0,0,0,0,0
I02_19_03.png,I02,Jitter,3,3.23,55.75,0,0,0,0,0
I02_19_04.png,I02,Jitter,4,1.57,14.25,0,0,0,0,0
I02_19_05.png,I02,Jitter,5,1.3,7.5,0,0,0,0,1
I02_02_01.png,I02,Lens blur,1,3.2,55.0,0,0,0,0,0
I02_02_02.png,I02,Lens blur,2,2.27,31.75,0,0,0,0,0
I02_02_03.png,I02,Lens blur,3,1.57,14.25,1,0,0,0,0
I02_02_04.png,I02,Lens blur,4,1.17,4.25,1,0,0,0,0
I02_02_05.png,I02,Lens blur,5,1.0,0.0,1,0,0,0,1
I02_18_01.png,I02,Mean shift,1,4.13,78.25,0,0,0,0,0
I02_18_02.png,I02,Mean shift,2,4.63,90.75,0,0,0,0,0
I02_18_03.png,I02,Mean shift,3,4.73,93.25,0,0,0,0,0
I02_18_04.png,I02,Mean shift,4,4.33,83.25,0,0,0,0,0
I02_18_05.png,I02,Mean shift,5,4.03,75.75,0,0,0,0,1
I02_03_01.png,I02,Motion blur,1,4.6,90.0,0,0,0,0,0
I02_03_02.png,I02,Motion blur,2,3.77,69.25,0,0,0,0,0
I02_03_03.png,I02,Motion blur,3,2.33,33.25,1,0,0,0,0
I02_03_04.png,I02,Motion blur,4,1.8,20.0,1,0,0,0,0
I02_03_05.png,I02,Motion blur,5,1.2,5.0,1,0,0,0,1
I02_14_01.png,I02,Multiplicative noise,1,4.33,83.25,0,0,0,0,0
I02_14_02.png,I02,Multiplicative noise,2,3.37,59.25,0,0,0,0,0
I02_14_03.png,I02,Multiplicative noise,3,2.7,42.5,0,0,0,1,0
I02_14_04.png,I02,Multiplicative noise,4,2.33,33.25,0,0,0,1,0
I02_14_05.png,I02,Multiplicative noise,5,2.0,25.0,0,0,0,1,1
I02_20_01.png,I02,Non-eccentricity patch,1,4.5,87.5,0,0,0,0,0
I02_20_02.png,I02,Non-eccentricity patch,2,4.47,86.75,0,0,0,0,0
I02_20_03.png,I02,Non-eccentricity patch,3,4.4,85.0,0,0,0,0,0
I02_20_04.png,I02,Non-eccentricity patch,4,3.83,70.75,0,0,0,0,0
I02_20_05.png,I02,Non-eccentricity patch,5,4.4,85.0,0,0,0,0,1
I02_21_01.png,I02,Pixelate,1,4.2,80.0,0,0,0,0,0
I02_21_02.png,I02,Pixelate,2,3.23,55.75,0,0,0,0,0
I02_21_03.png,I02,Pixelate,3,3.13,53.25,0,0,0,0,0
I02_21_04.png,I02,Pixelate,4,2.67,41.75,0,0,0,0,0
I02_21_05.png,I02,Pixelate,5,1.37,9.25,0,0,0,0,1
I02_22_01.png,I02,Quantization,1,4.73,93.25,0,0,0,0,0
I02_22_02.png,I02,Quantization,2,4.26,81.5,0,0,0,0,0
I02_22_03.png,I02,Quantization,3,4.4,85.0,0,0,0,0,0
I02_22_04.png,I02,Quantization,4,3.93,73.25,0,0,0,0,0
I02_22_05.png,I02,Quantization,5,3.2,55.0,0,0,0,0,1
I02_11_01.png,I02,White noise,1,4.27,81.75,0,0,0,0,0
I02_11_02.png,I02,White noise,2,3.7,67.5,0,0,0,0,0
I02_11_03.png,I02,White noise,3,3.4,60.0,0,0,0,1,0
I02_11_04.png,I02,White noise,4,2.73,43.25,0,0,0,1,0
I02_11_05.png,I02,White noise,5,2.3,32.5,0,0,0,1,1
I02_12_01.png,I02,White noise in color component,1,4.63,90.75,0,0,0,0,0
I02_12_02.png,I02,White noise in color component,2,4.06,76.5,0,0,0,0,0
I02_12_03.png,I02,White noise in color component,3,3.67,66.75,0,0,0,1,0
I02_12_04.png,I02,White noise in color component,4,2.6,40.0,0,0,0,1,0
I02_12_05.png,I02,White noise in color component,5,2.37,34.25,0,0,0,1,1
I02.png,I02,none,0,,100.0,0,0,0,0,0
I03_16_01.png,I03,Brighten,1,4.37,84.25,0,0,0,0,0
I03_16_02.png,I03,Brighten,2,4.27,81.75,0,0,0,0,0
I03_16_03.png,I03,Brighten,3,2.87,46.75,0,0,1,0,0
I03_16_04.png,I03,Brighten,4,2.3,32.5,0,0,1,0,0
I03_16_05.png,I03,Brighten,5,1.4,10.0,0,0,1,0,1
I03_23_01.png,I03,Color block,1,3.2,55.0,0,0,0,0,0
I03_23_02.png,I03,Color block,2,2.3,32.5,0,0,0,0,0
I03_23_03.png,I03,Color block,3,2.47,36.75,0,0,0,0,1
I03_23_04.png,I03,Color block,4,2.1,27.5,0,0,0,0,1
I03_23_05.png,I03,Color block,5,2.2,30.0,0,0,0,0,1
I03_04_01.png,I03,Color diffusion,1,4.6,90.0,0,0,0,0,0
I03_04_02.png,I03,Color diffusion,2,2.9,47.5,0,0,0,0,0
I03_04_03.png,I03,Color diffusion,3,1.53,13.25,0,0,0,0,0
I03_04_04.png,I03,Color diffusion,4,1.2,5.0,0,0,0,0,0
I03_04_05.png,I03,Color diffusion,5,1.1,2.5,0,0,0,0,1
I03_06_01.png,I03,Color quantization,1,4.0,75.0,0,0,0,0,0
I03_06_02.png,I03,Color quantization,2,3.8,70.0,0,0,0,0,0
I03_06_03.png,I03,Color quantization,3,3.33,58.25,0,0,0,0,1
I03_06_04.png,I03,Color quantization,4,2.83,45.75,0,0,0,0,1
I03_06_05.png,I03,Color quantization,5,1.77,19.25,0,0,0,0,1
I03_07_01.png,I03,Color saturation 1,1,2.37,34.25,0,0,0,0,0
I03_07_02.png,I03,Color saturation 1,2,1.67,16.75,0,0,0,0,0
I03_07_03.png,I03,Color saturation 1,3,1.43,10.75,0,0,0,0,0
I03_07_04.png,I03,Color saturation 1,4,1.53,13.25,0,0,0,0,0
I03_07_05.png,I03,Color saturation 1,5,1.47,11.75,0,0,0,0,1
I03_08_01.png,I03,Color saturation 2,1,4.53,88.25,0,0,0,0,0
I03_08_02.png,I03,Color saturation 2,2,3.13,53.25,0,0,0,0,0
I03_08_03.png,I03,Color saturation 2,3,2.47,36.75,0,0,0,0,0
I03_08_04.png,I03,Color saturation 2,4,1.37,9.25,0,0,0,0,0
I03_08_05.png,I03,Color saturation 2,5,1.23,5.75,0,0,0,0,1
I03_05_01.png,I03,Color shift,1,4.78,94.5,0,0,0,0,0
I03_05_02.png,I03,Color shift,2,2.65,41.25,0,0,0,0,0
I03_05_03.png,I03,Color shift,3,2.0,25.0,0,0,0,0,0
I03_05_04.png,I03,Color shift,4,1.87,21.75,0,0,0,0,0
I03_05_05.png,I03,Color shift,5,2.23,30.75,0,0,0,0,1
I03_25_01.png,I03,Contrast change,1,3.67,66.75,0,0,0,0,0
I03_25_02.png,I03,Contrast change,2,3.84,71.0,0,0,0,0,0
I03_25_03.png,I03,Contrast change,3,4.63,90.75,0,0,0,0,0
I03_25_04.png,I03,Contrast change,4,4.4,85.0,0,0,0,0,0
I03_25_05.png,I03,Contrast change,5,3.67,66.75,0,0,0,0,1
I03_17_01.png,I03,Darken,1,4.5,87.5,0,0,0,0,0
I03_17_02.png,I03,Darken,2,4.63,90.75,0,0,0,0,0
I03_17_03.png,I03,Darken,3,4.4,85.0,0,1,0,0,0
I03_17_04.png,I03,Darken,4,3.67,66.75,0,1,0,0,0
I03_17_05.png,I03,Darken,5,2.77,44.25,0,1,0,0,1
I03_15_01.png,I03,Denoise,1,4.13,78.25,0,0,0,0,0
I03_15_02.png,I03,Denoise,2,3.3,57.5,0,0,0,0,0
I03_15_03.png,I03,Denoise,3,2.53,38.25,0,0,0,1,0
I03_15_04.png,I03,Denoise,4,1.9,22.5,0,0,0,1,0
I03_15_05.png,I03,Denoise,5,1.43,10.75,0,0,0,1,1
I03_01_01.png,I03,Gaussian blur,1,4.7,92.5,0,0,0,0,0
I03_01_02.png,I03,Gaussian blur,2,4.63,90.75,0,0,0,0,0
I03_01_03.png,I03,Gaussian blur,3,3.0,50.0,1,0,0,0,0
I03_01_04.png,I03,Gaussian blur,4,1.83,20.75,1,0,0,0,0
I03_01_05.png,I03,Gaussian blur,5,1.17,4.25,1,0,0,0,1
I03_24_01.png,I03,High sharpen,1,3.67,66.75,0,0,0,0,0
I03_24_02.png,I03,High sharpen,2,2.47,36.75,0,0,0,0,0
I03_24_03.png,I03,High sharpen,3,1.9,22.5,0,0,0,0,0
I03_24_04.png,I03,High sharpen,4,1.4,10.0,0,0,0,0,0
I03_24_05.png,I03,High sharpen,5,1.13,3.25,0,0,0,0,1
I03_13_01.png,I03,Impulse noise,1,4.4,85.0,0,0,0,0,0
I03_13_02.png,I03,Impulse noise,2,3.57,64.25,0,0,0,0,0
I03_13_03.png,I03,Impulse noise,3,2.83,45.75,0,0,0,1,0
I03_13_04.png,I03,Impulse noise,4,2.3,32.5,0,0,0,1,0
I03_13_05.png,I03,Impulse noise,5,2.4,35.0,0,0,0,1,1
I03_10_01.png,I03,JPEG,1,4.47,86.75,0,0,0,0,0
I03_10_02.png,I03,JPEG,2,4.17,79.25,0,0,0,0,0
I03_10_03.png,I03,JPEG,3,3.7,67.5,0,0,0,0,1
I03_10_04.png,I03,JPEG,4,2.23,30.75,0,0,0,0,1
I03_10_05.png,I03,JPEG,5,1.53,13.25,0,0,0,0,1
I03_09_01.png,I03,JPEG2000,1,4.4,85.0,0,0,0,0,0
I03_09_02.png,I03,JPEG2000,2,3.6,65.0,0,0,0,0,0
I03_09_03.png,I03,JPEG2000,3,3.1,52.5,0,0,0,0,1
I03_09_04.png,I03,JPEG2000,4,1.77,19.25,0,0,0,0,1
I03_09_05.png,I03,JPEG2000,5,1.1,2.5,0,0,0,0,1
I03_19_01.png,I03,Jitter,1,4.17,79.25,0,0,0,0,0
I03_19_02.png,I03,Jitter,2,3.33,58.25,0,0,0,0,0
I03_19_03.png,I03,Jitter,3,3.17,54.25,0,0,0,0,0
I03_19_04.png,I03,Jitter,4,1.77,19.25,0,0,0,0,0
I03_19_05.png,I03,Jitter,5,1.37,9.25,0,0,0,0,1
I03_02_01.png,I03,Lens blur,1,4.03,75.75,0,0,0,0,0
I03_02_02.png,I03,Lens blur,2,2.7,42.5,0,0,0,0,0
I03_02_03.png,I03,Lens blur,3,1.7,17.5,1,0,0,0,0
I03_02_04.png,I03,Lens blur,4,1.47,11.75,1,0,0,0,0
I03_02_05.png,I03,Lens blur,5,1.23,5.75,1,0,0,0,1
I03_18_01.png,I03,Mean shift,1,4.23,80.75,0,0,0,0,0
I03_18_02.png,I03,Mean shift,2,4.73,93.25,0,0,0,0,0
I03_18_03.png,I03,Mean shift,3,4.5,87.5,0,0,0,0,0
I03_18_04.png,I03,Mean shift,4,4.47,86.75,0,0,0,0,0
I03_18_05.png,I03,Mean shift,5,4.2,80.0,0,0,0,0,1
I03_03_01.png,I03,Motion blur,1,4.6,90.0,0,0,0,0,0
I03_03_02.png,I03,Motion blur,2,4.37,84.25,0,0,0,0,0
I03_03_03.png,I03,Motion blur,3,2.93,48.25,1,0,0,0,0
I03_03_04.png,I03,Motion blur,4,2.23,30.75,1,0,0,0,0
I03_03_05.png,I03,Motion blur,5,1.63,15.75,1,0,0,0,1
I03_14_01.png,I03,Multiplicative noise,1,4.4,85.0,0,0,0,0,0
I03_14_02.png,I03,Multiplicative noise,2,3.5,62.5,0,0,0,0,0
I03_14_03.png,I03,Multiplicative noise,3,3.03,50.75,0,0,0,1,0
I03_14_04.png,I03,Multiplicative noise,4,2.53,38.25,0,0,0,1,0
I03_14_05.png,I03,Multiplicative noise,5,2.17,29.25,0,0,0,1,1
I03_20_01.png,I03,Non-eccentricity patch,1,4.37,84.25,0,0,0,0,0
I03_20_02.png,I03,Non-eccentricity patch,2,4.67,91.75,0,0,0,0,0
I03_20_03.png,I03,Non-eccentricity patch,3,4.23,80.75,0,0,0,0,0
I03_20_04.png,I03,Non-eccentricity patch,4,4.17,79.25,0,0,0,0,0
I03_20_05.png,I03,Non-eccentricity patch,5,3.63,65.75,0,0,0,0,1
I03_21_01.png,I03,Pixelate,1,3.97,74.25,0,0,0,0,0
I03_21_02.png,I03,Pixelate,2,2.8,45.0,0,0,0,0,0
I03_21_03.png,I03,Pixelate,3,2.73,43.25,0,0,0,0,0
I03_21_04.png,I03,Pixelate,4,2.87,46.75,0,0,0,0,0
I03_21_05.png,I03,Pixelate,5,1.39,9.75,0,0,0,0,1
I03_22_01.png,I03,Quantization,1,4.4,85.0,0,0,0,0,0
I03_22_02.png,I03,Quantization,2,4.6,90.0,0,0,0,0,0
I03_22_03.png,I03,Quantization,3,4.23,80.75,0,0,0,0,0
I03_22_04.png,I03,Quantization,4,4.07,76.75,0,0,0,0,0
I03_22_05.png,I03,Quantization,5,4.0,75.0,0,0,0,0,1
I03_11_01.png,I03,White noise,1,3.97,74.25,0,0,0,0,0
I03_11_02.png,I03,White noise,2,3.6,65.0,0,0,0,0,0
I03_11_03.png,I03,White noise,3,3.27,56.75,0,0,0,1,0
I03_11_04.png,I03,White noise,4,2.93,48.25,0,0,0,1,0
I03_11_05.png,I03,White noise,5,2.5,37.5,0,0,0,1,1
I03_12_01.png,I03,White noise in color component,1,4.57,89.25,0,0,0,0,0
I03_12_02.png,I03,White noise in color component,2,3.87,71.75,0,0,0,0,0
I03_12_03.png,I03,White noise in color component,3,3.17,54.25,0,0,0,1,0
I03_12_04.png,I03,White noise in color component,4,2.9,47.5,0,0,0,1,0
I03_12_05.png,I03,White noise in color component,5,2.6,40.0,0,0,0,1,1
I03.png,I03,none,0,,100.0,0,0,0,0,0
I04_16_01.png,I04,Brighten,1,4.57,89.25,0,0,0,0,0
I04_16_02.png,I04,Brighten,2,4.47,86.75,0,0,0,0,0
I04_16_03.png,I04,Brighten,3,3.83,70.75,0,0,1,0,0
I04_16_04.png,I04,Brighten,4,2.73,43.25,0,0,1,0,0
I04_16_05.png,I04,Brighten,5,2.03,25.75,0,0,1,0,1
I04_23_01.png,I04,Color block,1,2.27,31.75,0,0,0,0,0
I04_23_02.png,I04,Color block,2,2.37,34.25,0,0,0,0,0
I04_23_03.png,I04,Color block,3,1.87,21.75,0,0,0,0,1
I04_23_04.png,I04,Color block,4,2.23,30.75,0,0,0,0,1
I04_23_05.png,I04,Color block,5,2.2,30.0,0,0,0,0,1
I04_04_01.png,I04,Color diffusion,1,4.33,83.25,0,0,0,0,0
I04_04_02.png,I04,Color diffusion,2,3.07,51.75,0,0,0,0,0
I04_04_03.png,I04,Color diffusion,3,2.37,34.25,0,0,0,0,0
I04_04_04.png,I04,Color diffusion,4,1.97,24.25,0,0,0,0,0
I04_04_05.png,I04,Color diffusion,5,1.67,16.75,0,0,0,0,1
I04_06_01.png,I04,Color quantization,1,4.37,84.25,0,0,0,0,0
I04_06_02.png,I04,Color quantization,2,4.43,85.75,0,0,0,0,0
I04_06_03.png,I04,Color quantization,3,3.83,70.75,0,0,0,0,1
I04_06_04.png,I04,Color quantization,4,3.47,61.75,0,0,0,0,1
I04_06_05.png,I04,Color quantization,5,2.73,43.25,0,0,0,0,1
I04_07_01.png,I04,Color saturation 1,1,2.7,42.5,0,0,0,0,0
I04_07_02.png,I04,Color saturation 1,2,2.63,40.75,0,0,0,0,0
I04_07_03.png,I04,Color saturation 1,3,2.7,42.5,0,0,0,0,0
I04_07_04.png,I04,Color saturation 1,4,2.57,39.25,0,0,0,0,0
I04_07_05.png,I04,Color saturation 1,5,2.16,29.0,0,0,0,0,1
I04_08_01.png,I04,Color saturation 2,1,4.7,92.5,0,0,0,0,0
I04_08_02.png,I04,Color saturation 2,2,3.43,60.75,0,0,0,0,0
I04_08_03.png,I04,Color saturation 2,3,3.13,53.25,0,0,0,0,0
I04_08_04.png,I04,Color saturation 2,4,2.33,33.25,0,0,0,0,0
I04_08_05.png,I04,Color saturation 2,5,1.83,20.75,0,0,0,0,1
I04_05_01.png,I04,Color shift,1,3.7,67.5,0,0,0,0,0
I04_05_02.png,I04,Color shift,2,1.83,20.75,0,0,0,0,0
I04_05_03.png,I04,Color shift,3,1.93,23.25,0,0,0,0,0
I04_05_04.png,I04,Color shift,4,1.43,10.75,0,0,0,0,0
I04_05_05.png,I04,Color shift,5,1.47,11.75,0,0,0,0,1
I04_25_01.png,I04,Contrast change,1,3.61,65.25,0,0,0,0,0
I04_25_02.png,I04,Contrast change,2,3.73,68.25,0,0,0,0,0
I04_25_03.png,I04,Contrast change,3,3.9,72.5,0,0,0,0,0
I04_25_04.png,I04,Contrast change,4,4.23,80.75,0,0,0,0,0
I04_25_05.png,I04,Contrast change,5,3.43,60.75,0,0,0,0,1
I04_17_01.png,I04,Darken,1,4.53,88.25,0,0,0,0,0
I04_17_02.png,I04,Darken,2,4.6,90.0,0,0,0,0,0
I04_17_03.png,I04,Darken,3,3.97,74.25,0,1,0,0,0
I04_17_04.png,I04,Darken,4,3.4,60.0,0,1,0,0,0
I04_17_05.png,I04,Darken,5,1.97,24.25,0,1,0,0,1
I04_15_01.png,I04,Denoise,1,3.8,70.0,0,0,0,0,0
I04_15_02.png,I04,Denoise,2,2.7,42.5,0,0,0,0,0
I04_15_03.png,I04,Denoise,3,2.23,30.75,0,0,0,1,0
I04_15_04.png,I04,Denoise,4,1.67,16.75,0,0,0,1,0
I04_15_05.png,I04,Denoise,5,1.27,6.75,0,0,0,1,1
I04_01_01.png,I04,Gaussian blur,1,4.77,94.25,0,0,0,0,0
I04_01_02.png,I04,Gaussian blur,2,4.3,82.5,0,0,0,0,0
I04_01_03.png,I04,Gaussian blur,3,2.5,37.5,1,0,0,0,0
I04_01_04.png,I04,Gaussian blur,4,1.57,14.25,1,0,0,0,0
I04_01_05.png,I04,Gaussian blur,5,1.2,5.0,1,0,0,0,1
I04_24_01.png,I04,High sharpen,1,3.77,69.25,0,0,0,0,0
I04_24_02.png,I04,High sharpen,2,2.6,40.0,0,0,0,0,0
I04_24_03.png,I04,High sharpen,3,2.0,25.0,0,0,0,0,0
I04_24_04.png,I04,High sharpen,4,1.67,16.75,0,0,0,0,0
I04_24_05.png,I04,High sharpen,5,1.5,12.5,0,0,0,0,1
I04_13_01.png,I04,Impulse noise,1,3.43,60.75,0,0,0,0,0
I04_13_02.png,I04,Impulse noise,2,2.83,45.75,0,0,0,0,0
I04_13_03.png,I04,Impulse noise,3,2.73,43.25,0,0,0,1,0
I04_13_04.png,I04,Impulse noise,4,2.2,30.0,0,0,0,1,0
I04_13_05.png,I04,Impulse noise,5,1.87,21.75,0,0,0,1,1
I04_10_01.png,I04,JPEG,1,4.27,81.75,0,0,0,0,0
I04_10_02.png,I04,JPEG,2,4.1,77.5,0,0,0,0,0
I04_10_03.png,I04,JPEG,3,3.87,71.75,0,0,0,0,1
I04_10_04.png,I04,JPEG,4,1.87,21.75,0,0,0,0,1
I04_10_05.png,I04,JPEG,5,1.23,5.75,0,0,0,0,1
I04_09_01.png,I04,JPEG2000,1,4.6,90.0,0,0,0,0,0
I04_09_02.png,I04,JPEG2000,2,4.4,85.0,0,0,0,0,0
I04_09_03.png,I04,JPEG2000,3,4.07,76.75,0,0,0,0,1
I04_09_04.png,I04,JPEG2000,4,1.73,18.25,0,0,0,0,1
I04_09_05.png,I04,JPEG2000,5,1.23,5.75,0,0,0,0,1
I04_19_01.png,I04,Jitter,1,4.33,83.25,0,0,0,0,0
I04_19_02.png,I04,Jitter,2,3.9,72.5,0,0,0,0,0
I04_19_03.png,I04,Jitter,3,3.03,50.75,0,0,0,0,0
I04_19_04.png,I04,Jitter,4,1.6,15.0,0,0,0,0,0
I04_19_05.png,I04,Jitter,5,1.33,8.25,0,0,0,0,1
I04_02_01.png,I04,Lens blur,1,3.57,64.25,0,0,0,0,0
I04_02_02.png,I04,Lens blur,2,2.43,35.75,0,0,0,0,0
I04_02_03.png,I04,Lens blur,3,1.5,12.5,1,0,0,0,0
I04_02_04.png,I04,Lens blur,4,1.43,10.75,1,0,0,0,0
I04_02_05.png,I04,Lens blur,5,1.2,5.0,1,0,0,0,1
I04_18_01.png,I04,Mean shift,1,4.27,81.75,0,0,0,0,0
I04_18_02.png,I04,Mean shift,2,4.63,90.75,0,0,0,0,0
I04_18_03.png,I04,Mean shift,3,4.87,96.75,0,0,0,0,0
I04_18_04.png,I04,Mean shift,4,4.57,89.25,0,0,0,0,0
I04_18_05.png,I04,Mean shift,5,3.63,65.75,0,0,0,0,1
I04_03_01.png,I04,Motion blur,1,4.7,92.5,0,0,0,0,0
I04_03_02.png,I04,Motion blur,2,4.17,79.25,0,0,0,0,0
I04_03_03.png,I04,Motion blur,3,2.63,40.75,1,0,0,0,0
I04_03_04.png,I04,Motion blur,4,1.93,23.25,1,0,0,0,0
I04_03_05.png,I04,Motion blur,5,1.6,15.0,1,0,0,0,1
I04_14_01.png,I04,Multiplicative noise,1,4.53,88.25,0,0,0,0,0
I04_14_02.png,I04,Multiplicative noise,2,3.23,55.75,0,0,0,0,0
I04_14_03.png,I04,Multiplicative noise,3,2.83,45.75,0,0,0,1,0
I04_14_04.png,I04,Multiplicative noise,4,2.4,35.0,0,0,0,1,0
I04_14_05.png,I04,Multiplicative noise,5,2.1,27.5,0,0,0,1,1
I04_20_01.png,I04,Non-eccentricity patch,1,4.6,90.0,0,0,0,0,0
I04_20_02.png,I04,Non-eccentricity patch,2,4.1,77.5,0,0,0,0,0
I04_20_03.png,I04,Non-eccentricity patch,3,4.1,77.5,0,0,0,0,0
I04_20_04.png,I04,Non-eccentricity patch,4,3.6,65.0,0,0,0,0,0
I04_20_05.png,I04,Non-eccentricity patch,5,4.1,77.5,0,0,0,0,1
I04_21_01.png,I04,Pixelate,1,4.4,85.0,0,0,0,0,0
I04_21_02.png,I04,Pixelate,2,3.17,54.25,0,0,0,0,0
I04_21_03.png,I04,Pixelate,3,3.03,50.75,0,0,0,0,0
I04_21_04.png,I04,Pixelate,4,2.93,48.25,0,0,0,0,0
I04_21_05.png,I04,Pixelate,5,1.27,6.75,0,0,0,0,1
I04_22_01.png,I04,Quantization,1,4.17,79.25,0,0,0,0,0
I04_22_02.png,I04,Quantization,2,3.68,67.0,0,0,0,0,0
I04_22_03.png,I04,Quantization,3,3.6,65.0,0,0,0,0,0
I04_22_04.png,I04,Quantization,4,3.37,59.25,0,0,0,0,0
I04_22_05.png,I04,Quantization,5,2.9,47.5,0,0,0,0,1
I04_11_01.png,I04,White noise,1,3.63,65.75,0,0,0,0,0
I04_11_02.png,I04,White noise,2,3.57,64.25,0,0,0,0,0
I04_11_03.png,I04,White noise,3,3.03,50.75,0,0,0,1,0
I04_11_04.png,I04,White noise,4,2.4,35.0,0,0,0,1,0
I04_11_05.png,I04,White noise,5,2.3,32.5,0,0,0,1,1
I04_12_01.png,I04,White noise in color component,1,4.33,83.25,0,0,0,0,0
I04_12_02.png,I04,White noise in color component,2,3.27,56.75,0,0,0,0,0
I04_12_03.png,I04,White noise in color component,3,3.2,55.0,0,0,0,1,0
I04_12_04.png,I04,White noise in color component,4,2.5,37.5,0,0,0,1,0
I04_12_05.png,I04,White noise in color component,5,2.2,30.0,0,0,0,1,1
I04.png,I04,none,0,,100.0,0,0,0,0,0
I05_16_01.png,I05,Brighten,1,4.43,85.75,0,0,0,0,0
I05_16_02.png,I05,Brighten,2,4.37,84.25,0,0,0,0,0
I05_16_03.png,I05,Brighten,3,3.67,66.75,0,0,1,0,0
I05_16_04.png,I05,Brighten,4,3.1,52.5,0,0,1,0,0
I05_16_05.png,I05,Brighten,5,2.27,31.75,0,0,1,0,1
I05_23_01.png,I05,Color block,1,2.33,33.25,0,0,0,0,0
I05_23_02.png,I05,Color block,2,2.1,27.5,0,0,0,0,0
I05_23_03.png,I05,Color block,3,1.87,21.75,0,0,0,0,1
I05_23_04.png,I05,Color block,4,1.8,20.0,0,0,0,0,1
I05_23_05.png,I05,Color block,5,1.8,20.0,0,0,0,0,1
I05_04_01.png,I05,Color diffusion,1,4.57,89.25,0,0,0,0,0
I05_04_02.png,I05,Color diffusion,2,3.0,50.0,0,0,0,0,0
I05_04_03.png,I05,Color diffusion,3,1.77,19.25,0,0,0,0,0
I05_04_04.png,I05,Color diffusion,4,1.57,14.25,0,0,0,0,0
I05_04_05.png,I05,Color diffusion,5,1.53,13.25,0,0,0,0,1
I05_06_01.png,I05,Color quantization,1,4.33,83.25,0,0,0,0,0
I05_06_02.png,I05,Color quantization,2,4.37,84.25,0,0,0,0,0
I05_06_03.png,I05,Color quantization,3,4.27,81.75,0,0,0,0,1
I05_06_04.png,I05,Color quantization,4,3.63,65.75,0,0,0,0,1
I05_06_05.png,I05,Color quantization,5,2.9,47.5,0,0,0,0,1
I05_07_01.png,I05,Color saturation 1,1,2.57,39.25,0,0,0,0,0
I05_07_02.png,I05,Color saturation 1,2,2.33,33.25,0,0,0,0,0
I05_07_03.png,I05,Color saturation 1,3,2.1,27.5,0,0,0,0,0
I05_07_04.png,I05,Color saturation 1,4,2.23,30.75,0,0,0,0,0
I05_07_05.png,I05,Color saturation 1,5,2.23,30.75,0,0,0,0,1
I05_08_01.png,I05,Color saturation 2,1,4.73,93.25,0,0,0,0,0
I05_08_02.png,I05,Color saturation 2,2,3.37,59.25,0,0,0,0,0
I05_08_03.png,I05,Color saturation 2,3,2.77,44.25,0,0,0,0,0
I05_08_04.png,I05,Color saturation 2,4,1.63,15.75,0,0,0,0,0
I05_08_05.png,I05,Color saturation 2,5,1.7,17.5,0,0,0,0,1
I05_05_01.png,I05,Color shift,1,4.23,80.75,0,0,0,0,0
I05_05_02.png,I05,Color shift,2,2.27,31.75,0,0,0,0,0
I05_05_03.png,I05,Color shift,3,1.83,20.75,0,0,0,0,0
I05_05_04.png,I05,Color shift,4,1.67,16.75,0,0,0,0,0
I05_05_05.png,I05,Color shift,5,1.63,15.75,0,0,0,0,1
I05_25_01.png,I05,Contrast change,1,2.9,47.5,0,0,0,0,0
I05_25_02.png,I05,Contrast change,2,3.5,62.5,0,0,0,0,0
I05_25_03.png,I05,Contrast change,3,4.0,75.0,0,0,0,0,0
I05_25_04.png,I05,Contrast change,4,4.23,80.75,0,0,0,0,0
I05_25_05.png,I05,Contrast change,5,3.6,65.0,0,0,0,0,1
I05_17_01.png,I05,Darken,1,4.5,87.5,0,0,0,0,0
I05_17_02.png,I05,Darken,2,4.47,86.75,0,0,0,0,0
I05_17_03.png,I05,Darken,3,3.53,63.25,0,1,0,0,0
I05_17_04.png,I05,Darken,4,2.7,42.5,0,1,0,0,0
I05_17_05.png,I05,Darken,5,1.3,7.5,0,1,0,0,1
I05_15_01.png,I05,Denoise,1,3.5,62.5,0,0,0,0,0
I05_15_02.png,I05,Denoise,2,2.7,42.5,0,0,0,0,0
I05_15_03.png,I05,Denoise,3,2.17,29.25,0,0,0,1,0
I05_15_04.png,I05,Denoise,4,1.87,21.75,0,0,0,1,0
I05_15_05.png,I05,Denoise,5,1.47,11.75,0,0,0,1,1
I05_01_01.png,I05,Gaussian blur,1,4.6,90.0,0,0,0,0,0
I05_01_02.png,I05,Gaussian blur,2,4.47,86.75,0,0,0,0,0
I05_01_03.png,I05,Gaussian blur,3,2.83,45.75,1,0,0,0,0
I05_01_04.png,I05,Gaussian blur,4,1.7,17.5,1,0,0,0,0
I05_01_05.png,I05,Gaussian blur,5,1.17,4.25,1,0,0,0,1
I05_24_01.png,I05,High sharpen,1,3.07,51.75,0,0,0,0,0
I05_24_02.png,I05,High sharpen,2,1.9,22.5,0,0,0,0,0
I05_24_03.png,I05,High sharpen,3,1.77,19.25,0,0,0,0,0
I05_24_04.png,I05,High sharpen,4,1.23,5.75,0,0,0,0,0
I05_24_05.png,I05,High sharpen,5,1.2,5.0,0,0,0,0,1
I05_13_01.png,I05,Impulse noise,1,3.47,61.75,0,0,0,0,0
I05_13_02.png,I05,Impulse noise,2,2.63,40.75,0,0,0,0,0
I05_13_03.png,I05,Impulse noise,3,2.3,32.5,0,0,0,1,0
I05_13_04.png,I05,Impulse noise,4,2.07,26.75,0,0,0,1,0
I05_13_05.png,I05,Impulse noise,5,2.07,26.75,0,0,0,1,1
I05_10_01.png,I05,JPEG,1,4.43,85.75,0,0,0,0,0
I05_10_02.png,I05,JPEG,2,4.4,85.0,0,0,0,0,0
I05_10_03.png,I05,JPEG,3,4.3,82.5,0,0,0,0,1
I05_10_04.png,I05,JPEG,4,2.47,36.75,0,0,0,0,1
I05_10_05.png,I05,JPEG,5,1.27,6.75,0,0,0,0,1
I05_09_01.png,I05,JPEG2000,1,4.3,82.5,0,0,0,0,0
I05_09_02.png,I05,JPEG2000,2,2.6,40.0,0,0,0,0,0
I05_09_03.png,I05,JPEG2000,3,2.37,34.25,0,0,0,0,1
I05_09_04.png,I05,JPEG2000,4,1.57,14.25,0,0,0,0,1
I05_09_05.png,I05,JPEG2000,5,1.23,5.75,0,0,0,0,1
I05_19_01.png,I05,Jitter,1,4.03,75.75,0,0,0,0,0
I05_19_02.png,I05,Jitter,2,3.53,63.25,0,0,0,0,0
I05_19_03.png,I05,Jitter,3,3.13,53.25,0,0,0,0,0
I05_19_04.png,I05,Jitter,4,2.0,25.0,0,0,0,0,0
I05_19_05.png,I05,Jitter,5,1.23,5.75,0,0,0,0,1
I05_02_01.png,I05,Lens blur,1,3.67,66.75,0,0,0,0,0
I05_02_02.png,I05,Lens blur,2,2.63,40.75,0,0,0,0,0
I05_02_03.png,I05,Lens blur,3,1.57,14.25,1,0,0,0,0
I05_02_04.png,I05,Lens blur,4,1.33,8.25,1,0,0,0,0
I05_02_05.png,I05,Lens blur,5,1.37,9.25,1,0,0,0,1
I05_18_01.png,I05,Mean shift,1,4.4,85.0,0,0,0,0,0
I05_18_02.png,I05,Mean shift,2,4.47,86.75,0,0,0,0,0
I05_18_03.png,I05,Mean shift,3,4.37,84.25,0,0,0,0,0
I05_18_04.png,I05,Mean shift,4,4.0,75.0,0,0,0,0,0
I05_18_05.png,I05,Mean shift,5,2.77,44.25,0,0,0,0,1
I05_03_01.png,I05,Motion blur,1,4.47,86.75,0,0,0,0,0
I05_03_02.png,I05,Motion blur,2,3.9,72.5,0,0,0,0,0
I05_03_03.png,I05,Motion blur,3,2.68,42.0,1,0,0,0,0
I05_03_04.png,I05,Motion blur,4,1.87,21.75,1,0,0,0,0
I05_03_05.png,I05,Motion blur,5,1.53,13.25,1,0,0,0,1
I05_14_01.png,I05,Multiplicative noise,1,4.37,84.25,0,0,0,0,0
I05_14_02.png,I05,Multiplicative noise,2,4.37,84.25,0,0,0,0,0
I05_14_03.png,I05,Multiplicative noise,3,4.47,86.75,0,0,0,1,0
I05_14_04.png,I05,Multiplicative noise,4,4.2,80.0,0,0,0,1,0
I05_14_05.png,I05,Multiplicative noise,5,3.61,65.25,0,0,0,1,1
I05_20_01.png,I05,Non-eccentricity patch,1,4.47,86.75,0,0,0,0,0
I05_20_02.png,I05,Non-eccentricity patch,2,4.53,88.25,0,0,0,0,0
I05_20_03.png,I05,Non-eccentricity patch,3,4.4,85.0,0,0,0,0,0
I05_20_04.png,I05,Non-eccentricity patch,4,4.43,85.75,0,0,0,0,0
I05_20_05.png,I05,Non-eccentricity patch,5,3.97,74.25,0,0,0,0,1
I05_21_01.png,I05,Pixelate,1,4.17,79.25,0,0,0,0,0
I05_21_02.png,I05,Pixelate,2,3.7,67.5,0,0,0,0,0
I05_21_03.png,I05,Pixelate,3,3.4,60.0,0,0,0,0,0
I05_21_04.png,I05,Pixelate,4,3.27,56.75,0,0,0,0,0
I05_21_05.png,I05,Pixelate,5,1.4,10.0,0,0,0,0,1
I05_22_01.png,I05,Quantization,1,4.3,82.5,0,0,0,0,0
I05_22_02.png,I05,Quantization,2,4.53,88.25,0,0,0,0,0
I05_22_03.png,I05,Quantization,3,4.07,76.75,0,0,0,0,0
I05_22_04.png,I05,Quantization,4,4.03,75.75,0,0,0,0,0
I05_22_05.png,I05,Quantization,5,4.17,79.25,0,0,0,0,1
I05_11_01.png,I05,White noise,1,4.4,85.0,0,0,0,0,0
I05_11_02.png,I05,White noise,2,4.23,80.75,0,0,0,0,0
I05_11_03.png,I05,White noise,3,3.83,70.75,0,0,0,1,0
I05_11_04.png,I05,White noise,4,3.33,58.25,0,0,0,1,0
I05_11_05.png,I05,White noise,5,2.53,38.25,0,0,0,1,1
I05_12_01.png,I05,White noise in color component,1,4.53,88.25,0,0,0,0,0
I05_12_02.png,I05,White noise in color component,2,4.43,85.75,0,0,0,0,0
I05_12_03.png,I05,White noise in color component,3,4.06,76.5,0,0,0,1,0
I05_12_04.png,I05,White noise in color component,4,3.03,50.75,0,0,0,1,0
I05_12_05.png,I05,White noise in color component,5,2.8,45.0,0,0,0,1,1
I05.png,I05,none,0,,100.0,0,0,0,0,0
I06_16_01.png,I06,Brighten,1,4.03,75.75,0,0,0,0,0
I06_16_02.png,I06,Brighten,2,3.73,68.25,0,0,0,0,0
I06_16_03.png,I06,Brighten,3,3.06,51.5,0,0,1,0,0
I06_16_04.png,I06,Brighten,4,2.5,37.5,0,0,1,0,0
I06_16_05.png,I06,Brighten,5,1.4,10.0,0,0,1,0,1
I06_23_01.png,I06,Color block,1,2.33,33.25,0,0,0,0,0
I06_23_02.png,I06,Color block,2,2.63,40.75,0,0,0,0,0
I06_23_03.png,I06,Color block,3,2.17,29.25,0,0,0,0,1
I06_23_04.png,I06,Color block,4,1.97,24.25,0,0,0,0,1
I06_23_05.png,I06,Color block,5,2.26,31.5,0,0,0,0,1
I06_04_01.png,I06,Color diffusion,1,4.6,90.0,0,0,0,0,0
I06_04_02.png,I06,Color diffusion,2,2.27,31.75,0,0,0,0,0
I06_04_03.png,I06,Color diffusion,3,2.1,27.5,0,0,0,0,0
I06_04_04.png,I06,Color diffusion,4,2.27,31.75,0,0,0,0,0
I06_04_05.png,I06,Color diffusion,5,1.77,19.25,0,0,0,0,1
I06_06_01.png,I06,Color quantization,1,4.4,85.0,0,0,0,0,0
I06_06_02.png,I06,Color quantization,2,3.73,68.25,0,0,0,0,0
I06_06_03.png,I06,Color quantization,3,3.87,71.75,0,0,0,0,1
I06_06_04.png,I06,Color quantization,4,3.33,58.25,0,0,0,0,1
I06_06_05.png,I06,Color quantization,5,2.4,35.0,0,0,0,0,1
I06_07_01.png,I06,Color saturation 1,1,2.67,41.75,0,0,0,0,0
I06_07_02.png,I06,Color saturation 1,2,2.77,44.25,0,0,0,0,0
I06_07_03.png,I06,Color saturation 1,3,2.23,30.75,0,0,0,0,0
I06_07_04.png,I06,Color saturation 1,4,2.23,30.75,0,0,0,0,0
I06_07_05.png,I06,Color saturation 1,5,2.07,26.75,0,0,0,0,1
I06_08_01.png,I06,Color saturation 2,1,4.6,90.0,0,0,0,0,0
I06_08_02.png,I06,Color saturation 2,2,3.23,55.75,0,0,0,0,0
I06_08_03.png,I06,Color saturation 2,3,2.87,46.75,0,0,0,0,0
I06_08_04.png,I06,Color saturation 2,4,2.17,29.25,0,0,0,0,0
I06_08_05.png,I06,Color saturation 2,5,1.77,19.25,0,0,0,0,1
I06_05_01.png,I06,Color shift,1,4.43,85.75,0,0,0,0,0
I06_05_02.png,I06,Color shift,2,3.13,53.25,0,0,0,0,0
I06_05_03.png,I06,Color shift,3,2.2,30.0,0,0,0,0,0
I06_05_04.png,I06,Color shift,4,1.8,20.0,0,0,0,0,0
I06_05_05.png,I06,Color shift,5,1.8,20.0,0,0,0,0,1
I06_25_01.png,I06,Contrast change,1,3.0,50.0,0,0,0,0,0
I06_25_02.png,I06,Contrast change,2,3.83,70.75,0,0,0,0,0
I06_25_03.png,I06,Contrast change,3,4.13,78.25,0,0,0,0,0
I06_25_04.png,I06,Contrast change,4,3.23,55.75,0,0,0,0,0
I06_25_05.png,I06,Contrast change,5,2.43,35.75,0,0,0,0,1
I06_17_01.png,I06,Darken,1,4.53,88.25,0,0,0,0,0
I06_17_02.png,I06,Darken,2,4.47,86.75,0,0,0,0,0
I06_17_03.png,I06,Darken,3,3.97,74.25,0,1,0,0,0
I06_17_04.png,I06,Darken,4,3.43,60.75,0,1,0,0,0
I06_17_05.png,I06,Darken,5,2.77,44.25,0,1,0,0,1
I06_15_01.png,I06,Denoise,1,3.23,55.75,0,0,0,0,0
I06_15_02.png,I06,Denoise,2,2.97,49.25,0,0,0,0,0
I06_15_03.png,I06,Denoise,3,2.5,37.5,0,0,0,1,0
I06_15_04.png,I06,Denoise,4,1.57,14.25,0,0,0,1,0
I06_15_05.png,I06,Denoise,5,1.37,9.25,0,0,0,1,1
I06_01_01.png,I06,Gaussian blur,1,4.7,92.5,0,0,0,0,0
I06_01_02.png,I06,Gaussian blur,2,4.33,83.25,0,0,0,0,0
I06_01_03.png,I06,Gaussian blur,3,3.43,60.75,1,0,0,0,0
I06_01_04.png,I06,Gaussian blur,4,2.13,28.25,1,0,0,0,0
I06_01_05.png,I06,Gaussian blur,5,1.53,13.25,1,0,0,0,1
I06_24_01.png,I06,High sharpen,1,3.57,64.25,0,0,0,0,0
I06_24_02.png,I06,High sharpen,2,2.9,47.5,0,0,0,0,0
I06_24_03.png,I06,High sharpen,3,2.27,31.75,0,0,0,0,0
I06_24_04.png,I06,High sharpen,4,1.83,20.75,0,0,0,0,0
I06_24_05.png,I06,High sharpen,5,1.23,5.75,0,0,0,0,1
I06_13_01.png,I06,Impulse noise,1,3.37,59.25,0,0,0,0,0
I06_13_02.png,I06,Impulse noise,2,2.5,37.5,0,0,0,0,0
I06_13_03.png,I06,Impulse noise,3,2.3,32.5,0,0,0,1,0
I06_13_04.png,I06,Impulse noise,4,2.2,30.0,0,0,0,1,0
I06_13_05.png,I06,Impulse noise,5,2.13,28.25,0,0,0,1,1
I06_10_01.png,I06,JPEG,1,4.6,90.0,0,0,0,0,0
I06_10_02.png,I06,JPEG,2,4.47,86.75,0,0,0,0,0
I06_10_03.png,I06,JPEG,3,4.33,83.25,0,0,0,0,1
I06_10_04.png,I06,JPEG,4,1.6,15.0,0,0,0,0,1
I06_10_05.png,I06,JPEG,5,1.23,5.75,0,0,0,0,1
I06_09_01.png,I06,JPEG2000,1,4.43,85.75,0,0,0,0,0
I06_09_02.png,I06,JPEG2000,2,4.37,84.25,0,0,0,0,0
I06_09_03.png,I06,JPEG2000,3,4.5,87.5,0,0,0,0,1
I06_09_04.png,I06,JPEG2000,4,3.63,65.75,0,0,0,0,1
I06_09_05.png,I06,JPEG2000,5,1.9,22.5,0,0,0,0,1
I06_19_01.png,I06,Jitter,1,4.4,85.0,0,0,0,0,0
I06_19_02.png,I06,Jitter,2,4.6,90.0,0,0,0,0,0
I06_19_03.png,I06,Jitter,3,3.43,60.75,0,0,0,0,0
I06_19_04.png,I06,Jitter,4,2.2,30.0,0,0,0,0,0
I06_19_05.png,I06,Jitter,5,1.5,12.5,0,0,0,0,1
I06_02_01.png,I06,Lens blur,1,4.13,78.25,0,0,0,0,0
I06_02_02.png,I06,Lens blur,2,3.6,65.0,0,0,0,0,0
I06_02_03.png,I06,Lens blur,3,2.13,28.25,1,0,0,0,0
I06_02_04.png,I06,Lens blur,4,1.57,14.25,1,0,0,0,0
I06_02_05.png,I06,Lens blur,5,1.63,15.75,1,0,0,0,1
I06_18_01.png,I06,Mean shift,1,3.8,70.0,0,0,0,0,0
I06_18_02.png,I06,Mean shift,2,4.07,76.75,0,0,0,0,0
I06_18_03.png,I06,Mean shift,3,4.53,88.25,0,0,0,0,0
I06_18_04.png,I06,Mean shift,4,4.03,75.75,0,0,0,0,0
I06_18_05.png,I06,Mean shift,5,3.77,69.25,0,0,0,0,1
I06_03_01.png,I06,Motion blur,1,4.47,86.75,0,0,0,0,0
I06_03_02.png,I06,Motion blur,2,4.27,81.75,0,0,0,0,0
I06_03_03.png,I06,Motion blur,3,3.27,56.75,1,0,0,0,0
I06_03_04.png,I06,Motion blur,4,2.9,47.5,1,0,0,0,0
I06_03_05.png,I06,Motion blur,5,2.17,29.25,1,0,0,0,1
I06_14_01.png,I06,Multiplicative noise,1,4.43,85.75,0,0,0,0,0
I06_14_02.png,I06,Multiplicative noise,2,3.63,65.75,0,0,0,0,0
I06_14_03.png,I06,Multiplicative noise,3,3.1,52.5,0,0,0,1,0
I06_14_04.png,I06,Multiplicative noise,4,2.7,42.5,0,0,0,1,0
I06_14_05.png,I06,Multiplicative noise,5,2.07,26.75,0,0,0,1,1
I06_20_01.png,I06,Non-eccentricity patch,1,4.33,83.25,0,0,0,0,0
I06_20_02.png,I06,Non-eccentricity patch,2,3.1,52.5,0,0,0,0,0
I06_20_03.png,I06,Non-eccentricity patch,3,3.97,74.25,0,0,0,0,0
I06_20_04.png,I06,Non-eccentricity patch,4,2.33,33.25,0,0,0,0,0
I06_20_05.png,I06,Non-eccentricity patch,5,2.77,44.25,0,0,0,0,1
I06_21_01.png,I06,Pixelate,1,4.17,79.25,0,0,0,0,0
I06_21_02.png,I06,Pixelate,2,3.63,65.75,0,0,0,0,0
I06_21_03.png,I06,Pixelate,3,3.23,55.75,0,0,0,0,0
I06_21_04.png,I06,Pixelate,4,2.9,47.5,0,0,0,0,0
I06_21_05.png,I06,Pixelate,5,1.83,20.75,0,0,0,0,1
I06_22_01.png,I06,Quantization,1,3.9,72.5,0,0,0,0,0
I06_22_02.png,I06,Quantization,2,3.77,69.25,0,0,0,0,0
I06_22_03.png,I06,Quantization,3,3.7,67.5,0,0,0,0,0
I06_22_04.png,I06,Quantization,4,3.2,55.0,0,0,0,0,0
I06_22_05.png,I06,Quantization,5,1.97,24.25,0,0,0,0,1
I06_11_01.png,I06,White noise,1,4.07,76.75,0,0,0,0,0
I06_11_02.png,I06,White noise,2,3.4,60.0,0,0,0,0,0
I06_11_03.png,I06,White noise,3,2.93,48.25,0,0,0,1,0
I06_11_04.png,I06,White noise,4,2.83,45.75,0,0,0,1,0
I06_11_05.png,I06,White noise,5,2.13,28.25,0,0,0,1,1
I06_12_01.png,I06,White noise in color component,1,4.55,88.75,0,0,0,0,0
I06_12_02.png,I06,White noise in color component,2,3.7,67.5,0,0,0,0,0
I06_12_03.png,I06,White noise in color component,3,3.2,55.0,0,0,0,1,0
I06_12_04.png,I06,White noise in color component,4,2.87,46.75,0,0,0,1,0
I06_12_05.png,I06,White noise in color component,5,2.33,33.25,0,0,0,1,1
I06.png,I06,none,0,,100.0,0,0,0,0,0
I07_16_01.png,I07,Brighten,1,4.7,92.5,0,0,0,0,0
I07_16_02.png,I07,Brighten,2,4.2,80.0,0,0,0,0,0
I07_16_03.png,I07,Brighten,3,3.5,62.5,0,0,1,0,0
I07_16_04.png,I07,Brighten,4,2.0,25.0,0,0,1,0,0
I07_16_05.png,I07,Brighten,5,1.17,4.25,0,0,1,0,1
I07_23_01.png,I07,Color block,1,2.8,45.0,0,0,0,0,0
I07_23_02.png,I07,Color block,2,2.27,31.75,0,0,0,0,0
I07_23_03.png,I07,Color block,3,2.0,25.0,0,0,0,0,1
I07_23_04.png,I07,Color block,4,2.0,25.0,0,0,0,0,1
I07_23_05.png,I07,Color block,5,1.6,15.0,0,0,0,0,1
I07_04_01.png,I07,Color diffusion,1,4.47,86.75,0,0,0,0,0
I07_04_02.png,I07,Color diffusion,2,1.73,18.25,0,0,0,0,0
I07_04_03.png,I07,Color diffusion,3,1.43,10.75,0,0,0,0,0
I07_04_04.png,I07,Color diffusion,4,1.06,1.5,0,0,0,0,0
I07_04_05.png,I07,Color diffusion,5,1.13,3.25,0,0,0,0,1
I07_06_01.png,I07,Color quantization,1,3.73,68.25,0,0,0,0,0
I07_06_02.png,I07,Color quantization,2,4.06,76.5,0,0,0,0,0
I07_06_03.png,I07,Color quantization,3,3.77,69.25,0,0,0,0,1
I07_06_04.png,I07,Color quantization,4,3.0,50.0,0,0,0,0,1
I07_06_05.png,I07,Color quantization,5,1.8,20.0,0,0,0,0,1
I07_07_01.png,I07,Color saturation 1,1,2.7,42.5,0,0,0,0,0
I07_07_02.png,I07,Color saturation 1,2,1.93,23.25,0,0,0,0,0
I07_07_03.png,I07,Color saturation 1,3,2.27,31.75,0,0,0,0,0
I07_07_04.png,I07,Color saturation 1,4,1.5,12.5,0,0,0,0,0
I07_07_05.png,I07,Color saturation 1,5,1.27,6.75,0,0,0,0,1
I07_08_01.png,I07,Color saturation 2,1,4.53,88.25,0,0,0,0,0
I07_08_02.png,I07,Color saturation 2,2,2.7,42.5,0,0,0,0,0
I07_08_03.png,I07,Color saturation 2,3,1.97,24.25,0,0,0,0,0
I07_08_04.png,I07,Color saturation 2,4,1.7,17.5,0,0,0,0,0
I07_08_05.png,I07,Color saturation 2,5,1.5,12.5,0,0,0,0,1
I07_05_01.png,I07,Color shift,1,4.43,85.75,0,0,0,0,0
I07_05_02.png,I07,Color shift,2,2.97,49.25,0,0,0,0,0
I07_05_03.png,I07,Color shift,3,1.5,12.5,0,0,0,0,0
I07_05_04.png,I07,Color shift,4,1.8,20.0,0,0,0,0,0
I07_05_05.png,I07,Color shift,5,1.63,15.75,0,0,0,0,1
I07_25_01.png,I07,Contrast change,1,2.87,46.75,0,0,0,0,0
I07_25_02.png,I07,Contrast change,2,4.03,75.75,0,0,0,0,0
I07_25_03.png,I07,Contrast change,3,4.63,90.75,0,0,0,0,0
I07_25_04.png,I07,Contrast change,4,4.43,85.75,0,0,0,0,0
I07_25_05.png,I07,Contrast change,5,3.57,64.25,0,0,0,0,1
I07_17_01.png,I07,Darken,1,4.7,92.5,0,0,0,0,0
I07_17_02.png,I07,Darken,2,4.63,90.75,0,0,0,0,0
I07_17_03.png,I07,Darken,3,4.1,77.5,0,1,0,0,0
I07_17_04.png,I07,Darken,4,3.43,60.75,0,1,0,0,0
I07_17_05.png,I07,Darken,5,2.6,40.0,0,1,0,0,1
I07_15_01.png,I07,Denoise,1,3.2,55.0,0,0,0,0,0
I07_15_02.png,I07,Denoise,2,2.27,31.75,0,0,0,0,0
I07_15_03.png,I07,Denoise,3,1.77,19.25,0,0,0,1,0
I07_15_04.png,I07,Denoise,4,1.47,11.75,0,0,0,1,0
I07_15_05.png,I07,Denoise,5,1.37,9.25,0,0,0,1,1
I07_01_01.png,I07,Gaussian blur,1,4.5,87.5,0,0,0,0,0
I07_01_02.png,I07,Gaussian blur,2,4.4,85.0,0,0,0,0,0
I07_01_03.png,I07,Gaussian blur,3,2.5,37.5,1,0,0,0,0
I07_01_04.png,I07,Gaussian blur,4,1.73,18.25,1,0,0,0,0
I07_01_05.png,I07,Gaussian blur,5,1.37,9.25,1,0,0,0,1
I07_24_01.png,I07,High sharpen,1,3.8,70.0,0,0,0,0,0
I07_24_02.png,I07,High sharpen,2,2.83,45.75,0,0,0,0,0
I07_24_03.png,I07,High sharpen,3,2.1,27.5,0,0,0,0,0
I07_24_04.png,I07,High sharpen,4,1.8,20.0,0,0,0,0,0
I07_24_05.png,I07,High sharpen,5,1.27,6.75,0,0,0,0,1
I07_13_01.png,I07,Impulse noise,1,3.73,68.25,0,0,0,0,0
I07_13_02.png,I07,Impulse noise,2,3.0,50.0,0,0,0,0,0
I07_13_03.png,I07,Impulse noise,3,2.73,43.25,0,0,0,1,0
I07_13_04.png,I07,Impulse noise,4,2.13,28.25,0,0,0,1,0
I07_13_05.png,I07,Impulse noise,5,2.0,25.0,0,0,0,1,1
I07_10_01.png,I07,JPEG,1,4.1,77.5,0,0,0,0,0
I07_10_02.png,I07,JPEG,2,3.87,71.75,0,0,0,0,0
I07_10_03.png,I07,JPEG,3,3.87,71.75,0,0,0,0,1
I07_10_04.png,I07,JPEG,4,1.6,15.0,0,0,0,0,1
I07_10_05.png,I07,JPEG,5,1.23,5.75,0,0,0,0,1
I07_09_01.png,I07,JPEG2000,1,4.73,93.25,0,0,0,0,0
I07_09_02.png,I07,JPEG2000,2,4.63,90.75,0,0,0,0,0
I07_09_03.png,I07,JPEG2000,3,4.63,90.75,0,0,0,0,1
I07_09_04.png,I07,JPEG2000,4,3.6,65.0,0,0,0,0,1
I07_09_05.png,I07,JPEG2000,5,1.7,17.5,0,0,0,0,1
I07_19_01.png,I07,Jitter,1,4.43,85.75,0,0,0,0,0
I07_19_02.png,I07,Jitter,2,4.5,87.5,0,0,0,0,0
I07_19_03.png,I07,Jitter,3,3.5,62.5,0,0,0,0,0
I07_19_04.png,I07,Jitter,4,1.93,23.25,0,0,0,0,0
I07_19_05.png,I07,Jitter,5,1.37,9.25,0,0,0,0,1
I07_02_01.png,I07,Lens blur,1,3.7,67.5,0,0,0,0,0
I07_02_02.png,I07,Lens blur,2,2.8,45.0,0,0,0,0,0
I07_02_03.png,I07,Lens blur,3,1.67,16.75,1,0,0,0,0
I07_02_04.png,I07,Lens blur,4,1.43,10.75,1,0,0,0,0
I07_02_05.png,I07,Lens blur,5,1.5,12.5,1,0,0,0,1
I07_18_01.png,I07,Mean shift,1,3.2,55.0,0,0,0,0,0
I07_18_02.png,I07,Mean shift,2,4.3,82.5,0,0,0,0,0
I07_18_03.png,I07,Mean shift,3,4.5,87.5,0,0,0,0,0
I07_18_04.png,I07,Mean shift,4,4.43,85.75,0,0,0,0,0
I07_18_05.png,I07,Mean shift,5,4.0,75.0,0,0,0,0,1
I07_03_01.png,I07,Motion blur,1,4.67,91.75,0,0,0,0,0
I07_03_02.png,I07,Motion blur,2,4.33,83.25,0,0,0,0,0
I07_03_03.png,I07,Motion blur,3,2.77,44.25,1,0,0,0,0
I07_03_04.png,I07,Motion blur,4,2.07,26.75,1,0,0,0,0
I07_03_05.png,I07,Motion blur,5,1.53,13.25,1,0,0,0,1
I07_14_01.png,I07,Multiplicative noise,1,4.1,77.5,0,0,0,0,0
I07_14_02.png,I07,Multiplicative noise,2,2.77,44.25,0,0,0,0,0
I07_14_03.png,I07,Multiplicative noise,3,2.6,40.0,0,0,0,1,0
I07_14_04.png,I07,Multiplicative noise,4,2.17,29.25,0,0,0,1,0
I07_14_05.png,I07,Multiplicative noise,5,1.6,15.0,0,0,0,1,1
I07_20_01.png,I07,Non-eccentricity patch,1,3.3,57.5,0,0,0,0,0
I07_20_02.png,I07,Non-eccentricity patch,2,2.97,49.25,0,0,0,0,0
I07_20_03.png,I07,Non-eccentricity patch,3,2.97,49.25,0,0,0,0,0
I07_20_04.png,I07,Non-eccentricity patch,4,2.65,41.25,0,0,0,0,0
I07_20_05.png,I07,Non-eccentricity patch,5,2.83,45.75,0,0,0,0,1
I07_21_01.png,I07,Pixelate,1,3.73,68.25,0,0,0,0,0
I07_21_02.png,I07,Pixelate,2,2.93,48.25,0,0,0,0,0
I07_21_03.png,I07,Pixelate,3,3.43,60.75,0,0,0,0,0
I07_21_04.png,I07,Pixelate,4,3.1,52.5,0,0,0,0,0
I07_21_05.png,I07,Pixelate,5,1.53,13.25,0,0,0,0,1
I07_22_01.png,I07,Quantization,1,3.97,74.25,0,0,0,0,0
I07_22_02.png,I07,Quantization,2,3.5,62.5,0,0,0,0,0
I07_22_03.png,I07,Quantization,3,3.6,65.0,0,0,0,0,0
I07_22_04.png,I07,Quantization,4,2.83,45.75,0,0,0,0,0
I07_22_05.png,I07,Quantization,5,2.07,26.75,0,0,0,0,1
I07_11_01.png,I07,White noise,1,3.35,58.75,0,0,0,0,0
I07_11_02.png,I07,White noise,2,2.7,42.5,0,0,0,0,0
I07_11_03.png,I07,White noise,3,2.6,40.0,0,0,0,1,0
I07_11_04.png,I07,White noise,4,2.34,33.5,0,0,0,1,0
I07_11_05.png,I07,White noise,5,2.23,30.75,0,0,0,1,1
I07_12_01.png,I07,White noise in color component,1,4.23,80.75,0,0,0,0,0
I07_12_02.png,I07,White noise in color component,2,3.13,53.25,0,0,0,0,0
I07_12_03.png,I07,White noise in color component,3,2.77,44.25,0,0,0,1,0
I07_12_04.png,I07,White noise in color component,4,2.4,35.0,0,0,0,1,0
I07_12_05.png,I07,White noise in color component,5,2.06,26.5,0,0,0,1,1
I07.png,I07,none,0,,100.0,0,0,0,0,0
I08_16_01.png,I08,Brighten,1,4.67,91.75,0,0,0,0,0
I08_16_02.png,I08,Brighten,2,4.27,81.75,0,0,0,0,0
I08_16_03.png,I08,Brighten,3,3.73,68.25,0,0,1,0,0
I08_16_04.png,I08,Brighten,4,2.53,38.25,0,0,1,0,0
I08_16_05.png,I08,Brighten,5,1.63,15.75,0,0,1,0,1
I08_23_01.png,I08,Color block,1,2.83,45.75,0,0,0,0,0
I08_23_02.png,I08,Color block,2,2.8,45.0,0,0,0,0,0
I08_23_03.png,I08,Color block,3,2.27,31.75,0,0,0,0,1
I08_23_04.png,I08,Color block,4,2.03,25.75,0,0,0,0,1
I08_23_05.png,I08,Color block,5,2.17,29.25,0,0,0,0,1
I08_04_01.png,I08,Color diffusion,1,4.5,87.5,0,0,0,0,0
I08_04_02.png,I08,Color diffusion,2,2.87,46.75,0,0,0,0,0
I08_04_03.png,I08,Color diffusion,3,1.7,17.5,0,0,0,0,0
I08_04_04.png,I08,Color diffusion,4,1.67,16.75,0,0,0,0,0
I08_04_05.png,I08,Color diffusion,5,1.73,18.25,0,0,0,0,1
I08_06_01.png,I08,Color quantization,1,3.77,69.25,0,0,0,0,0
I08_06_02.png,I08,Color quantization,2,3.8,70.0,0,0,0,0,0
I08_06_03.png,I08,Color quantization,3,3.27,56.75,0,0,0,0,1
I08_06_04.png,I08,Color quantization,4,2.8,45.0,0,0,0,0,1
I08_06_05.png,I08,Color quantization,5,2.07,26.75,0,0,0,0,1
I08_07_01.png,I08,Color saturation 1,1,2.87,46.75,0,0,0,0,0
I08_07_02.png,I08,Color saturation 1,2,2.63,40.75,0,0,0,0,0
I08_07_03.png,I08,Color saturation 1,3,2.03,25.75,0,0,0,0,0
I08_07_04.png,I08,Color saturation 1,4,1.9,22.5,0,0,0,0,0
I08_07_05.png,I08,Color saturation 1,5,2.33,33.25,0,0,0,0,1
I08_08_01.png,I08,Color saturation 2,1,4.67,91.75,0,0,0,0,0
I08_08_02.png,I08,Color saturation 2,2,3.37,59.25,0,0,0,0,0
I08_08_03.png,I08,Color saturation 2,3,3.07,51.75,0,0,0,0,0
I08_08_04.png,I08,Color saturation 2,4,2.13,28.25,0,0,0,0,0
I08_08_05.png,I08,Color saturation 2,5,1.6,15.0,0,0,0,0,1
I08_05_01.png,I08,Color shift,1,4.4,85.0,0,0,0,0,0
I08_05_02.png,I08,Color shift,2,2.93,48.25,0,0,0,0,0
I08_05_03.png,I08,Color shift,3,1.97,24.25,0,0,0,0,0
I08_05_04.png,I08,Color shift,4,1.73,18.25,0,0,0,0,0
I08_05_05.png,I08,Color shift,5,1.57,14.25,0,0,0,0,1
I08_25_01.png,I08,Contrast change,1,3.87,71.75,0,0,0,0,0
I08_25_02.png,I08,Contrast change,2,4.0,75.0,0,0,0,0,0
I08_25_03.png,I08,Contrast change,3,4.43,85.75,0,0,0,0,0
I08_25_04.png,I08,Contrast change,4,4.53,88.25,0,0,0,0,0
I08_25_05.png,I08,Contrast change,5,3.7,67.5,0,0,0,0,1
I08_17_01.png,I08,Darken,1,4.63,90.75,0,0,0,0,0
I08_17_02.png,I08,Darken,2,4.67,91.75,0,0,0,0,0
I08_17_03.png,I08,Darken,3,4.47,86.75,0,1,0,0,0
I08_17_04.png,I08,Darken,4,3.7,67.5,0,1,0,0,0
I08_17_05.png,I08,Darken,5,2.47,36.75,0,1,0,0,1
I08_15_01.png,I08,Denoise,1,3.8,70.0,0,0,0,0,0
I08_15_02.png,I08,Denoise,2,2.53,38.25,0,0,0,0,0
I08_15_03.png,I08,Denoise,3,2.03,25.75,0,0,0,1,0
I08_15_04.png,I08,Denoise,4,1.63,15.75,0,0,0,1,0
I08_15_05.png,I08,Denoise,5,1.53,13.25,0,0,0,1,1
I08_01_01.png,I08,Gaussian blur,1,4.8,95.0,0,0,0,0,0
I08_01_02.png,I08,Gaussian blur,2,4.4,85.0,0,0,0,0,0
I08_01_03.png,I08,Gaussian blur,3,3.0,50.0,1,0,0,0,0
I08_01_04.png,I08,Gaussian blur,4,2.0,25.0,1,0,0,0,0
I08_01_05.png,I08,Gaussian blur,5,1.47,11.75,1,0,0,0,1
I08_24_01.png,I08,High sharpen,1,4.1,77.5,0,0,0,0,0
I08_24_02.png,I08,High sharpen,2,2.8,45.0,0,0,0,0,0
I08_24_03.png,I08,High sharpen,3,2.47,36.75,0,0,0,0,0
I08_24_04.png,I08,High sharpen,4,1.6,15.0,0,0,0,0,0
I08_24_05.png,I08,High sharpen,5,1.3,7.5,0,0,0,0,1
I08_13_01.png,I08,Impulse noise,1,3.33,58.25,0,0,0,0,0
I08_13_02.png,I08,Impulse noise,2,2.7,42.5,0,0,0,0,0
I08_13_03.png,I08,Impulse noise,3,2.8,45.0,0,0,0,1,0
I08_13_04.png,I08,Impulse noise,4,2.43,35.75,0,0,0,1,0
I08_13_05.png,I08,Impulse noise,5,2.1,27.5,0,0,0,1,1
I08_10_01.png,I08,JPEG,1,4.57,89.25,0,0,0,0,0
I08_10_02.png,I08,JPEG,2,4.3,82.5,0,0,0,0,0
I08_10_03.png,I08,JPEG,3,3.83,70.75,0,0,0,0,1
I08_10_04.png,I08,JPEG,4,1.5,12.5,0,0,0,0,1
I08_10_05.png,I08,JPEG,5,1.2,5.0,0,0,0,0,1
I08_09_01.png,I08,JPEG2000,1,4.5,87.5,0,0,0,0,0
I08_09_02.png,I08,JPEG2000,2,4.73,93.25,0,0,0,0,0
I08_09_03.png,I08,JPEG2000,3,4.63,90.75,0,0,0,0,1
I08_09_04.png,I08,JPEG2000,4,3.53,63.25,0,0,0,0,1
I08_09_05.png,I08,JPEG2000,5,1.57,14.25,0,0,0,0,1
I08_19_01.png,I08,Jitter,1,4.7,92.5,0,0,0,0,0
I08_19_02.png,I08,Jitter,2,4.43,85.75,0,0,0,0,0
I08_19_03.png,I08,Jitter,3,4.17,79.25,0,0,0,0,0
I08_19_04.png,I08,Jitter,4,1.87,21.75,0,0,0,0,0
I08_19_05.png,I08,Jitter,5,1.35,8.75,0,0,0,0,1
I08_02_01.png,I08,Lens blur,1,4.27,81.75,0,0,0,0,0
I08_02_02.png,I08,Lens blur,2,3.2,55.0,0,0,0,0,0
I08_02_03.png,I08,Lens blur,3,1.83,20.75,1,0,0,0,0
I08_02_04.png,I08,Lens blur,4,1.53,13.25,1,0,0,0,0
I08_02_05.png,I08,Lens blur,5,1.33,8.25,1,0,0,0,1
I08_18_01.png,I08,Mean shift,1,4.4,85.0,0,0,0,0,0
I08_18_02.png,I08,Mean shift,2,4.5,87.5,0,0,0,0,0
I08_18_03.png,I08,Mean shift,3,4.8,95.0,0,0,0,0,0
I08_18_04.png,I08,Mean shift,4,4.53,88.25,0,0,0,0,0
I08_18_05.png,I08,Mean shift,5,4.13,78.25,0,0,0,0,1
I08_03_01.png,I08,Motion blur,1,4.9,97.5,0,0,0,0,0
I08_03_02.png,I08,Motion blur,2,4.33,83.25,0,0,0,0,0
I08_03_03.png,I08,Motion blur,3,3.23,55.75,1,0,0,0,0
I08_03_04.png,I08,Motion blur,4,2.33,33.25,1,0,0,0,0
I08_03_05.png,I08,Motion blur,5,1.83,20.75,1,0,0,0,1
I08_14_01.png,I08,Multiplicative noise,1,4.7,92.5,0,0,0,0,0
I08_14_02.png,I08,Multiplicative noise,2,3.6,65.0,0,0,0,0,0
I08_14_03.png,I08,Multiplicative noise,3,2.67,41.75,0,0,0,1,0
I08_14_04.png,I08,Multiplicative noise,4,2.6,40.0,0,0,0,1,0
I08_14_05.png,I08,Multiplicative noise,5,2.17,29.25,0,0,0,1,1
I08_20_01.png,I08,Non-eccentricity patch,1,4.57,89.25,0,0,0,0,0
I08_20_02.png,I08,Non-eccentricity patch,2,4.4,85.0,0,0,0,0,0
I08_20_03.png,I08,Non-eccentricity patch,3,3.5,62.5,0,0,0,0,0
I08_20_04.png,I08,Non-eccentricity patch,4,3.97,74.25,0,0,0,0,0
I08_20_05.png,I08,Non-eccentricity patch,5,3.6,65.0,0,0,0,0,1
I08_21_01.png,I08,Pixelate,1,4.07,76.75,0,0,0,0,0
I08_21_02.png,I08,Pixelate,2,3.5,62.5,0,0,0,0,0
I08_21_03.png,I08,Pixelate,3,3.13,53.25,0,0,0,0,0
I08_21_04.png,I08,Pixelate,4,2.93,48.25,0,0,0,0,0
I08_21_05.png,I08,Pixelate,5,1.63,15.75,0,0,0,0,1
I08_22_01.png,I08,Quantization,1,2.63,40.75,0,0,0,0,0
I08_22_02.png,I08,Quantization,2,2.93,48.25,0,0,0,0,0
I08_22_03.png,I08,Quantization,3,2.5,37.5,0,0,0,0,0
I08_22_04.png,I08,Quantization,4,2.13,28.25,0,0,0,0,0
I08_22_05.png,I08,Quantization,5,1.6,15.0,0,0,0,0,1
I08_11_01.png,I08,White noise,1,3.47,61.75,0,0,0,0,0
I08_11_02.png,I08,White noise,2,2.97,49.25,0,0,0,0,0
I08_11_03.png,I08,White noise,3,2.53,38.25,0,0,0,1,0
I08_11_04.png,I08,White noise,4,2.52,38.0,0,0,0,1,0
I08_11_05.png,I08,White noise,5,2.17,29.25,0,0,0,1,1
I08_12_01.png,I08,White noise in color component,1,4.43,85.75,0,0,0,0,0
I08_12_02.png,I08,White noise in color component,2,3.5,62.5,0,0,0,0,0
I08_12_03.png,I08,White noise in color component,3,2.93,48.25,0,0,0,1,0
I08_12_04.png,I08,White noise in color component,4,2.37,34.25,0,0,0,1,0
I08_12_05.png,I08,White noise in color component,5,2.4,35.0,0,0,0,1,1
I08.png,I08,none,0,,100.0,0,0,0,0,0
I09_16_01.png,I09,Brighten,1,4.5,87.5,0,0,0,0,0
I09_16_02.png,I09,Brighten,2,3.97,74.25,0,0,0,0,0
I09_16_03.png,I09,Brighten,3,3.03,50.75,0,0,1,0,0
I09_16_04.png,I09,Brighten,4,2.33,33.25,0,0,1,0,0
I09_16_05.png,I09,Brighten,5,1.57,14.25,0,0,1,0,1
I09_23_01.png,I09,Color block,1,2.39,34.75,0,0,0,0,0
I09_23_02.png,I09,Color block,2,2.33,33.25,0,0,0,0,0
I09_23_03.png,I09,Color block,3,2.17,29.25,0,0,0,0,1
I09_23_04.png,I09,Color block,4,2.03,25.75,0,0,0,0,1
I09_23_05.png,I09,Color block,5,1.83,20.75,0,0,0,0,1
I09_04_01.png,I09,Color diffusion,1,4.27,81.75,0,0,0,0,0
I09_04_02.png,I09,Color diffusion,2,2.6,40.0,0,0,0,0,0
I09_04_03.png,I09,Color diffusion,3,1.6,15.0,0,0,0,0,0
I09_04_04.png,I09,Color diffusion,4,1.67,16.75,0,0,0,0,0
I09_04_05.png,I09,Color diffusion,5,1.47,11.75,0,0,0,0,1
I09_06_01.png,I09,Color quantization,1,3.9,72.5,0,0,0,0,0
I09_06_02.png,I09,Color quantization,2,3.83,70.75,0,0,0,0,0
I09_06_03.png,I09,Color quantization,3,3.77,69.25,0,0,0,0,1
I09_06_04.png,I09,Color quantization,4,2.7,42.5,0,0,0,0,1
I09_06_05.png,I09,Color quantization,5,2.3,32.5,0,0,0,0,1
I09_07_01.png,I09,Color saturation 1,1,2.87,46.75,0,0,0,0,0
I09_07_02.png,I09,Color saturation 1,2,2.73,43.25,0,0,0,0,0
I09_07_03.png,I09,Color saturation 1,3,2.27,31.75,0,0,0,0,0
I09_07_04.png,I09,Color saturation 1,4,2.07,26.75,0,0,0,0,0
I09_07_05.png,I09,Color saturation 1,5,2.3,32.5,0,0,0,0,1
I09_08_01.png,I09,Color saturation 2,1,4.37,84.25,0,0,0,0,0
I09_08_02.png,I09,Color saturation 2,2,3.1,52.5,0,0,0,0,0
I09_08_03.png,I09,Color saturation 2,3,2.47,36.75,0,0,0,0,0
I09_08_04.png,I09,Color saturation 2,4,1.58,14.5,0,0,0,0,0
I09_08_05.png,I09,Color saturation 2,5,1.6,15.0,0,0,0,0,1
I09_05_01.png,I09,Color shift,1,3.61,65.25,0,0,0,0,0
I09_05_02.png,I09,Color shift,2,1.8,20.0,0,0,0,0,0
I09_05_03.png,I09,Color shift,3,1.47,11.75,0,0,0,0,0
I09_05_04.png,I09,Color shift,4,1.5,12.5,0,0,0,0,0
I09_05_05.png,I09,Color shift,5,1.4,10.0,0,0,0,0,1
I09_25_01.png,I09,Contrast change,1,3.07,51.75,0,0,0,0,0
I09_25_02.png,I09,Contrast change,2,3.63,65.75,0,0,0,0,0
I09_25_03.png,I09,Contrast change,3,4.23,80.75,0,0,0,0,0
I09_25_04.png,I09,Contrast change,4,4.1,77.5,0,0,0,0,0
I09_25_05.png,I09,Contrast change,5,3.57,64.25,0,0,0,0,1
I09_17_01.png,I09,Darken,1,4.6,90.0,0,0,0,0,0
I09_17_02.png,I09,Darken,2,4.5,87.5,0,0,0,0,0
I09_17_03.png,I09,Darken,3,4.13,78.25,0,1,0,0,0
I09_17_04.png,I09,Darken,4,3.33,58.25,0,1,0,0,0
I09_17_05.png,I09,Darken,5,1.87,21.75,0,1,0,0,1
I09_15_01.png,I09,Denoise,1,3.37,59.25,0,0,0,0,0
I09_15_02.png,I09,Denoise,2,2.57,39.25,0,0,0,0,0
I09_15_03.png,I09,Denoise,3,2.23,30.75,0,0,0,1,0
I09_15_04.png,I09,Denoise,4,1.6,15.0,0,0,0,1,0
I09_15_05.png,I09,Denoise,5,1.5,12.5,0,0,0,1,1
I09_01_01.png,I09,Gaussian blur,1,4.73,93.25,0,0,0,0,0
I09_01_02.png,I09,Gaussian blur,2,3.77,69.25,0,0,0,0,0
I09_01_03.png,I09,Gaussian blur,3,1.93,23.25,1,0,0,0,0
I09_01_04.png,I09,Gaussian blur,4,1.4,10.0,1,0,0,0,0
I09_01_05.png,I09,Gaussian blur,5,1.2,5.0,1,0,0,0,1
I09_24_01.png,I09,High sharpen,1,3.07,51.75,0,0,0,0,0
I09_24_02.png,I09,High sharpen,2,2.2,30.0,0,0,0,0,0
I09_24_03.png,I09,High sharpen,3,1.87,21.75,0,0,0,0,0
I09_24_04.png,I09,High sharpen,4,1.23,5.75,0,0,0,0,0
I09_24_05.png,I09,High sharpen,5,1.1,2.5,0,0,0,0,1
I09_13_01.png,I09,Impulse noise,1,3.97,74.25,0,0,0,0,0
I09_13_02.png,I09,Impulse noise,2,2.57,39.25,0,0,0,0,0
I09_13_03.png,I09,Impulse noise,3,2.83,45.75,0,0,0,1,0
I09_13_04.png,I09,Impulse noise,4,2.42,35.5,0,0,0,1,0
I09_13_05.png,I09,Impulse noise,5,2.35,33.75,0,0,0,1,1
I09_10_01.png,I09,JPEG,1,3.93,73.25,0,0,0,0,0
I09_10_02.png,I09,JPEG,2,4.37,84.25,0,0,0,0,0
I09_10_03.png,I09,JPEG,3,3.67,66.75,0,0,0,0,1
I09_10_04.png,I09,JPEG,4,1.93,23.25,0,0,0,0,1
I09_10_05.png,I09,JPEG,5,1.23,5.75,0,0,0,0,1
I09_09_01.png,I09,JPEG2000,1,4.1,77.5,0,0,0,0,0
I09_09_02.png,I09,JPEG2000,2,3.33,58.25,0,0,0,0,0
I09_09_03.png,I09,JPEG2000,3,2.63,40.75,0,0,0,0,1
I09_09_04.png,I09,JPEG2000,4,1.77,19.25,0,0,0,0,1
I09_09_05.png,I09,JPEG2000,5,1.17,4.25,0,0,0,0,1
I09_19_01.png,I09,Jitter,1,4.17,79.25,0,0,0,0,0
I09_19_02.png,I09,Jitter,2,3.83,70.75,0,0,0,0,0
I09_19_03.png,I09,Jitter,3,3.43,60.75,0,0,0,0,0
I09_19_04.png,I09,Jitter,4,1.83,20.75,0,0,0,0,0
I09_19_05.png,I09,Jitter,5,1.27,6.75,0,0,0,0,1
I09_02_01.png,I09,Lens blur,1,3.1,52.5,0,0,0,0,0
I09_02_02.png,I09,Lens blur,2,2.13,28.25,0,0,0,0,0
I09_02_03.png,I09,Lens blur,3,1.37,9.25,1,0,0,0,0
I09_02_04.png,I09,Lens blur,4,1.57,14.25,1,0,0,0,0
I09_02_05.png,I09,Lens blur,5,1.07,1.75,1,0,0,0,1
I09_18_01.png,I09,Mean shift,1,4.3,82.5,0,0,0,0,0
I09_18_02.png,I09,Mean shift,2,4.53,88.25,0,0,0,0,0
I09_18_03.png,I09,Mean shift,3,4.53,88.25,0,0,0,0,0
I09_18_04.png,I09,Mean shift,4,4.43,85.75,0,0,0,0,0
I09_18_05.png,I09,Mean shift,5,3.8,70.0,0,0,0,0,1
I09_03_01.png,I09,Motion blur,1,4.5,87.5,0,0,0,0,0
I09_03_02.png,I09,Motion blur,2,3.67,66.75,0,0,0,0,0
I09_03_03.png,I09,Motion blur,3,2.13,28.25,1,0,0,0,0
I09_03_04.png,I09,Motion blur,4,1.67,16.75,1,0,0,0,0
I09_03_05.png,I09,Motion blur,5,1.3,7.5,1,0,0,0,1
I09_14_01.png,I09,Multiplicative noise,1,4.33,83.25,0,0,0,0,0
I09_14_02.png,I09,Multiplicative noise,2,3.1,52.5,0,0,0,0,0
I09_14_03.png,I09,Multiplicative noise,3,2.9,47.5,0,0,0,1,0
I09_14_04.png,I09,Multiplicative noise,4,2.27,31.75,0,0,0,1,0
I09_14_05.png,I09,Multiplicative noise,5,1.63,15.75,0,0,0,1,1
I09_20_01.png,I09,Non-eccentricity patch,1,4.4,85.0,0,0,0,0,0
I09_20_02.png,I09,Non-eccentricity patch,2,4.37,84.25,0,0,0,0,0
I09_20_03.png,I09,Non-eccentricity patch,3,4.1,77.5,0,0,0,0,0
I09_20_04.png,I09,Non-eccentricity patch,4,3.73,68.25,0,0,0,0,0
I09_20_05.png,I09,Non-eccentricity patch,5,3.3,57.5,0,0,0,0,1
I09_21_01.png,I09,Pixelate,1,3.83,70.75,0,0,0,0,0
I09_21_02.png,I09,Pixelate,2,3.5,62.5,0,0,0,0,0
I09_21_03.png,I09,Pixelate,3,3.07,51.75,0,0,0,0,0
I09_21_04.png,I09,Pixelate,4,3.17,54.25,0,0,0,0,0
I09_21_05.png,I09,Pixelate,5,1.57,14.25,0,0,0,0,1
I09_22_01.png,I09,Quantization,1,4.7,92.5,0,0,0,0,0
I09_22_02.png,I09,Quantization,2,4.33,83.25,0,0,0,0,0
I09_22_03.png,I09,Quantization,3,4.23,80.75,0,0,0,0,0
I09_22_04.png,I09,Quantization,4,4.1,77.5,0,0,0,0,0
I09_22_05.png,I09,Quantization,5,3.4,60.0,0,0,0,0,1
I09_11_01.png,I09,White noise,1,4.3,82.5,0,0,0,0,0
I09_11_02.png,I09,White noise,2,3.33,58.25,0,0,0,0,0
I09_11_03.png,I09,White noise,3,3.0,50.0,0,0,0,1,0
I09_11_04.png,I09,White noise,4,2.53,38.25,0,0,0,1,0
I09_11_05.png,I09,White noise,5,2.1,27.5,0,0,0,1,1
I09_12_01.png,I09,White noise in color component,1,4.67,91.75,0,0,0,0,0
I09_12_02.png,I09,White noise in color component,2,3.77,69.25,0,0,0,0,0
I09_12_03.png,I09,White noise in color component,3,2.83,45.75,0,0,0,1,0
I09_12_04.png,I09,White noise in color component,4,2.7,42.5,0,0,0,1,0
I09_12_05.png,I09,White noise in color component,5,2.2,30.0,0,0,0,1,1
I09.png,I09,none,0,,100.0,0,0,0,0,0
I10_16_01.png,I10,Brighten,1,4.43,85.75,0,0,0,0,0
I10_16_02.png,I10,Brighten,2,4.17,79.25,0,0,0,0,0
I10_16_03.png,I10,Brighten,3,3.73,68.25,0,0,1,0,0
I10_16_04.png,I10,Brighten,4,2.77,44.25,0,0,1,0,0
I10_16_05.png,I10,Brighten,5,1.73,18.25,0,0,1,0,1
I10_23_01.png,I10,Color block,1,2.93,48.25,0,0,0,0,0
I10_23_02.png,I10,Color block,2,2.03,25.75,0,0,0,0,0
I10_23_03.png,I10,Color block,3,2.57,39.25,0,0,0,0,1
I10_23_04.png,I10,Color block,4,1.97,24.25,0,0,0,0,1
I10_23_05.png,I10,Color block,5,2.23,30.75,0,0,0,0,1
I10_04_01.png,I10,Color diffusion,1,4.63,90.75,0,0,0,0,0
I10_04_02.png,I10,Color diffusion,2,2.93,48.25,0,0,0,0,0
I10_04_03.png,I10,Color diffusion,3,1.93,23.25,0,0,0,0,0
I10_04_04.png,I10,Color diffusion,4,1.53,13.25,0,0,0,0,0
I10_04_05.png,I10,Color diffusion,5,1.27,6.75,0,0,0,0,1
I10_06_01.png,I10,Color quantization,1,3.63,65.75,0,0,0,0,0
I10_06_02.png,I10,Color quantization,2,3.83,70.75,0,0,0,0,0
I10_06_03.png,I10,Color quantization,3,3.8,70.0,0,0,0,0,1
I10_06_04.png,I10,Color quantization,4,3.13,53.25,0,0,0,0,1
I10_06_05.png,I10,Color quantization,5,2.03,25.75,0,0,0,0,1
I10_07_01.png,I10,Color saturation 1,1,3.27,56.75,0,0,0,0,0
I10_07_02.png,I10,Color saturation 1,2,2.27,31.75,0,0,0,0,0
I10_07_03.png,I10,Color saturation 1,3,2.23,30.75,0,0,0,0,0
I10_07_04.png,I10,Color saturation 1,4,2.33,33.25,0,0,0,0,0
I10_07_05.png,I10,Color saturation 1,5,1.83,20.75,0,0,0,0,1
I10_08_01.png,I10,Color saturation 2,1,4.73,93.25,0,0,0,0,0
I10_08_02.png,I10,Color saturation 2,2,3.03,50.75,0,0,0,0,0
I10_08_03.png,I10,Color saturation 2,3,2.33,33.25,0,0,0,0,0
I10_08_04.png,I10,Color saturation 2,4,1.63,15.75,0,0,0,0,0
I10_08_05.png,I10,Color saturation 2,5,1.27,6.75,0,0,0,0,1
I10_05_01.png,I10,Color shift,1,4.63,90.75,0,0,0,0,0
I10_05_02.png,I10,Color shift,2,2.5,37.5,0,0,0,0,0
I10_05_03.png,I10,Color shift,3,1.73,18.25,0,0,0,0,0
I10_05_04.png,I10,Color shift,4,1.63,15.75,0,0,0,0,0
I10_05_05.png,I10,Color shift,5,1.83,20.75,0,0,0,0,1
I10_25_01.png,I10,Contrast change,1,3.23,55.75,0,0,0,0,0
I10_25_02.png,I10,Contrast change,2,3.6,65.0,0,0,0,0,0
I10_25_03.png,I10,Contrast change,3,4.37,84.25,0,0,0,0,0
I10_25_04.png,I10,Contrast change,4,4.33,83.25,0,0,0,0,0
I10_25_05.png,I10,Contrast change,5,3.83,70.75,0,0,0,0,1
I10_17_01.png,I10,Darken,1,4.87,96.75,0,0,0,0,0
I10_17_02.png,I10,Darken,2,4.3,82.5,0,0,0,0,0
I10_17_03.png,I10,Darken,3,4.23,80.75,0,1,0,0,0
I10_17_04.png,I10,Darken,4,3.41,60.25,0,1,0,0,0
I10_17_05.png,I10,Darken,5,2.27,31.75,0,1,0,0,1
I10_15_01.png,I10,Denoise,1,3.6,65.0,0,0,0,0,0
I10_15_02.png,I10,Denoise,2,2.3,32.5,0,0,0,0,0
I10_15_03.png,I10,Denoise,3,2.03,25.75,0,0,0,1,0
I10_15_04.png,I10,Denoise,4,1.63,15.75,0,0,0,1,0
I10_15_05.png,I10,Denoise,5,1.37,9.25,0,0,0,1,1
I10_01_01.png,I10,Gaussian blur,1,4.73,93.25,0,0,0,0,0
I10_01_02.png,I10,Gaussian blur,2,4.53,88.25,0,0,0,0,0
I10_01_03.png,I10,Gaussian blur,3,2.8,45.0,1,0,0,0,0
I10_01_04.png,I10,Gaussian blur,4,1.67,16.75,1,0,0,0,0
I10_01_05.png,I10,Gaussian blur,5,1.23,5.75,1,0,0,0,1
I10_24_01.png,I10,High sharpen,1,3.67,66.75,0,0,0,0,0
I10_24_02.png,I10,High sharpen,2,2.63,40.75,0,0,0,0,0
I10_24_03.png,I10,High sharpen,3,2.17,29.25,0,0,0,0,0
I10_24_04.png,I10,High sharpen,4,1.5,12.5,0,0,0,0,0
I10_24_05.png,I10,High sharpen,5,1.3,7.5,0,0,0,0,1
I10_13_01.png,I10,Impulse noise,1,3.57,64.25,0,0,0,0,0
I10_13_02.png,I10,Impulse noise,2,2.7,42.5,0,0,0,0,0
I10_13_03.png,I10,Impulse noise,3,2.3,32.5,0,0,0,1,0
I10_13_04.png,I10,Impulse noise,4,2.17,29.25,0,0,0,1,0
I10_13_05.png,I10,Impulse noise,5,1.97,24.25,0,0,0,1,1
I10_10_01.png,I10,JPEG,1,4.07,76.75,0,0,0,0,0
I10_10_02.png,I10,JPEG,2,4.23,80.75,0,0,0,0,0
I10_10_03.png,I10,JPEG,3,3.4,60.0,0,0,0,0,1
I10_10_04.png,I10,JPEG,4,1.57,14.25,0,0,0,0,1
I10_10_05.png,I10,JPEG,5,1.17,4.25,0,0,0,0,1
I10_09_01.png,I10,JPEG2000,1,4.7,92.5,0,0,0,0,0
I10_09_02.png,I10,JPEG2000,2,4.47,86.75,0,0,0,0,0
I10_09_03.png,I10,JPEG2000,3,4.03,75.75,0,0,0,0,1
I10_09_04.png,I10,JPEG2000,4,1.97,24.25,0,0,0,0,1
I10_09_05.png,I10,JPEG2000,5,1.13,3.25,0,0,0,0,1
I10_19_01.png,I10,Jitter,1,4.63,90.75,0,0,0,0,0
I10_19_02.png,I10,Jitter,2,4.23,80.75,0,0,0,0,0
I10_19_03.png,I10,Jitter,3,3.43,60.75,0,0,0,0,0
I10_19_04.png,I10,Jitter,4,1.63,15.75,0,0,0,0,0
I10_19_05.png,I10,Jitter,5,1.2,5.0,0,0,0,0,1
I10_02_01.png,I10,Lens blur,1,3.9,72.5,0,0,0,0,0
I10_02_02.png,I10,Lens blur,2,2.57,39.25,0,0,0,0,0
I10_02_03.png,I10,Lens blur,3,1.77,19.25,1,0,0,0,0
I10_02_04.png,I10,Lens blur,4,1.27,6.75,1,0,0,0,0
I10_02_05.png,I10,Lens blur,5,1.33,8.25,1,0,0,0,1
I10_18_01.png,I10,Mean shift,1,4.33,83.25,0,0,0,0,0
I10_18_02.png,I10,Mean shift,2,4.57,89.25,0,0,0,0,0
I10_18_03.png,I10,Mean shift,3,4.73,93.25,0,0,0,0,0
I10_18_04.png,I10,Mean shift,4,4.57,89.25,0,0,0,0,0
I10_18_05.png,I10,Mean shift,5,3.8,70.0,0,0,0,0,1
I10_03_01.png,I10,Motion blur,1,4.67,91.75,0,0,0,0,0
I10_03_02.png,I10,Motion blur,2,4.2,80.0,0,0,0,0,0
I10_03_03.png,I10,Motion blur,3,2.9,47.5,1,0,0,0,0
I10_03_04.png,I10,Motion blur,4,2.17,29.25,1,0,0,0,0
I10_03_05.png,I10,Motion blur,5,1.4,10.0,1,0,0,0,1
I10_14_01.png,I10,Multiplicative noise,1,4.5,87.5,0,0,0,0,0
I10_14_02.png,I10,Multiplicative noise,2,3.2,55.0,0,0,0,0,0
I10_14_03.png,I10,Multiplicative noise,3,2.47,36.75,0,0,0,1,0
I10_14_04.png,I10,Multiplicative noise,4,2.07,26.75,0,0,0,1,0
I10_14_05.png,I10,Multiplicative noise,5,1.87,21.75,0,0,0,1,1
I10_20_01.png,I10,Non-eccentricity patch,1,4.57,89.25,0,0,0,0,0
I10_20_02.png,I10,Non-eccentricity patch,2,4.47,86.75,0,0,0,0,0
I10_20_03.png,I10,Non-eccentricity patch,3,4.43,85.75,0,0,0,0,0
I10_20_04.png,I10,Non-eccentricity patch,4,4.23,80.75,0,0,0,0,0
I10_20_05.png,I10,Non-eccentricity patch,5,3.97,74.25,0,0,0,0,1
I10_21_01.png,I10,Pixelate,1,3.27,56.75,0,0,0,0,0
I10_21_02.png,I10,Pixelate,2,2.4,35.0,0,0,0,0,0
I10_21_03.png,I10,Pixelate,3,2.43,35.75,0,0,0,0,0
I10_21_04.png,I10,Pixelate,4,2.27,31.75,0,0,0,0,0
I10_21_05.png,I10,Pixelate,5,1.23,5.75,0,0,0,0,1
I10_22_01.png,I10,Quantization,1,3.81,70.25,0,0,0,0,0
I10_22_02.png,I10,Quantization,2,3.87,71.75,0,0,0,0,0
I10_22_03.png,I10,Quantization,3,2.97,49.25,0,0,0,0,0
I10_22_04.png,I10,Quantization,4,3.03,50.75,0,0,0,0,0
I10_22_05.png,I10,Quantization,5,2.1,27.5,0,0,0,0,1
I10_11_01.png,I10,White noise,1,3.1,52.5,0,0,0,0,0
I10_11_02.png,I10,White noise,2,2.9,47.5,0,0,0,0,0
I10_11_03.png,I10,White noise,3,2.83,45.75,0,0,0,1,0
I10_11_04.png,I10,White noise,4,2.27,31.75,0,0,0,1,0
I10_11_05.png,I10,White noise,5,1.8,20.0,0,0,0,1,1
I10_12_01.png,I10,White noise in color component,1,4.03,75.75,0,0,0,0,0
I10_12_02.png,I10,White noise in color component,2,3.0,50.0,0,0,0,0,0
I10_12_03.png,I10,White noise in color component,3,2.6,40.0,0,0,0,1,0
I10_12_04.png,I10,White noise in color component,4,2.33,33.25,0,0,0,1,0
I10_12_05.png,I10,White noise in color component,5,2.1,27.5,0,0,0,1,1
I10.png,I10,none,0,,100.0,0,0,0,0,0
I11_16_01.png,I11,Brighten,1,4.43,85.75,0,0,0,0,0
I11_16_02.png,I11,Brighten,2,4.07,76.75,0,0,0,0,0
I11_16_03.png,I11,Brighten,3,3.7,67.5,0,0,1,0,0
I11_16_04.png,I11,Brighten,4,3.2,55.0,0,0,1,0,0
I11_16_05.png,I11,Brighten,5,2.6,40.0,0,0,1,0,1
I11_23_01.png,I11,Color block,1,1.93,23.25,0,0,0,0,0
I11_23_02.png,I11,Color block,2,1.63,15.75,0,0,0,0,0
I11_23_03.png,I11,Color block,3,2.5,37.5,0,0,0,0,1
I11_23_04.png,I11,Color block,4,2.07,26.75,0,0,0,0,1
I11_23_05.png,I11,Color block,5,1.6,15.0,0,0,0,0,1
I11_04_01.png,I11,Color diffusion,1,4.47,86.75,0,0,0,0,0
I11_04_02.png,I11,Color diffusion,2,2.83,45.75,0,0,0,0,0
I11_04_03.png,I11,Color diffusion,3,2.0,25.0,0,0,0,0,0
I11_04_04.png,I11,Color diffusion,4,1.73,18.25,0,0,0,0,0
I11_04_05.png,I11,Color diffusion,5,1.6,15.0,0,0,0,0,1
I11_06_01.png,I11,Color quantization,1,4.17,79.25,0,0,0,0,0
I11_06_02.png,I11,Color quantization,2,4.03,75.75,0,0,0,0,0
I11_06_03.png,I11,Color quantization,3,4.03,75.75,0,0,0,0,1
I11_06_04.png,I11,Color quantization,4,3.0,50.0,0,0,0,0,1
I11_06_05.png,I11,Color quantization,5,1.9,22.5,0,0,0,0,1
I11_07_01.png,I11,Color saturation 1,1,3.2,55.0,0,0,0,0,0
I11_07_02.png,I11,Color saturation 1,2,2.53,38.25,0,0,0,0,0
I11_07_03.png,I11,Color saturation 1,3,2.5,37.5,0,0,0,0,0
I11_07_04.png,I11,Color saturation 1,4,2.6,40.0,0,0,0,0,0
I11_07_05.png,I11,Color saturation 1,5,2.03,25.75,0,0,0,0,1
I11_08_01.png,I11,Color saturation 2,1,4.53,88.25,0,0,0,0,0
I11_08_02.png,I11,Color saturation 2,2,3.43,60.75,0,0,0,0,0
I11_08_03.png,I11,Color saturation 2,3,2.9,47.5,0,0,0,0,0
I11_08_04.png,I11,Color saturation 2,4,2.0,25.0,0,0,0,0,0
I11_08_05.png,I11,Color saturation 2,5,1.47,11.75,0,0,0,0,1
I11_05_01.png,I11,Color shift,1,4.5,87.5,0,0,0,0,0
I11_05_02.png,I11,Color shift,2,1.77,19.25,0,0,0,0,0
I11_05_03.png,I11,Color shift,3,1.97,24.25,0,0,0,0,0
I11_05_04.png,I11,Color shift,4,2.03,25.75,0,0,0,0,0
I11_05_05.png,I11,Color shift,5,1.6,15.0,0,0,0,0,1
I11_25_01.png,I11,Contrast change,1,3.3,57.5,0,0,0,0,0
I11_25_02.png,I11,Contrast change,2,3.57,64.25,0,0,0,0,0
I11_25_03.png,I11,Contrast change,3,4.3,82.5,0,0,0,0,0
I11_25_04.png,I11,Contrast change,4,3.73,68.25,0,0,0,0,0
I11_25_05.png,I11,Contrast change,5,2.83,45.75,0,0,0,0,1
I11_17_01.png,I11,Darken,1,4.7,92.5,0,0,0,0,0
I11_17_02.png,I11,Darken,2,4.67,91.75,0,0,0,0,0
I11_17_03.png,I11,Darken,3,4.6,90.0,0,1,0,0,0
I11_17_04.png,I11,Darken,4,3.33,58.25,0,1,0,0,0
I11_17_05.png,I11,Darken,5,1.37,9.25,0,1,0,0,1
I11_15_01.png,I11,Denoise,1,3.13,53.25,0,0,0,0,0
I11_15_02.png,I11,Denoise,2,2.23,30.75,0,0,0,0,0
I11_15_03.png,I11,Denoise,3,1.73,18.25,0,0,0,1,0
I11_15_04.png,I11,Denoise,4,1.37,9.25,0,0,0,1,0
I11_15_05.png,I11,Denoise,5,1.43,10.75,0,0,0,1,1
I11_01_01.png,I11,Gaussian blur,1,4.6,90.0,0,0,0,0,0
I11_01_02.png,I11,Gaussian blur,2,4.07,76.75,0,0,0,0,0
I11_01_03.png,I11,Gaussian blur,3,2.5,37.5,1,0,0,0,0
I11_01_04.png,I11,Gaussian blur,4,1.77,19.25,1,0,0,0,0
I11_01_05.png,I11,Gaussian blur,5,1.35,8.75,1,0,0,0,1
I11_24_01.png,I11,High sharpen,1,3.3,57.5,0,0,0,0,0
I11_24_02.png,I11,High sharpen,2,2.5,37.5,0,0,0,0,0
I11_24_03.png,I11,High sharpen,3,1.83,20.75,0,0,0,0,0
I11_24_04.png,I11,High sharpen,4,1.6,15.0,0,0,0,0,0
I11_24_05.png,I11,High sharpen,5,1.13,3.25,0,0,0,0,1
I11_13_01.png,I11,Impulse noise,1,3.57,64.25,0,0,0,0,0
I11_13_02.png,I11,Impulse noise,2,2.67,41.75,0,0,0,0,0
I11_13_03.png,I11,Impulse noise,3,2.27,31.75,0,0,0,1,0
I11_13_04.png,I11,Impulse noise,4,2.4,35.0,0,0,0,1,0
I11_13_05.png,I11,Impulse noise,5,1.93,23.25,0,0,0,1,1
I11_10_01.png,I11,JPEG,1,4.43,85.75,0,0,0,0,0
I11_10_02.png,I11,JPEG,2,4.17,79.25,0,0,0,0,0
I11_10_03.png,I11,JPEG,3,4.03,75.75,0,0,0,0,1
I11_10_04.png,I11,JPEG,4,1.63,15.75,0,0,0,0,1
I11_10_05.png,I11,JPEG,5,1.16,4.0,0,0,0,0,1
I11_09_01.png,I11,JPEG2000,1,4.63,90.75,0,0,0,0,0
I11_09_02.png,I11,JPEG2000,2,4.27,81.75,0,0,0,0,0
I11_09_03.png,I11,JPEG2000,3,4.1,77.5,0,0,0,0,1
I11_09_04.png,I11,JPEG2000,4,2.27,31.75,0,0,0,0,1
I11_09_05.png,I11,JPEG2000,5,1.4,10.0,0,0,0,0,1
I11_19_01.png,I11,Jitter,1,4.3,82.5,0,0,0,0,0
I11_19_02.png,I11,Jitter,2,4.23,80.75,0,0,0,0,0
I11_19_03.png,I11,Jitter,3,3.13,53.25,0,0,0,0,0
I11_19_04.png,I11,Jitter,4,1.87,21.75,0,0,0,0,0
I11_19_05.png,I11,Jitter,5,1.4,10.0,0,0,0,0,1
I11_02_01.png,I11,Lens blur,1,3.4,60.0,0,0,0,0,0
I11_02_02.png,I11,Lens blur,2,2.07,26.75,0,0,0,0,0
I11_02_03.png,I11,Lens blur,3,1.77,19.25,1,0,0,0,0
I11_02_04.png,I11,Lens blur,4,1.4,10.0,1,0,0,0,0
I11_02_05.png,I11,Lens blur,5,1.27,6.75,1,0,0,0,1
I11_18_01.png,I11,Mean shift,1,4.23,80.75,0,0,0,0,0
I11_18_02.png,I11,Mean shift,2,4.6,90.0,0,0,0,0,0
I11_18_03.png,I11,Mean shift,3,4.68,92.0,0,0,0,0,0
I11_18_04.png,I11,Mean shift,4,4.27,81.75,0,0,0,0,0
I11_18_05.png,I11,Mean shift,5,3.47,61.75,0,0,0,0,1
I11_03_01.png,I11,Motion blur,1,4.7,92.5,0,0,0,0,0
I11_03_02.png,I11,Motion blur,2,3.57,64.25,0,0,0,0,0
I11_03_03.png,I11,Motion blur,3,2.47,36.75,1,0,0,0,0
I11_03_04.png,I11,Motion blur,4,2.1,27.5,1,0,0,0,0
I11_03_05.png,I11,Motion blur,5,1.47,11.75,1,0,0,0,1
I11_14_01.png,I11,Multiplicative noise,1,4.57,89.25,0,0,0,0,0
I11_14_02.png,I11,Multiplicative noise,2,3.8,70.0,0,0,0,0,0
I11_14_03.png,I11,Multiplicative noise,3,2.8,45.0,0,0,0,1,0
I11_14_04.png,I11,Multiplicative noise,4,2.63,40.75,0,0,0,1,0
I11_14_05.png,I11,Multiplicative noise,5,2.23,30.75,0,0,0,1,1
I11_20_01.png,I11,Non-eccentricity patch,1,4.47,86.75,0,0,0,0,0
I11_20_02.png,I11,Non-eccentricity patch,2,4.67,91.75,0,0,0,0,0
I11_20_03.png,I11,Non-eccentricity patch,3,4.17,79.25,0,0,0,0,0
I11_20_04.png,I11,Non-eccentricity patch,4,4.17,79.25,0,0,0,0,0
I11_20_05.png,I11,Non-eccentricity patch,5,4.03,75.75,0,0,0,0,1
I11_21_01.png,I11,Pixelate,1,4.5,87.5,0,0,0,0,0
I11_21_02.png,I11,Pixelate,2,3.9,72.5,0,0,0,0,0
I11_21_03.png,I11,Pixelate,3,3.47,61.75,0,0,0,0,0
I11_21_04.png,I11,Pixelate,4,2.93,48.25,0,0,0,0,0
I11_21_05.png,I11,Pixelate,5,1.47,11.75,0,0,0,0,1
I11_22_01.png,I11,Quantization,1,4.1,77.5,0,0,0,0,0
I11_22_02.png,I11,Quantization,2,3.53,63.25,0,0,0,0,0
I11_22_03.png,I11,Quantization,3,3.1,52.5,0,0,0,0,0
I11_22_04.png,I11,Quantization,4,2.5,37.5,0,0,0,0,0
I11_22_05.png,I11,Quantization,5,2.27,31.75,0,0,0,0,1
I11_11_01.png,I11,White noise,1,3.97,74.25,0,0,0,0,0
I11_11_02.png,I11,White noise,2,2.9,47.5,0,0,0,0,0
I11_11_03.png,I11,White noise,3,2.8,45.0,0,0,0,1,0
I11_11_04.png,I11,White noise,4,2.47,36.75,0,0,0,1,0
I11_11_05.png,I11,White noise,5,2.13,28.25,0,0,0,1,1
I11_12_01.png,I11,White noise in color component,1,4.53,88.25,0,0,0,0,0
I11_12_02.png,I11,White noise in color component,2,3.2,55.0,0,0,0,0,0
I11_12_03.png,I11,White noise in color component,3,3.0,50.0,0,0,0,1,0
I11_12_04.png,I11,White noise in color component,4,2.57,39.25,0,0,0,1,0
I11_12_05.png,I11,White noise in color component,5,2.13,28.25,0,0,0,1,1
I11.png,I11,none,0,,100.0,0,0,0,0,0
I12_16_01.png,I12,Brighten,1,4.3,82.5,0,0,0,0,0
I12_16_02.png,I12,Brighten,2,4.2,80.0,0,0,0,0,0
I12_16_03.png,I12,Brighten,3,3.3,57.5,0,0,1,0,0
I12_16_04.png,I12,Brighten,4,2.1,27.5,0,0,1,0,0
I12_16_05.png,I12,Brighten,5,1.57,14.25,0,0,1,0,1
I12_23_01.png,I12,Color block,1,2.26,31.5,0,0,0,0,0
I12_23_02.png,I12,Color block,2,2.17,29.25,0,0,0,0,0
I12_23_03.png,I12,Color block,3,2.57,39.25,0,0,0,0,1
I12_23_04.png,I12,Color block,4,2.27,31.75,0,0,0,0,1
I12_23_05.png,I12,Color block,5,2.13,28.25,0,0,0,0,1
I12_04_01.png,I12,Color diffusion,1,4.5,87.5,0,0,0,0,0
I12_04_02.png,I12,Color diffusion,2,2.63,40.75,0,0,0,0,0
I12_04_03.png,I12,Color diffusion,3,1.73,18.25,0,0,0,0,0
I12_04_04.png,I12,Color diffusion,4,1.53,13.25,0,0,0,0,0
I12_04_05.png,I12,Color diffusion,5,1.3,7.5,0,0,0,0,1
I12_06_01.png,I12,Color quantization,1,4.45,86.25,0,0,0,0,0
I12_06_02.png,I12,Color quantization,2,4.06,76.5,0,0,0,0,0
I12_06_03.png,I12,Color quantization,3,4.0,75.0,0,0,0,0,1
I12_06_04.png,I12,Color quantization,4,3.27,56.75,0,0,0,0,1
I12_06_05.png,I12,Color quantization,5,2.36,34.0,0,0,0,0,1
I12_07_01.png,I12,Color saturation 1,1,2.4,35.0,0,0,0,0,0
I12_07_02.png,I12,Color saturation 1,2,1.87,21.75,0,0,0,0,0
I12_07_03.png,I12,Color saturation 1,3,2.67,41.75,0,0,0,0,0
I12_07_04.png,I12,Color saturation 1,4,2.37,34.25,0,0,0,0,0
I12_07_05.png,I12,Color saturation 1,5,1.93,23.25,0,0,0,0,1
I12_08_01.png,I12,Color saturation 2,1,4.47,86.75,0,0,0,0,0
I12_08_02.png,I12,Color saturation 2,2,3.5,62.5,0,0,0,0,0
I12_08_03.png,I12,Color saturation 2,3,3.13,53.25,0,0,0,0,0
I12_08_04.png,I12,Color saturation 2,4,2.55,38.75,0,0,0,0,0
I12_08_05.png,I12,Color saturation 2,5,1.6,15.0,0,0,0,0,1
I12_05_01.png,I12,Color shift,1,3.0,50.0,0,0,0,0,0
I12_05_02.png,I12,Color shift,2,2.17,29.25,0,0,0,0,0
I12_05_03.png,I12,Color shift,3,1.4,10.0,0,0,0,0,0
I12_05_04.png,I12,Color shift,4,1.17,4.25,0,0,0,0,0
I12_05_05.png,I12,Color shift,5,1.2,5.0,0,0,0,0,1
I12_25_01.png,I12,Contrast change,1,3.07,51.75,0,0,0,0,0
I12_25_02.png,I12,Contrast change,2,3.87,71.75,0,0,0,0,0
I12_25_03.png,I12,Contrast change,3,4.35,83.75,0,0,0,0,0
I12_25_04.png,I12,Contrast change,4,4.33,83.25,0,0,0,0,0
I12_25_05.png,I12,Contrast change,5,3.07,51.75,0,0,0,0,1
I12_17_01.png,I12,Darken,1,4.6,90.0,0,0,0,0,0
I12_17_02.png,I12,Darken,2,4.6,90.0,0,0,0,0,0
I12_17_03.png,I12,Darken,3,4.33,83.25,0,1,0,0,0
I12_17_04.png,I12,Darken,4,3.9,72.5,0,1,0,0,0
I12_17_05.png,I12,Darken,5,2.5,37.5,0,1,0,0,1
I12_15_01.png,I12,Denoise,1,3.37,59.25,0,0,0,0,0
I12_15_02.png,I12,Denoise,2,2.57,39.25,0,0,0,0,0
I12_15_03.png,I12,Denoise,3,2.2,30.0,0,0,0,1,0
I12_15_04.png,I12,Denoise,4,1.87,21.75,0,0,0,1,0
I12_15_05.png,I12,Denoise,5,1.7,17.5,0,0,0,1,1
I12_01_01.png,I12,Gaussian blur,1,4.53,88.25,0,0,0,0,0
I12_01_02.png,I12,Gaussian blur,2,3.87,71.75,0,0,0,0,0
I12_01_03.png,I12,Gaussian blur,3,2.4,35.0,1,0,0,0,0
I12_01_04.png,I12,Gaussian blur,4,1.67,16.75,1,0,0,0,0
I12_01_05.png,I12,Gaussian blur,5,1.17,4.25,1,0,0,0,1
I12_24_01.png,I12,High sharpen,1,3.03,50.75,0,0,0,0,0
I12_24_02.png,I12,High sharpen,2,1.9,22.5,0,0,0,0,0
I12_24_03.png,I12,High sharpen,3,2.03,25.75,0,0,0,0,0
I12_24_04.png,I12,High sharpen,4,1.3,7.5,0,0,0,0,0
I12_24_05.png,I12,High sharpen,5,1.23,5.75,0,0,0,0,1
I12_13_01.png,I12,Impulse noise,1,4.3,82.5,0,0,0,0,0
I12_13_02.png,I12,Impulse noise,2,3.83,70.75,0,0,0,0,0
I12_13_03.png,I12,Impulse noise,3,3.03,50.75,0,0,0,1,0
I12_13_04.png,I12,Impulse noise,4,2.73,43.25,0,0,0,1,0
I12_13_05.png,I12,Impulse noise,5,2.17,29.25,0,0,0,1,1
I12_10_01.png,I12,JPEG,1,4.5,87.5,0,0,0,0,0
I12_10_02.png,I12,JPEG,2,4.3,82.5,0,0,0,0,0
I12_10_03.png,I12,JPEG,3,4.0,75.0,0,0,0,0,1
I12_10_04.png,I12,JPEG,4,2.66,41.5,0,0,0,0,1
I12_10_05.png,I12,JPEG,5,1.93,23.25,0,0,0,0,1
I12_09_01.png,I12,JPEG2000,1,4.13,78.25,0,0,0,0,0
I12_09_02.png,I12,JPEG2000,2,3.07,51.75,0,0,0,0,0
I12_09_03.png,I12,JPEG2000,3,2.6,40.0,0,0,0,0,1
I12_09_04.png,I12,JPEG2000,4,1.43,10.75,0,0,0,0,1
I12_09_05.png,I12,JPEG2000,5,1.1,2.5,0,0,0,0,1
I12_19_01.png,I12,Jitter,1,4.1,77.5,0,0,0,0,0
I12_19_02.png,I12,Jitter,2,4.13,78.25,0,0,0,0,0
I12_19_03.png,I12,Jitter,3,2.9,47.5,0,0,0,0,0
I12_19_04.png,I12,Jitter,4,1.47,11.75,0,0,0,0,0
I12_19_05.png,I12,Jitter,5,1.2,5.0,0,0,0,0,1
I12_02_01.png,I12,Lens blur,1,3.13,53.25,0,0,0,0,0
I12_02_02.png,I12,Lens blur,2,2.0,25.0,0,0,0,0,0
I12_02_03.png,I12,Lens blur,3,1.23,5.75,1,0,0,0,0
I12_02_04.png,I12,Lens blur,4,1.37,9.25,1,0,0,0,0
I12_02_05.png,I12,Lens blur,5,1.2,5.0,1,0,0,0,1
I12_18_01.png,I12,Mean shift,1,4.43,85.75,0,0,0,0,0
I12_18_02.png,I12,Mean shift,2,4.5,87.5,0,0,0,0,0
I12_18_03.png,I12,Mean shift,3,4.41,85.25,0,0,0,0,0
I12_18_04.png,I12,Mean shift,4,4.23,80.75,0,0,0,0,0
I12_18_05.png,I12,Mean shift,5,3.87,71.75,0,0,0,0,1
I12_03_01.png,I12,Motion blur,1,4.53,88.25,0,0,0,0,0
I12_03_02.png,I12,Motion blur,2,3.7,67.5,0,0,0,0,0
I12_03_03.png,I12,Motion blur,3,2.06,26.5,1,0,0,0,0
I12_03_04.png,I12,Motion blur,4,1.6,15.0,1,0,0,0,0
I12_03_05.png,I12,Motion blur,5,1.37,9.25,1,0,0,0,1
I12_14_01.png,I12,Multiplicative noise,1,4.4,85.0,0,0,0,0,0
I12_14_02.png,I12,Multiplicative noise,2,4.47,86.75,0,0,0,0,0
I12_14_03.png,I12,Multiplicative noise,3,3.5,62.5,0,0,0,1,0
I12_14_04.png,I12,Multiplicative noise,4,3.19,54.75,0,0,0,1,0
I12_14_05.png,I12,Multiplicative noise,5,2.47,36.75,0,0,0,1,1
I12_20_01.png,I12,Non-eccentricity patch,1,4.37,84.25,0,0,0,0,0
I12_20_02.png,I12,Non-eccentricity patch,2,4.0,75.0,0,0,0,0,0
I12_20_03.png,I12,Non-eccentricity patch,3,4.17,79.25,0,0,0,0,0
I12_20_04.png,I12,Non-eccentricity patch,4,3.37,59.25,0,0,0,0,0
I12_20_05.png,I12,Non-eccentricity patch,5,2.93,48.25,0,0,0,0,1
I12_21_01.png,I12,Pixelate,1,3.2,55.0,0,0,0,0,0
I12_21_02.png,I12,Pixelate,2,2.17,29.25,0,0,0,0,0
I12_21_03.png,I12,Pixelate,3,2.3,32.5,0,0,0,0,0
I12_21_04.png,I12,Pixelate,4,2.17,29.25,0,0,0,0,0
I12_21_05.png,I12,Pixelate,5,1.17,4.25,0,0,0,0,1
I12_22_01.png,I12,Quantization,1,4.53,88.25,0,0,0,0,0
I12_22_02.png,I12,Quantization,2,4.5,87.5,0,0,0,0,0
I12_22_03.png,I12,Quantization,3,4.27,81.75,0,0,0,0,0
I12_22_04.png,I12,Quantization,4,4.43,85.75,0,0,0,0,0
I12_22_05.png,I12,Quantization,5,4.1,77.5,0,0,0,0,1
I12_11_01.png,I12,White noise,1,4.48,87.0,0,0,0,0,0
I12_11_02.png,I12,White noise,2,4.0,75.0,0,0,0,0,0
I12_11_03.png,I12,White noise,3,3.83,70.75,0,0,0,1,0
I12_11_04.png,I12,White noise,4,3.07,51.75,0,0,0,1,0
I12_11_05.png,I12,White noise,5,2.53,38.25,0,0,0,1,1
I12_12_01.png,I12,White noise in color component,1,4.63,90.75,0,0,0,0,0
I12_12_02.png,I12,White noise in color component,2,4.4,85.0,0,0,0,0,0
I12_12_03.png,I12,White noise in color component,3,3.93,73.25,0,0,0,1,0
I12_12_04.png,I12,White noise in color component,4,3.33,58.25,0,0,0,1,0
I12_12_05.png,I12,White noise in color component,5,2.97,49.25,0,0,0,1,1
I12.png,I12,none,0,,100.0,0,0,0,0,0
I13_16_01.png,I13,Brighten,1,4.43,85.75,0,0,0,0,0
I13_16_02.png,I13,Brighten,2,4.47,86.75,0,0,0,0,0
I13_16_03.png,I13,Brighten,3,3.4,60.0,0,0,1,0,0
I13_16_04.png,I13,Brighten,4,2.93,48.25,0,0,1,0,0
I13_16_05.png,I13,Brighten,5,1.73,18.25,0,0,1,0,1
I13_23_01.png,I13,Color block,1,2.97,49.25,0,0,0,0,0
I13_23_02.png,I13,Color block,2,2.6,40.0,0,0,0,0,0
I13_23_03.png,I13,Color block,3,2.33,33.25,0,0,0,0,1
I13_23_04.png,I13,Color block,4,2.17,29.25,0,0,0,0,1
I13_23_05.png,I13,Color block,5,1.8,20.0,0,0,0,0,1
I13_04_01.png,I13,Color diffusion,1,4.53,88.25,0,0,0,0,0
I13_04_02.png,I13,Color diffusion,2,2.97,49.25,0,0,0,0,0
I13_04_03.png,I13,Color diffusion,3,2.7,42.5,0,0,0,0,0
I13_04_04.png,I13,Color diffusion,4,2.03,25.75,0,0,0,0,0
I13_04_05.png,I13,Color diffusion,5,2.13,28.25,0,0,0,0,1
I13_06_01.png,I13,Color quantization,1,3.57,64.25,0,0,0,0,0
I13_06_02.png,I13,Color quantization,2,3.5,62.5,0,0,0,0,0
I13_06_03.png,I13,Color quantization,3,3.33,58.25,0,0,0,0,1
I13_06_04.png,I13,Color quantization,4,3.13,53.25,0,0,0,0,1
I13_06_05.png,I13,Color quantization,5,2.33,33.25,0,0,0,0,1
I13_07_01.png,I13,Color saturation 1,1,3.03,50.75,0,0,0,0,0
I13_07_02.png,I13,Color saturation 1,2,2.07,26.75,0,0,0,0,0
I13_07_03.png,I13,Color saturation 1,3,2.5,37.5,0,0,0,0,0
I13_07_04.png,I13,Color saturation 1,4,2.17,29.25,0,0,0,0,0
I13_07_05.png,I13,Color saturation 1,5,2.1,27.5,0,0,0,0,1
I13_08_01.png,I13,Color saturation 2,1,4.43,85.75,0,0,0,0,0
I13_08_02.png,I13,Color saturation 2,2,3.73,68.25,0,0,0,0,0
I13_08_03.png,I13,Color saturation 2,3,3.4,60.0,0,0,0,0,0
I13_08_04.png,I13,Color saturation 2,4,2.17,29.25,0,0,0,0,0
I13_08_05.png,I13,Color saturation 2,5,2.27,31.75,0,0,0,0,1
I13_05_01.png,I13,Color shift,1,4.0,75.0,0,0,0,0,0
I13_05_02.png,I13,Color shift,2,3.0,50.0,0,0,0,0,0
I13_05_03.png,I13,Color shift,3,2.2,30.0,0,0,0,0,0
I13_05_04.png,I13,Color shift,4,2.2,30.0,0,0,0,0,0
I13_05_05.png,I13,Color shift,5,2.07,26.75,0,0,0,0,1
I13_25_01.png,I13,Contrast change,1,3.97,74.25,0,0,0,0,0
I13_25_02.png,I13,Contrast change,2,4.13,78.25,0,0,0,0,0
I13_25_03.png,I13,Contrast change,3,4.63,90.75,0,0,0,0,0
I13_25_04.png,I13,Contrast change,4,4.32,83.0,0,0,0,0,0
I13_25_05.png,I13,Contrast change,5,3.4,60.0,0,0,0,0,1
I13_17_01.png,I13,Darken,1,4.77,94.25,0,0,0,0,0
I13_17_02.png,I13,Darken,2,4.57,89.25,0,0,0,0,0
I13_17_03.png,I13,Darken,3,4.37,84.25,0,1,0,0,0
I13_17_04.png,I13,Darken,4,3.6,65.0,0,1,0,0,0
I13_17_05.png,I13,Darken,5,2.57,39.25,0,1,0,0,1
I13_15_01.png,I13,Denoise,1,4.1,77.5,0,0,0,0,0
I13_15_02.png,I13,Denoise,2,3.0,50.0,0,0,0,0,0
I13_15_03.png,I13,Denoise,3,2.57,39.25,0,0,0,1,0
I13_15_04.png,I13,Denoise,4,1.9,22.5,0,0,0,1,0
I13_15_05.png,I13,Denoise,5,1.9,22.5,0,0,0,1,1
I13_01_01.png,I13,Gaussian blur,1,4.74,93.5,0,0,0,0,0
I13_01_02.png,I13,Gaussian blur,2,4.4,85.0,0,0,0,0,0
I13_01_03.png,I13,Gaussian blur,3,3.33,58.25,1,0,0,0,0
I13_01_04.png,I13,Gaussian blur,4,2.2,30.0,1,0,0,0,0
I13_01_05.png,I13,Gaussian blur,5,1.5,12.5,1,0,0,0,1
I13_24_01.png,I13,High sharpen,1,4.17,79.25,0,0,0,0,0
I13_24_02.png,I13,High sharpen,2,3.0,50.0,0,0,0,0,0
I13_24_03.png,I13,High sharpen,3,2.57,39.25,0,0,0,0,0
I13_24_04.png,I13,High sharpen,4,1.93,23.25,0,0,0,0,0
I13_24_05.png,I13,High sharpen,5,1.7,17.5,0,0,0,0,1
I13_13_01.png,I13,Impulse noise,1,3.33,58.25,0,0,0,0,0
I13_13_02.png,I13,Impulse noise,2,3.07,51.75,0,0,0,0,0
I13_13_03.png,I13,Impulse noise,3,2.77,44.25,0,0,0,1,0
I13_13_04.png,I13,Impulse noise,4,2.3,32.5,0,0,0,1,0
I13_13_05.png,I13,Impulse noise,5,2.1,27.5,0,0,0,1,1
I13_10_01.png,I13,JPEG,1,4.67,91.75,0,0,0,0,0
I13_10_02.png,I13,JPEG,2,4.53,88.25,0,0,0,0,0
I13_10_03.png,I13,JPEG,3,3.8,70.0,0,0,0,0,1
I13_10_04.png,I13,JPEG,4,2.03,25.75,0,0,0,0,1
I13_10_05.png,I13,JPEG,5,1.57,14.25,0,0,0,0,1
I13_09_01.png,I13,JPEG2000,1,4.53,88.25,0,0,0,0,0
I13_09_02.png,I13,JPEG2000,2,4.7,92.5,0,0,0,0,0
I13_09_03.png,I13,JPEG2000,3,4.48,87.0,0,0,0,0,1
I13_09_04.png,I13,JPEG2000,4,3.53,63.25,0,0,0,0,1
I13_09_05.png,I13,JPEG2000,5,1.73,18.25,0,0,0,0,1
I13_19_01.png,I13,Jitter,1,4.3,82.5,0,0,0,0,0
I13_19_02.png,I13,Jitter,2,3.77,69.25,0,0,0,0,0
I13_19_03.png,I13,Jitter,3,3.17,54.25,0,0,0,0,0
I13_19_04.png,I13,Jitter,4,1.97,24.25,0,0,0,0,0
I13_19_05.png,I13,Jitter,5,1.47,11.75,0,0,0,0,1
I13_02_01.png,I13,Lens blur,1,3.9,72.5,0,0,0,0,0
I13_02_02.png,I13,Lens blur,2,2.63,40.75,0,0,0,0,0
I13_02_03.png,I13,Lens blur,3,1.97,24.25,1,0,0,0,0
I13_02_04.png,I13,Lens blur,4,1.5,12.5,1,0,0,0,0
I13_02_05.png,I13,Lens blur,5,1.23,5.75,1,0,0,0,1
I13_18_01.png,I13,Mean shift,1,4.1,77.5,0,0,0,0,0
I13_18_02.png,I13,Mean shift,2,4.43,85.75,0,0,0,0,0
I13_18_03.png,I13,Mean shift,3,4.6,90.0,0,0,0,0,0
I13_18_04.png,I13,Mean shift,4,4.63,90.75,0,0,0,0,0
I13_18_05.png,I13,Mean shift,5,3.9,72.5,0,0,0,0,1
I13_03_01.png,I13,Motion blur,1,4.4,85.0,0,0,0,0,0
I13_03_02.png,I13,Motion blur,2,4.43,85.75,0,0,0,0,0
I13_03_03.png,I13,Motion blur,3,3.43,60.75,1,0,0,0,0
I13_03_04.png,I13,Motion blur,4,2.33,33.25,1,0,0,0,0
I13_03_05.png,I13,Motion blur,5,1.47,11.75,1,0,0,0,1
I13_14_01.png,I13,Multiplicative noise,1,4.37,84.25,0,0,0,0,0
I13_14_02.png,I13,Multiplicative noise,2,3.9,72.5,0,0,0,0,0
I13_14_03.png,I13,Multiplicative noise,3,3.4,60.0,0,0,0,1,0
I13_14_04.png,I13,Multiplicative noise,4,2.8,45.0,0,0,0,1,0
I13_14_05.png,I13,Multiplicative noise,5,2.3,32.5,0,0,0,1,1
I13_20_01.png,I13,Non-eccentricity patch,1,4.23,80.75,0,0,0,0,0
I13_20_02.png,I13,Non-eccentricity patch,2,4.1,77.5,0,0,0,0,0
I13_20_03.png,I13,Non-eccentricity patch,3,3.75,68.75,0,0,0,0,0
I13_20_04.png,I13,Non-eccentricity patch,4,3.57,64.25,0,0,0,0,0
I13_20_05.png,I13,Non-eccentricity patch,5,3.9,72.5,0,0,0,0,1
I13_21_01.png,I13,Pixelate,1,4.23,80.75,0,0,0,0,0
I13_21_02.png,I13,Pixelate,2,3.07,51.75,0,0,0,0,0
I13_21_03.png,I13,Pixelate,3,3.2,55.0,0,0,0,0,0
I13_21_04.png,I13,Pixelate,4,3.13,53.25,0,0,0,0,0
I13_21_05.png,I13,Pixelate,5,1.93,23.25,0,0,0,0,1
I13_22_01.png,I13,Quantization,1,3.47,61.75,0,0,0,0,0
I13_22_02.png,I13,Quantization,2,3.9,72.5,0,0,0,0,0
I13_22_03.png,I13,Quantization,3,3.13,53.25,0,0,0,0,0
I13_22_04.png,I13,Quantization,4,2.77,44.25,0,0,0,0,0
I13_22_05.png,I13,Quantization,5,2.47,36.75,0,0,0,0,1
I13_11_01.png,I13,White noise,1,3.83,70.75,0,0,0,0,0
I13_11_02.png,I13,White noise,2,3.48,62.0,0,0,0,0,0
I13_11_03.png,I13,White noise,3,3.1,52.5,0,0,0,1,0
I13_11_04.png,I13,White noise,4,2.63,40.75,0,0,0,1,0
I13_11_05.png,I13,White noise,5,2.13,28.25,0,0,0,1,1
I13_12_01.png,I13,White noise in color component,1,4.57,89.25,0,0,0,0,0
I13_12_02.png,I13,White noise in color component,2,3.67,66.75,0,0,0,0,0
I13_12_03.png,I13,White noise in color component,3,3.3,57.5,0,0,0,1,0
I13_12_04.png,I13,White noise in color component,4,2.43,35.75,0,0,0,1,0
I13_12_05.png,I13,White noise in color component,5,2.37,34.25,0,0,0,1,1
I13.png,I13,none,0,,100.0,0,0,0,0,0
I14_16_01.png,I14,Brighten,1,4.47,86.75,0,0,0,0,0
I14_16_02.png,I14,Brighten,2,4.17,79.25,0,0,0,0,0
I14_16_03.png,I14,Brighten,3,3.33,58.25,0,0,1,0,0
I14_16_04.png,I14,Brighten,4,2.47,36.75,0,0,1,0,0
I14_16_05.png,I14,Brighten,5,1.97,24.25,0,0,1,0,1
I14_23_01.png,I14,Color block,1,2.67,41.75,0,0,0,0,0
I14_23_02.png,I14,Color block,2,2.07,26.75,0,0,0,0,0
I14_23_03.png,I14,Color block,3,2.13,28.25,0,0,0,0,1
I14_23_04.png,I14,Color block,4,1.83,20.75,0,0,0,0,1
I14_23_05.png,I14,Color block,5,1.9,22.5,0,0,0,0,1
I14_04_01.png,I14,Color diffusion,1,4.53,88.25,0,0,0,0,0
I14_04_02.png,I14,Color diffusion,2,3.0,50.0,0,0,0,0,0
I14_04_03.png,I14,Color diffusion,3,2.27,31.75,0,0,0,0,0
I14_04_04.png,I14,Color diffusion,4,1.97,24.25,0,0,0,0,0
I14_04_05.png,I14,Color diffusion,5,1.9,22.5,0,0,0,0,1
I14_06_01.png,I14,Color quantization,1,4.23,80.75,0,0,0,0,0
I14_06_02.png,I14,Color quantization,2,4.47,86.75,0,0,0,0,0
I14_06_03.png,I14,Color quantization,3,3.9,72.5,0,0,0,0,1
I14_06_04.png,I14,Color quantization,4,3.73,68.25,0,0,0,0,1
I14_06_05.png,I14,Color quantization,5,2.37,34.25,0,0,0,0,1
I14_07_01.png,I14,Color saturation 1,1,2.7,42.5,0,0,0,0,0
I14_07_02.png,I14,Color saturation 1,2,1.93,23.25,0,0,0,0,0
I14_07_03.png,I14,Color saturation 1,3,2.03,25.75,0,0,0,0,0
I14_07_04.png,I14,Color saturation 1,4,1.97,24.25,0,0,0,0,0
I14_07_05.png,I14,Color saturation 1,5,2.16,29.0,0,0,0,0,1
I14_08_01.png,I14,Color saturation 2,1,4.43,85.75,0,0,0,0,0
I14_08_02.png,I14,Color saturation 2,2,3.8,70.0,0,0,0,0,0
I14_08_03.png,I14,Color saturation 2,3,2.83,45.75,0,0,0,0,0
I14_08_04.png,I14,Color saturation 2,4,2.06,26.5,0,0,0,0,0
I14_08_05.png,I14,Color saturation 2,5,1.67,16.75,0,0,0,0,1
I14_05_01.png,I14,Color shift,1,3.63,65.75,0,0,0,0,0
I14_05_02.png,I14,Color shift,2,2.33,33.25,0,0,0,0,0
I14_05_03.png,I14,Color shift,3,1.7,17.5,0,0,0,0,0
I14_05_04.png,I14,Color shift,4,1.53,13.25,0,0,0,0,0
I14_05_05.png,I14,Color shift,5,1.57,14.25,0,0,0,0,1
I14_25_01.png,I14,Contrast change,1,3.37,59.25,0,0,0,0,0
I14_25_02.png,I14,Contrast change,2,3.63,65.75,0,0,0,0,0
I14_25_03.png,I14,Contrast change,3,3.9,72.5,0,0,0,0,0
I14_25_04.png,I14,Contrast change,4,4.03,75.75,0,0,0,0,0
I14_25_05.png,I14,Contrast change,5,3.37,59.25,0,0,0,0,1
I14_17_01.png,I14,Darken,1,4.27,81.75,0,0,0,0,0
I14_17_02.png,I14,Darken,2,4.37,84.25,0,0,0,0,0
I14_17_03.png,I14,Darken,3,4.0,75.0,0,1,0,0,0
I14_17_04.png,I14,Darken,4,3.27,56.75,0,1,0,0,0
I14_17_05.png,I14,Darken,5,2.3,32.5,0,1,0,0,1
I14_15_01.png,I14,Denoise,1,3.37,59.25,0,0,0,0,0
I14_15_02.png,I14,Denoise,2,3.03,50.75,0,0,0,0,0
I14_15_03.png,I14,Denoise,3,2.43,35.75,0,0,0,1,0
I14_15_04.png,I14,Denoise,4,1.83,20.75,0,0,0,1,0
I14_15_05.png,I14,Denoise,5,1.63,15.75,0,0,0,1,1
I14_01_01.png,I14,Gaussian blur,1,4.63,90.75,0,0,0,0,0
I14_01_02.png,I14,Gaussian blur,2,4.1,77.5,0,0,0,0,0
I14_01_03.png,I14,Gaussian blur,3,2.53,38.25,1,0,0,0,0
I14_01_04.png,I14,Gaussian blur,4,1.68,17.0,1,0,0,0,0
I14_01_05.png,I14,Gaussian blur,5,1.57,14.25,1,0,0,0,1
I14_24_01.png,I14,High sharpen,1,3.27,56.75,0,0,0,0,0
I14_24_02.png,I14,High sharpen,2,2.3,32.5,0,0,0,0,0
I14_24_03.png,I14,High sharpen,3,1.7,17.5,0,0,0,0,0
I14_24_04.png,I14,High sharpen,4,1.47,11.75,0,0,0,0,0
I14_24_05.png,I14,High sharpen,5,1.4,10.0,0,0,0,0,1
I14_13_01.png,I14,Impulse noise,1,3.83,70.75,0,0,0,0,0
I14_13_02.png,I14,Impulse noise,2,2.83,45.75,0,0,0,0,0
I14_13_03.png,I14,Impulse noise,3,2.67,41.75,0,0,0,1,0
I14_13_04.png,I14,Impulse noise,4,2.27,31.75,0,0,0,1,0
I14_13_05.png,I14,Impulse noise,5,2.1,27.5,0,0,0,1,1
I14_10_01.png,I14,JPEG,1,4.3,82.5,0,0,0,0,0
I14_10_02.png,I14,JPEG,2,4.33,83.25,0,0,0,0,0
I14_10_03.png,I14,JPEG,3,3.73,68.25,0,0,0,0,1
I14_10_04.png,I14,JPEG,4,2.2,30.0,0,0,0,0,1
I14_10_05.png,I14,JPEG,5,1.37,9.25,0,0,0,0,1
I14_09_01.png,I14,JPEG2000,1,4.53,88.25,0,0,0,0,0
I14_09_02.png,I14,JPEG2000,2,4.1,77.5,0,0,0,0,0
I14_09_03.png,I14,JPEG2000,3,3.83,70.75,0,0,0,0,1
I14_09_04.png,I14,JPEG2000,4,2.37,34.25,0,0,0,0,1
I14_09_05.png,I14,JPEG2000,5,1.47,11.75,0,0,0,0,1
I14_19_01.png,I14,Jitter,1,4.27,81.75,0,0,0,0,0
I14_19_02.png,I14,Jitter,2,4.07,76.75,0,0,0,0,0
I14_19_03.png,I14,Jitter,3,3.07,51.75,0,0,0,0,0
I14_19_04.png,I14,Jitter,4,2.07,26.75,0,0,0,0,0
I14_19_05.png,I14,Jitter,5,1.43,10.75,0,0,0,0,1
I14_02_01.png,I14,Lens blur,1,3.77,69.25,0,0,0,0,0
I14_02_02.png,I14,Lens blur,2,2.57,39.25,0,0,0,0,0
I14_02_03.png,I14,Lens blur,3,1.63,15.75,1,0,0,0,0
I14_02_04.png,I14,Lens blur,4,1.37,9.25,1,0,0,0,0
I14_02_05.png,I14,Lens blur,5,1.27,6.75,1,0,0,0,1
I14_18_01.png,I14,Mean shift,1,3.6,65.0,0,0,0,0,0
I14_18_02.png,I14,Mean shift,2,4.33,83.25,0,0,0,0,0
I14_18_03.png,I14,Mean shift,3,4.67,91.75,0,0,0,0,0
I14_18_04.png,I14,Mean shift,4,4.2,80.0,0,0,0,0,0
I14_18_05.png,I14,Mean shift,5,4.0,75.0,0,0,0,0,1
I14_03_01.png,I14,Motion blur,1,4.67,91.75,0,0,0,0,0
I14_03_02.png,I14,Motion blur,2,3.55,63.75,0,0,0,0,0
I14_03_03.png,I14,Motion blur,3,2.5,37.5,1,0,0,0,0
I14_03_04.png,I14,Motion blur,4,1.9,22.5,1,0,0,0,0
I14_03_05.png,I14,Motion blur,5,1.45,11.25,1,0,0,0,1
I14_14_01.png,I14,Multiplicative noise,1,3.93,73.25,0,0,0,0,0
I14_14_02.png,I14,Multiplicative noise,2,2.77,44.25,0,0,0,0,0
I14_14_03.png,I14,Multiplicative noise,3,2.63,40.75,0,0,0,1,0
I14_14_04.png,I14,Multiplicative noise,4,2.37,34.25,0,0,0,1,0
I14_14_05.png,I14,Multiplicative noise,5,2.13,28.25,0,0,0,1,1
I14_20_01.png,I14,Non-eccentricity patch,1,4.4,85.0,0,0,0,0,0
I14_20_02.png,I14,Non-eccentricity patch,2,3.3,57.5,0,0,0,0,0
I14_20_03.png,I14,Non-eccentricity patch,3,4.37,84.25,0,0,0,0,0
I14_20_04.png,I14,Non-eccentricity patch,4,4.4,85.0,0,0,0,0,0
I14_20_05.png,I14,Non-eccentricity patch,5,4.1,77.5,0,0,0,0,1
I14_21_01.png,I14,Pixelate,1,4.23,80.75,0,0,0,0,0
I14_21_02.png,I14,Pixelate,2,3.47,61.75,0,0,0,0,0
I14_21_03.png,I14,Pixelate,3,2.93,48.25,0,0,0,0,0
I14_21_04.png,I14,Pixelate,4,3.0,50.0,0,0,0,0,0
I14_21_05.png,I14,Pixelate,5,1.39,9.75,0,0,0,0,1
I14_22_01.png,I14,Quantization,1,4.07,76.75,0,0,0,0,0
I14_22_02.png,I14,Quantization,2,3.7,67.5,0,0,0,0,0
I14_22_03.png,I14,Quantization,3,3.7,67.5,0,0,0,0,0
I14_22_04.png,I14,Quantization,4,3.47,61.75,0,0,0,0,0
I14_22_05.png,I14,Quantization,5,2.67,41.75,0,0,0,0,1
I14_11_01.png,I14,White noise,1,3.9,72.5,0,0,0,0,0
I14_11_02.png,I14,White noise,2,3.03,50.75,0,0,0,0,0
I14_11_03.png,I14,White noise,3,2.7,42.5,0,0,0,1,0
I14_11_04.png,I14,White noise,4,2.43,35.75,0,0,0,1,0
I14_11_05.png,I14,White noise,5,2.3,32.5,0,0,0,1,1
I14_12_01.png,I14,White noise in color component,1,4.3,82.5,0,0,0,0,0
I14_12_02.png,I14,White noise in color component,2,3.37,59.25,0,0,0,0,0
I14_12_03.png,I14,White noise in color component,3,3.07,51.75,0,0,0,1,0
I14_12_04.png,I14,White noise in color component,4,2.7,42.5,0,0,0,1,0
I14_12_05.png,I14,White noise in color component,5,2.43,35.75,0,0,0,1,1
I14.png,I14,none,0,,100.0,0,0,0,0,0
I15_16_01.png,I15,Brighten,1,4.47,86.75,0,0,0,0,0
I15_16_02.png,I15,Brighten,2,3.77,69.25,0,0,0,0,0
I15_16_03.png,I15,Brighten,3,2.93,48.25,0,0,1,0,0
I15_16_04.png,I15,Brighten,4,1.73,18.25,0,0,1,0,0
I15_16_05.png,I15,Brighten,5,1.23,5.75,0,0,1,0,1
I15_23_01.png,I15,Color block,1,2.5,37.5,0,0,0,0,0
I15_23_02.png,I15,Color block,2,1.9,22.5,0,0,0,0,0
I15_23_03.png,I15,Color block,3,2.27,31.75,0,0,0,0,1
I15_23_04.png,I15,Color block,4,2.17,29.25,0,0,0,0,1
I15_23_05.png,I15,Color block,5,1.93,23.25,0,0,0,0,1
I15_04_01.png,I15,Color diffusion,1,4.43,85.75,0,0,0,0,0
I15_04_02.png,I15,Color diffusion,2,2.4,35.0,0,0,0,0,0
I15_04_03.png,I15,Color diffusion,3,1.87,21.75,0,0,0,0,0
I15_04_04.png,I15,Color diffusion,4,1.9,22.5,0,0,0,0,0
I15_04_05.png,I15,Color diffusion,5,1.27,6.75,0,0,0,0,1
I15_06_01.png,I15,Color quantization,1,4.1,77.5,0,0,0,0,0
I15_06_02.png,I15,Color quantization,2,3.97,74.25,0,0,0,0,0
I15_06_03.png,I15,Color quantization,3,4.07,76.75,0,0,0,0,1
I15_06_04.png,I15,Color quantization,4,3.67,66.75,0,0,0,0,1
I15_06_05.png,I15,Color quantization,5,2.73,43.25,0,0,0,0,1
I15_07_01.png,I15,Color saturation 1,1,3.06,51.5,0,0,0,0,0
I15_07_02.png,I15,Color saturation 1,2,2.67,41.75,0,0,0,0,0
I15_07_03.png,I15,Color saturation 1,3,2.63,40.75,0,0,0,0,0
I15_07_04.png,I15,Color saturation 1,4,2.55,38.75,0,0,0,0,0
I15_07_05.png,I15,Color saturation 1,5,2.63,40.75,0,0,0,0,1
I15_08_01.png,I15,Color saturation 2,1,4.4,85.0,0,0,0,0,0
I15_08_02.png,I15,Color saturation 2,2,3.27,56.75,0,0,0,0,0
I15_08_03.png,I15,Color saturation 2,3,2.27,31.75,0,0,0,0,0
I15_08_04.png,I15,Color saturation 2,4,1.67,16.75,0,0,0,0,0
I15_08_05.png,I15,Color saturation 2,5,1.35,8.75,0,0,0,0,1
I15_05_01.png,I15,Color shift,1,4.2,80.0,0,0,0,0,0
I15_05_02.png,I15,Color shift,2,2.33,33.25,0,0,0,0,0
I15_05_03.png,I15,Color shift,3,1.63,15.75,0,0,0,0,0
I15_05_04.png,I15,Color shift,4,1.43,10.75,0,0,0,0,0
I15_05_05.png,I15,Color shift,5,1.3,7.5,0,0,0,0,1
I15_25_01.png,I15,Contrast change,1,2.97,49.25,0,0,0,0,0
I15_25_02.png,I15,Contrast change,2,3.2,55.0,0,0,0,0,0
I15_25_03.png,I15,Contrast change,3,3.63,65.75,0,0,0,0,0
I15_25_04.png,I15,Contrast change,4,3.87,71.75,0,0,0,0,0
I15_25_05.png,I15,Contrast change,5,3.2,55.0,0,0,0,0,1
I15_17_01.png,I15,Darken,1,4.43,85.75,0,0,0,0,0
I15_17_02.png,I15,Darken,2,4.63,90.75,0,0,0,0,0
I15_17_03.png,I15,Darken,3,4.1,77.5,0,1,0,0,0
I15_17_04.png,I15,Darken,4,3.63,65.75,0,1,0,0,0
I15_17_05.png,I15,Darken,5,1.97,24.25,0,1,0,0,1
I15_15_01.png,I15,Denoise,1,3.53,63.25,0,0,0,0,0
I15_15_02.png,I15,Denoise,2,2.57,39.25,0,0,0,0,0
I15_15_03.png,I15,Denoise,3,1.93,23.25,0,0,0,1,0
I15_15_04.png,I15,Denoise,4,1.7,17.5,0,0,0,1,0
I15_15_05.png,I15,Denoise,5,1.4,10.0,0,0,0,1,1
I15_01_01.png,I15,Gaussian blur,1,4.63,90.75,0,0,0,0,0
I15_01_02.png,I15,Gaussian blur,2,4.33,83.25,0,0,0,0,0
I15_01_03.png,I15,Gaussian blur,3,2.43,35.75,1,0,0,0,0
I15_01_04.png,I15,Gaussian blur,4,1.8,20.0,1,0,0,0,0
I15_01_05.png,I15,Gaussian blur,5,1.23,5.75,1,0,0,0,1
I15_24_01.png,I15,High sharpen,1,2.8,45.0,0,0,0,0,0
I15_24_02.png,I15,High sharpen,2,2.1,27.5,0,0,0,0,0
I15_24_03.png,I15,High sharpen,3,1.53,13.25,0,0,0,0,0
I15_24_04.png,I15,High sharpen,4,1.57,14.25,0,0,0,0,0
I15_24_05.png,I15,High sharpen,5,1.17,4.25,0,0,0,0,1
I15_13_01.png,I15,Impulse noise,1,3.9,72.5,0,0,0,0,0
I15_13_02.png,I15,Impulse noise,2,3.17,54.25,0,0,0,0,0
I15_13_03.png,I15,Impulse noise,3,2.4,35.0,0,0,0,1,0
I15_13_04.png,I15,Impulse noise,4,2.3,32.5,0,0,0,1,0
I15_13_05.png,I15,Impulse noise,5,1.7,17.5,0,0,0,1,1
I15_10_01.png,I15,JPEG,1,4.0,75.0,0,0,0,0,0
I15_10_02.png,I15,JPEG,2,4.2,80.0,0,0,0,0,0
I15_10_03.png,I15,JPEG,3,3.67,66.75,0,0,0,0,1
I15_10_04.png,I15,JPEG,4,1.77,19.25,0,0,0,0,1
I15_10_05.png,I15,JPEG,5,1.33,8.25,0,0,0,0,1
I15_09_01.png,I15,JPEG2000,1,4.23,80.75,0,0,0,0,0
I15_09_02.png,I15,JPEG2000,2,3.8,70.0,0,0,0,0,0
I15_09_03.png,I15,JPEG2000,3,3.43,60.75,0,0,0,0,1
I15_09_04.png,I15,JPEG2000,4,1.97,24.25,0,0,0,0,1
I15_09_05.png,I15,JPEG2000,5,1.23,5.75,0,0,0,0,1
I15_19_01.png,I15,Jitter,1,3.93,73.25,0,0,0,0,0
I15_19_02.png,I15,Jitter,2,4.07,76.75,0,0,0,0,0
I15_19_03.png,I15,Jitter,3,3.03,50.75,0,0,0,0,0
I15_19_04.png,I15,Jitter,4,1.77,19.25,0,0,0,0,0
I15_19_05.png,I15,Jitter,5,1.27,6.75,0,0,0,0,1
I15_02_01.png,I15,Lens blur,1,3.43,60.75,0,0,0,0,0
I15_02_02.png,I15,Lens blur,2,2.1,27.5,0,0,0,0,0
I15_02_03.png,I15,Lens blur,3,1.73,18.25,1,0,0,0,0
I15_02_04.png,I15,Lens blur,4,1.33,8.25,1,0,0,0,0
I15_02_05.png,I15,Lens blur,5,1.16,4.0,1,0,0,0,1
I15_18_01.png,I15,Mean shift,1,3.77,69.25,0,0,0,0,0
I15_18_02.png,I15,Mean shift,2,3.87,71.75,0,0,0,0,0
I15_18_03.png,I15,Mean shift,3,4.67,91.75,0,0,0,0,0
I15_18_04.png,I15,Mean shift,4,4.37,84.25,0,0,0,0,0
I15_18_05.png,I15,Mean shift,5,3.6,65.0,0,0,0,0,1
I15_03_01.png,I15,Motion blur,1,4.6,90.0,0,0,0,0,0
I15_03_02.png,I15,Motion blur,2,3.7,67.5,0,0,0,0,0
I15_03_03.png,I15,Motion blur,3,2.0,25.0,1,0,0,0,0
I15_03_04.png,I15,Motion blur,4,2.07,26.75,1,0,0,0,0
I15_03_05.png,I15,Motion blur,5,1.33,8.25,1,0,0,0,1
I15_14_01.png,I15,Multiplicative noise,1,4.03,75.75,0,0,0,0,0
I15_14_02.png,I15,Multiplicative noise,2,3.27,56.75,0,0,0,0,0
I15_14_03.png,I15,Multiplicative noise,3,2.67,41.75,0,0,0,1,0
I15_14_04.png,I15,Multiplicative noise,4,2.63,40.75,0,0,0,1,0
I15_14_05.png,I15,Multiplicative noise,5,1.87,21.75,0,0,0,1,1
I15_20_01.png,I15,Non-eccentricity patch,1,4.33,83.25,0,0,0,0,0
I15_20_02.png,I15,Non-eccentricity patch,2,4.2,80.0,0,0,0,0,0
I15_20_03.png,I15,Non-eccentricity patch,3,4.07,76.75,0,0,0,0,0
I15_20_04.png,I15,Non-eccentricity patch,4,3.9,72.5,0,0,0,0,0
I15_20_05.png,I15,Non-eccentricity patch,5,3.35,58.75,0,0,0,0,1
I15_21_01.png,I15,Pixelate,1,3.43,60.75,0,0,0,0,0
I15_21_02.png,I15,Pixelate,2,2.9,47.5,0,0,0,0,0
I15_21_03.png,I15,Pixelate,3,2.57,39.25,0,0,0,0,0
I15_21_04.png,I15,Pixelate,4,2.03,25.75,0,0,0,0,0
I15_21_05.png,I15,Pixelate,5,1.17,4.25,0,0,0,0,1
I15_22_01.png,I15,Quantization,1,3.93,73.25,0,0,0,0,0
I15_22_02.png,I15,Quantization,2,3.57,64.25,0,0,0,0,0
I15_22_03.png,I15,Quantization,3,4.0,75.0,0,0,0,0,0
I15_22_04.png,I15,Quantization,4,3.7,67.5,0,0,0,0,0
I15_22_05.png,I15,Quantization,5,3.1,52.5,0,0,0,0,1
I15_11_01.png,I15,White noise,1,3.83,70.75,0,0,0,0,0
I15_11_02.png,I15,White noise,2,3.63,65.75,0,0,0,0,0
I15_11_03.png,I15,White noise,3,2.8,45.0,0,0,0,1,0
I15_11_04.png,I15,White noise,4,2.6,40.0,0,0,0,1,0
I15_11_05.png,I15,White noise,5,2.3,32.5,0,0,0,1,1
I15_12_01.png,I15,White noise in color component,1,4.07,76.75,0,0,0,0,0
I15_12_02.png,I15,White noise in color component,2,3.8,70.0,0,0,0,0,0
I15_12_03.png,I15,White noise in color component,3,3.17,54.25,0,0,0,1,0
I15_12_04.png,I15,White noise in color component,4,2.63,40.75,0,0,0,1,0
I15_12_05.png,I15,White noise in color component,5,2.57,39.25,0,0,0,1,1
I15.png,I15,none,0,,100.0,0,0,0,0,0
I16_16_01.png,I16,Brighten,1,4.37,84.25,0,0,0,0,0
I16_16_02.png,I16,Brighten,2,4.37,84.25,0,0,0,0,0
I16_16_03.png,I16,Brighten,3,3.87,71.75,0,0,1,0,0
I16_16_04.png,I16,Brighten,4,2.73,43.25,0,0,1,0,0
I16_16_05.png,I16,Brighten,5,2.0,25.0,0,0,1,0,1
I16_23_01.png,I16,Color block,1,2.13,28.25,0,0,0,0,0
I16_23_02.png,I16,Color block,2,2.47,36.75,0,0,0,0,0
I16_23_03.png,I16,Color block,3,2.07,26.75,0,0,0,0,1
I16_23_04.png,I16,Color block,4,1.87,21.75,0,0,0,0,1
I16_23_05.png,I16,Color block,5,2.03,25.75,0,0,0,0,1
I16_04_01.png,I16,Color diffusion,1,4.4,85.0,0,0,0,0,0
I16_04_02.png,I16,Color diffusion,2,1.9,22.5,0,0,0,0,0
I16_04_03.png,I16,Color diffusion,3,1.2,5.0,0,0,0,0,0
I16_04_04.png,I16,Color diffusion,4,1.2,5.0,0,0,0,0,0
I16_04_05.png,I16,Color diffusion,5,1.07,1.75,0,0,0,0,1
I16_06_01.png,I16,Color quantization,1,4.0,75.0,0,0,0,0,0
I16_06_02.png,I16,Color quantization,2,4.13,78.25,0,0,0,0,0
I16_06_03.png,I16,Color quantization,3,3.97,74.25,0,0,0,0,1
I16_06_04.png,I16,Color quantization,4,3.3,57.5,0,0,0,0,1
I16_06_05.png,I16,Color quantization,5,2.16,29.0,0,0,0,0,1
I16_07_01.png,I16,Color saturation 1,1,3.07,51.75,0,0,0,0,0
I16_07_02.png,I16,Color saturation 1,2,2.13,28.25,0,0,0,0,0
I16_07_03.png,I16,Color saturation 1,3,2.33,33.25,0,0,0,0,0
I16_07_04.png,I16,Color saturation 1,4,2.07,26.75,0,0,0,0,0
I16_07_05.png,I16,Color saturation 1,5,2.03,25.75,0,0,0,0,1
I16_08_01.png,I16,Color saturation 2,1,4.7,92.5,0,0,0,0,0
I16_08_02.png,I16,Color saturation 2,2,2.9,47.5,0,0,0,0,0
I16_08_03.png,I16,Color saturation 2,3,2.07,26.75,0,0,0,0,0
I16_08_04.png,I16,Color saturation 2,4,1.23,5.75,0,0,0,0,0
I16_08_05.png,I16,Color saturation 2,5,1.07,1.75,0,0,0,0,1
I16_05_01.png,I16,Color shift,1,3.07,51.75,0,0,0,0,0
I16_05_02.png,I16,Color shift,2,1.58,14.5,0,0,0,0,0
I16_05_03.png,I16,Color shift,3,1.23,5.75,0,0,0,0,0
I16_05_04.png,I16,Color shift,4,1.17,4.25,0,0,0,0,0
I16_05_05.png,I16,Color shift,5,1.43,10.75,0,0,0,0,1
I16_25_01.png,I16,Contrast change,1,3.43,60.75,0,0,0,0,0
I16_25_02.png,I16,Contrast change,2,3.5,62.5,0,0,0,0,0
I16_25_03.png,I16,Contrast change,3,4.16,79.0,0,0,0,0,0
I16_25_04.png,I16,Contrast change,4,4.17,79.25,0,0,0,0,0
I16_25_05.png,I16,Contrast change,5,3.7,67.5,0,0,0,0,1
I16_17_01.png,I16,Darken,1,4.63,90.75,0,0,0,0,0
I16_17_02.png,I16,Darken,2,4.57,89.25,0,0,0,0,0
I16_17_03.png,I16,Darken,3,4.27,81.75,0,1,0,0,0
I16_17_04.png,I16,Darken,4,3.67,66.75,0,1,0,0,0
I16_17_05.png,I16,Darken,5,1.9,22.5,0,1,0,0,1
I16_15_01.png,I16,Denoise,1,3.37,59.25,0,0,0,0,0
I16_15_02.png,I16,Denoise,2,2.4,35.0,0,0,0,0,0
I16_15_03.png,I16,Denoise,3,2.03,25.75,0,0,0,1,0
I16_15_04.png,I16,Denoise,4,1.23,5.75,0,0,0,1,0
I16_15_05.png,I16,Denoise,5,1.27,6.75,0,0,0,1,1
I16_01_01.png,I16,Gaussian blur,1,4.7,92.5,0,0,0,0,0
I16_01_02.png,I16,Gaussian blur,2,4.3,82.5,0,0,0,0,0
I16_01_03.png,I16,Gaussian blur,3,2.0,25.0,1,0,0,0,0
I16_01_04.png,I16,Gaussian blur,4,1.4,10.0,1,0,0,0,0
I16_01_05.png,I16,Gaussian blur,5,1.13,3.25,1,0,0,0,1
I16_24_01.png,I16,High sharpen,1,3.43,60.75,0,0,0,0,0
I16_24_02.png,I16,High sharpen,2,2.37,34.25,0,0,0,0,0
I16_24_03.png,I16,High sharpen,3,1.93,23.25,0,0,0,0,0
I16_24_04.png,I16,High sharpen,4,1.43,10.75,0,0,0,0,0
I16_24_05.png,I16,High sharpen,5,1.2,5.0,0,0,0,0,1
I16_13_01.png,I16,Impulse noise,1,3.57,64.25,0,0,0,0,0
I16_13_02.png,I16,Impulse noise,2,2.73,43.25,0,0,0,0,0
I16_13_03.png,I16,Impulse noise,3,2.43,35.75,0,0,0,1,0
I16_13_04.png,I16,Impulse noise,4,2.07,26.75,0,0,0,1,0
I16_13_05.png,I16,Impulse noise,5,1.77,19.25,0,0,0,1,1
I16_10_01.png,I16,JPEG,1,4.0,75.0,0,0,0,0,0
I16_10_02.png,I16,JPEG,2,4.23,80.75,0,0,0,0,0
I16_10_03.png,I16,JPEG,3,3.9,72.5,0,0,0,0,1
I16_10_04.png,I16,JPEG,4,2.03,25.75,0,0,0,0,1
I16_10_05.png,I16,JPEG,5,1.4,10.0,0,0,0,0,1
I16_09_01.png,I16,JPEG2000,1,4.63,90.75,0,0,0,0,0
I16_09_02.png,I16,JPEG2000,2,4.23,80.75,0,0,0,0,0
I16_09_03.png,I16,JPEG2000,3,4.0,75.0,0,0,0,0,1
I16_09_04.png,I16,JPEG2000,4,1.61,15.25,0,0,0,0,1
I16_09_05.png,I16,JPEG2000,5,1.17,4.25,0,0,0,0,1
I16_19_01.png,I16,Jitter,1,4.13,78.25,0,0,0,0,0
I16_19_02.png,I16,Jitter,2,3.6,65.0,0,0,0,0,0
I16_19_03.png,I16,Jitter,3,3.43,60.75,0,0,0,0,0
I16_19_04.png,I16,Jitter,4,1.57,14.25,0,0,0,0,0
I16_19_05.png,I16,Jitter,5,1.17,4.25,0,0,0,0,1
I16_02_01.png,I16,Lens blur,1,3.4,60.0,0,0,0,0,0
I16_02_02.png,I16,Lens blur,2,1.93,23.25,0,0,0,0,0
I16_02_03.png,I16,Lens blur,3,1.33,8.25,1,0,0,0,0
I16_02_04.png,I16,Lens blur,4,1.17,4.25,1,0,0,0,0
I16_02_05.png,I16,Lens blur,5,1.33,8.25,1,0,0,0,1
I16_18_01.png,I16,Mean shift,1,4.47,86.75,0,0,0,0,0
I16_18_02.png,I16,Mean shift,2,4.6,90.0,0,0,0,0,0
I16_18_03.png,I16,Mean shift,3,4.43,85.75,0,0,0,0,0
I16_18_04.png,I16,Mean shift,4,4.13,78.25,0,0,0,0,0
I16_18_05.png,I16,Mean shift,5,3.93,73.25,0,0,0,0,1
I16_03_01.png,I16,Motion blur,1,4.47,86.75,0,0,0,0,0
I16_03_02.png,I16,Motion blur,2,3.47,61.75,0,0,0,0,0
I16_03_03.png,I16,Motion blur,3,2.03,25.75,1,0,0,0,0
I16_03_04.png,I16,Motion blur,4,1.63,15.75,1,0,0,0,0
I16_03_05.png,I16,Motion blur,5,1.17,4.25,1,0,0,0,1
I16_14_01.png,I16,Multiplicative noise,1,4.2,80.0,0,0,0,0,0
I16_14_02.png,I16,Multiplicative noise,2,3.17,54.25,0,0,0,0,0
I16_14_03.png,I16,Multiplicative noise,3,3.23,55.75,0,0,0,1,0
I16_14_04.png,I16,Multiplicative noise,4,2.27,31.75,0,0,0,1,0
I16_14_05.png,I16,Multiplicative noise,5,1.9,22.5,0,0,0,1,1
I16_20_01.png,I16,Non-eccentricity patch,1,4.39,84.75,0,0,0,0,0
I16_20_02.png,I16,Non-eccentricity patch,2,4.2,80.0,0,0,0,0,0
I16_20_03.png,I16,Non-eccentricity patch,3,4.43,85.75,0,0,0,0,0
I16_20_04.png,I16,Non-eccentricity patch,4,3.93,73.25,0,0,0,0,0
I16_20_05.png,I16,Non-eccentricity patch,5,3.7,67.5,0,0,0,0,1
I16_21_01.png,I16,Pixelate,1,4.1,77.5,0,0,0,0,0
I16_21_02.png,I16,Pixelate,2,3.3,57.5,0,0,0,0,0
I16_21_03.png,I16,Pixelate,3,3.33,58.25,0,0,0,0,0
I16_21_04.png,I16,Pixelate,4,3.53,63.25,0,0,0,0,0
I16_21_05.png,I16,Pixelate,5,1.27,6.75,0,0,0,0,1
I16_22_01.png,I16,Quantization,1,4.03,75.75,0,0,0,0,0
I16_22_02.png,I16,Quantization,2,3.53,63.25,0,0,0,0,0
I16_22_03.png,I16,Quantization,3,2.9,47.5,0,0,0,0,0
I16_22_04.png,I16,Quantization,4,3.23,55.75,0,0,0,0,0
I16_22_05.png,I16,Quantization,5,2.53,38.25,0,0,0,0,1
I16_11_01.png,I16,White noise,1,4.03,75.75,0,0,0,0,0
I16_11_02.png,I16,White noise,2,3.17,54.25,0,0,0,0,0
I16_11_03.png,I16,White noise,3,2.9,47.5,0,0,0,1,0
I16_11_04.png,I16,White noise,4,2.19,29.75,0,0,0,1,0
I16_11_05.png,I16,White noise,5,2.07,26.75,0,0,0,1,1
I16_12_01.png,I16,White noise in color component,1,4.5,87.5,0,0,0,0,0
I16_12_02.png,I16,White noise in color component,2,3.3,57.5,0,0,0,0,0
I16_12_03.png,I16,White noise in color component,3,3.13,53.25,0,0,0,1,0
I16_12_04.png,I16,White noise in color component,4,2.37,34.25,0,0,0,1,0
I16_12_05.png,I16,White noise in color component,5,2.47,36.75,0,0,0,1,1
I16.png,I16,none,0,,100.0,0,0,0,0,0
I17_16_01.png,I17,Brighten,1,4.6,90.0,0,0,0,0,0
I17_16_02.png,I17,Brighten,2,4.4,85.0,0,0,0,0,0
I17_16_03.png,I17,Brighten,3,3.97,74.25,0,0,1,0,0
I17_16_04.png,I17,Brighten,4,2.47,36.75,0,0,1,0,0
I17_16_05.png,I17,Brighten,5,2.07,26.75,0,0,1,0,1
I17_23_01.png,I17,Color block,1,2.93,48.25,0,0,0,0,0
I17_23_02.png,I17,Color block,2,2.63,40.75,0,0,0,0,0
I17_23_03.png,I17,Color block,3,2.5,37.5,0,0,0,0,1
I17_23_04.png,I17,Color block,4,2.33,33.25,0,0,0,0,1
I17_23_05.png,I17,Color block,5,2.32,33.0,0,0,0,0,1
I17_04_01.png,I17,Color diffusion,1,4.63,90.75,0,0,0,0,0
I17_04_02.png,I17,Color diffusion,2,2.47,36.75,0,0,0,0,0
I17_04_03.png,I17,Color diffusion,3,1.53,13.25,0,0,0,0,0
I17_04_04.png,I17,Color diffusion,4,1.57,14.25,0,0,0,0,0
I17_04_05.png,I17,Color diffusion,5,1.23,5.75,0,0,0,0,1
I17_06_01.png,I17,Color quantization,1,4.37,84.25,0,0,0,0,0
I17_06_02.png,I17,Color quantization,2,4.8,95.0,0,0,0,0,0
I17_06_03.png,I17,Color quantization,3,4.47,86.75,0,0,0,0,1
I17_06_04.png,I17,Color quantization,4,4.17,79.25,0,0,0,0,1
I17_06_05.png,I17,Color quantization,5,2.27,31.75,0,0,0,0,1
I17_07_01.png,I17,Color saturation 1,1,2.5,37.5,0,0,0,0,0
I17_07_02.png,I17,Color saturation 1,2,2.63,40.75,0,0,0,0,0
I17_07_03.png,I17,Color saturation 1,3,2.33,33.25,0,0,0,0,0
I17_07_04.png,I17,Color saturation 1,4,2.33,33.25,0,0,0,0,0
I17_07_05.png,I17,Color saturation 1,5,1.83,20.75,0,0,0,0,1
I17_08_01.png,I17,Color saturation 2,1,4.5,87.5,0,0,0,0,0
I17_08_02.png,I17,Color saturation 2,2,2.9,47.5,0,0,0,0,0
I17_08_03.png,I17,Color saturation 2,3,2.3,32.5,0,0,0,0,0
I17_08_04.png,I17,Color saturation 2,4,1.43,10.75,0,0,0,0,0
I17_08_05.png,I17,Color saturation 2,5,1.26,6.5,0,0,0,0,1
I17_05_01.png,I17,Color shift,1,3.2,55.0,0,0,0,0,0
I17_05_02.png,I17,Color shift,2,2.07,26.75,0,0,0,0,0
I17_05_03.png,I17,Color shift,3,1.5,12.5,0,0,0,0,0
I17_05_04.png,I17,Color shift,4,1.5,12.5,0,0,0,0,0
I17_05_05.png,I17,Color shift,5,1.6,15.0,0,0,0,0,1
I17_25_01.png,I17,Contrast change,1,3.4,60.0,0,0,0,0,0
I17_25_02.png,I17,Contrast change,2,3.47,61.75,0,0,0,0,0
I17_25_03.png,I17,Contrast change,3,4.33,83.25,0,0,0,0,0
I17_25_04.png,I17,Contrast change,4,4.43,85.75,0,0,0,0,0
I17_25_05.png,I17,Contrast change,5,3.4,60.0,0,0,0,0,1
I17_17_01.png,I17,Darken,1,4.53,88.25,0,0,0,0,0
I17_17_02.png,I17,Darken,2,4.43,85.75,0,0,0,0,0
I17_17_03.png,I17,Darken,3,4.33,83.25,0,1,0,0,0
I17_17_04.png,I17,Darken,4,3.5,62.5,0,1,0,0,0
I17_17_05.png,I17,Darken,5,1.83,20.75,0,1,0,0,1
I17_15_01.png,I17,Denoise,1,3.67,66.75,0,0,0,0,0
I17_15_02.png,I17,Denoise,2,3.22,55.5,0,0,0,0,0
I17_15_03.png,I17,Denoise,3,2.63,40.75,0,0,0,1,0
I17_15_04.png,I17,Denoise,4,1.87,21.75,0,0,0,1,0
I17_15_05.png,I17,Denoise,5,1.5,12.5,0,0,0,1,1
I17_01_01.png,I17,Gaussian blur,1,4.73,93.25,0,0,0,0,0
I17_01_02.png,I17,Gaussian blur,2,4.23,80.75,0,0,0,0,0
I17_01_03.png,I17,Gaussian blur,3,2.73,43.25,1,0,0,0,0
I17_01_04.png,I17,Gaussian blur,4,1.4,10.0,1,0,0,0,0
I17_01_05.png,I17,Gaussian blur,5,1.07,1.75,1,0,0,0,1
I17_24_01.png,I17,High sharpen,1,3.1,52.5,0,0,0,0,0
I17_24_02.png,I17,High sharpen,2,2.33,33.25,0,0,0,0,0
I17_24_03.png,I17,High sharpen,3,1.8,20.0,0,0,0,0,0
I17_24_04.png,I17,High sharpen,4,1.33,8.25,0,0,0,0,0
I17_24_05.png,I17,High sharpen,5,1.1,2.5,0,0,0,0,1
I17_13_01.png,I17,Impulse noise,1,4.07,76.75,0,0,0,0,0
I17_13_02.png,I17,Impulse noise,2,3.53,63.25,0,0,0,0,0
I17_13_03.png,I17,Impulse noise,3,2.93,48.25,0,0,0,1,0
I17_13_04.png,I17,Impulse noise,4,2.73,43.25,0,0,0,1,0
I17_13_05.png,I17,Impulse noise,5,2.4,35.0,0,0,0,1,1
I17_10_01.png,I17,JPEG,1,4.47,86.75,0,0,0,0,0
I17_10_02.png,I17,JPEG,2,4.43,85.75,0,0,0,0,0
I17_10_03.png,I17,JPEG,3,4.37,84.25,0,0,0,0,1
I17_10_04.png,I17,JPEG,4,2.47,36.75,0,0,0,0,1
I17_10_05.png,I17,JPEG,5,1.2,5.0,0,0,0,0,1
I17_09_01.png,I17,JPEG2000,1,4.67,91.75,0,0,0,0,0
I17_09_02.png,I17,JPEG2000,2,3.13,53.25,0,0,0,0,0
I17_09_03.png,I17,JPEG2000,3,2.63,40.75,0,0,0,0,1
I17_09_04.png,I17,JPEG2000,4,1.47,11.75,0,0,0,0,1
I17_09_05.png,I17,JPEG2000,5,1.13,3.25,0,0,0,0,1
I17_19_01.png,I17,Jitter,1,4.1,77.5,0,0,0,0,0
I17_19_02.png,I17,Jitter,2,3.9,72.5,0,0,0,0,0
I17_19_03.png,I17,Jitter,3,2.8,45.0,0,0,0,0,0
I17_19_04.png,I17,Jitter,4,1.43,10.75,0,0,0,0,0
I17_19_05.png,I17,Jitter,5,1.23,5.75,0,0,0,0,1
I17_02_01.png,I17,Lens blur,1,3.5,62.5,0,0,0,0,0
I17_02_02.png,I17,Lens blur,2,2.07,26.75,0,0,0,0,0
I17_02_03.png,I17,Lens blur,3,1.37,9.25,1,0,0,0,0
I17_02_04.png,I17,Lens blur,4,1.2,5.0,1,0,0,0,0
I17_02_05.png,I17,Lens blur,5,1.2,5.0,1,0,0,0,1
I17_18_01.png,I17,Mean shift,1,4.53,88.25,0,0,0,0,0
I17_18_02.png,I17,Mean shift,2,4.43,85.75,0,0,0,0,0
I17_18_03.png,I17,Mean shift,3,4.43,85.75,0,0,0,0,0
I17_18_04.png,I17,Mean shift,4,4.17,79.25,0,0,0,0,0
I17_18_05.png,I17,Mean shift,5,3.93,73.25,0,0,0,0,1
I17_03_01.png,I17,Motion blur,1,4.61,90.25,0,0,0,0,0
I17_03_02.png,I17,Motion blur,2,3.7,67.5,0,0,0,0,0
I17_03_03.png,I17,Motion blur,3,2.27,31.75,1,0,0,0,0
I17_03_04.png,I17,Motion blur,4,1.9,22.5,1,0,0,0,0
I17_03_05.png,I17,Motion blur,5,1.47,11.75,1,0,0,0,1
I17_14_01.png,I17,Multiplicative noise,1,4.5,87.5,0,0,0,0,0
I17_14_02.png,I17,Multiplicative noise,2,4.7,92.5,0,0,0,0,0
I17_14_03.png,I17,Multiplicative noise,3,4.5,87.5,0,0,0,1,0
I17_14_04.png,I17,Multiplicative noise,4,4.03,75.75,0,0,0,1,0
I17_14_05.png,I17,Multiplicative noise,5,2.53,38.25,0,0,0,1,1
I17_20_01.png,I17,Non-eccentricity patch,1,4.8,95.0,0,0,0,0,0
I17_20_02.png,I17,Non-eccentricity patch,2,4.57,89.25,0,0,0,0,0
I17_20_03.png,I17,Non-eccentricity patch,3,4.4,85.0,0,0,0,0,0
I17_20_04.png,I17,Non-eccentricity patch,4,4.6,90.0,0,0,0,0,0
I17_20_05.png,I17,Non-eccentricity patch,5,4.13,78.25,0,0,0,0,1
I17_21_01.png,I17,Pixelate,1,4.13,78.25,0,0,0,0,0
I17_21_02.png,I17,Pixelate,2,3.0,50.0,0,0,0,0,0
I17_21_03.png,I17,Pixelate,3,2.8,45.0,0,0,0,0,0
I17_21_04.png,I17,Pixelate,4,2.57,39.25,0,0,0,0,0
I17_21_05.png,I17,Pixelate,5,1.13,3.25,0,0,0,0,1
I17_22_01.png,I17,Quantization,1,4.8,95.0,0,0,0,0,0
I17_22_02.png,I17,Quantization,2,4.57,89.25,0,0,0,0,0
I17_22_03.png,I17,Quantization,3,4.73,93.25,0,0,0,0,0
I17_22_04.png,I17,Quantization,4,4.6,90.0,0,0,0,0,0
I17_22_05.png,I17,Quantization,5,4.33,83.25,0,0,0,0,1
I17_11_01.png,I17,White noise,1,4.5,87.5,0,0,0,0,0
I17_11_02.png,I17,White noise,2,4.5,87.5,0,0,0,0,0
I17_11_03.png,I17,White noise,3,4.2,80.0,0,0,0,1,0
I17_11_04.png,I17,White noise,4,3.43,60.75,0,0,0,1,0
I17_11_05.png,I17,White noise,5,2.87,46.75,0,0,0,1,1
I17_12_01.png,I17,White noise in color component,1,4.74,93.5,0,0,0,0,0
I17_12_02.png,I17,White noise in color component,2,4.63,90.75,0,0,0,0,0
I17_12_03.png,I17,White noise in color component,3,4.23,80.75,0,0,0,1,0
I17_12_04.png,I17,White noise in color component,4,3.7,67.5,0,0,0,1,0
I17_12_05.png,I17,White noise in color component,5,2.8,45.0,0,0,0,1,1
I17.png,I17,none,0,,100.0,0,0,0,0,0
I18_16_01.png,I18,Brighten,1,4.43,85.75,0,0,0,0,0
I18_16_02.png,I18,Brighten,2,4.37,84.25,0,0,0,0,0
I18_16_03.png,I18,Brighten,3,4.07,76.75,0,0,1,0,0
I18_16_04.png,I18,Brighten,4,2.97,49.25,0,0,1,0,0
I18_16_05.png,I18,Brighten,5,2.17,29.25,0,0,1,0,1
I18_23_01.png,I18,Color block,1,2.77,44.25,0,0,0,0,0
I18_23_02.png,I18,Color block,2,2.0,25.0,0,0,0,0,0
I18_23_03.png,I18,Color block,3,2.4,35.0,0,0,0,0,1
I18_23_04.png,I18,Color block,4,2.2,30.0,0,0,0,0,1
I18_23_05.png,I18,Color block,5,2.1,27.5,0,0,0,0,1
I18_04_01.png,I18,Color diffusion,1,4.4,85.0,0,0,0,0,0
I18_04_02.png,I18,Color diffusion,2,2.5,37.5,0,0,0,0,0
I18_04_03.png,I18,Color diffusion,3,1.43,10.75,0,0,0,0,0
I18_04_04.png,I18,Color diffusion,4,1.4,10.0,0,0,0,0,0
I18_04_05.png,I18,Color diffusion,5,1.43,10.75,0,0,0,0,1
I18_06_01.png,I18,Color quantization,1,3.97,74.25,0,0,0,0,0
I18_06_02.png,I18,Color quantization,2,3.43,60.75,0,0,0,0,0
I18_06_03.png,I18,Color quantization,3,3.1,52.5,0,0,0,0,1
I18_06_04.png,I18,Color quantization,4,2.5,37.5,0,0,0,0,1
I18_06_05.png,I18,Color quantization,5,2.0,25.0,0,0,0,0,1
I18_07_01.png,I18,Color saturation 1,1,2.97,49.25,0,0,0,0,0
I18_07_02.png,I18,Color saturation 1,2,2.13,28.25,0,0,0,0,0
I18_07_03.png,I18,Color saturation 1,3,2.03,25.75,0,0,0,0,0
I18_07_04.png,I18,Color saturation 1,4,2.03,25.75,0,0,0,0,0
I18_07_05.png,I18,Color saturation 1,5,1.73,18.25,0,0,0,0,1
I18_08_01.png,I18,Color saturation 2,1,4.3,82.5,0,0,0,0,0
I18_08_02.png,I18,Color saturation 2,2,3.43,60.75,0,0,0,0,0
I18_08_03.png,I18,Color saturation 2,3,2.7,42.5,0,0,0,0,0
I18_08_04.png,I18,Color saturation 2,4,1.9,22.5,0,0,0,0,0
I18_08_05.png,I18,Color saturation 2,5,1.37,9.25,0,0,0,0,1
I18_05_01.png,I18,Color shift,1,4.27,81.75,0,0,0,0,0
I18_05_02.png,I18,Color shift,2,2.1,27.5,0,0,0,0,0
I18_05_03.png,I18,Color shift,3,1.9,22.5,0,0,0,0,0
I18_05_04.png,I18,Color shift,4,1.57,14.25,0,0,0,0,0
I18_05_05.png,I18,Color shift,5,1.87,21.75,0,0,0,0,1
I18_25_01.png,I18,Contrast change,1,3.7,67.5,0,0,0,0,0
I18_25_02.png,I18,Contrast change,2,3.87,71.75,0,0,0,0,0
I18_25_03.png,I18,Contrast change,3,3.9,72.5,0,0,0,0,0
I18_25_04.png,I18,Contrast change,4,4.03,75.75,0,0,0,0,0
I18_25_05.png,I18,Contrast change,5,3.33,58.25,0,0,0,0,1
I18_17_01.png,I18,Darken,1,4.4,85.0,0,0,0,0,0
I18_17_02.png,I18,Darken,2,4.3,82.5,0,0,0,0,0
I18_17_03.png,I18,Darken,3,3.83,70.75,0,1,0,0,0
I18_17_04.png,I18,Darken,4,3.7,67.5,0,1,0,0,0
I18_17_05.png,I18,Darken,5,2.57,39.25,0,1,0,0,1
I18_15_01.png,I18,Denoise,1,3.03,50.75,0,0,0,0,0
I18_15_02.png,I18,Denoise,2,2.47,36.75,0,0,0,0,0
I18_15_03.png,I18,Denoise,3,2.1,27.5,0,0,0,1,0
I18_15_04.png,I18,Denoise,4,1.5,12.5,0,0,0,1,0
I18_15_05.png,I18,Denoise,5,1.53,13.25,0,0,0,1,1
I18_01_01.png,I18,Gaussian blur,1,4.5,87.5,0,0,0,0,0
I18_01_02.png,I18,Gaussian blur,2,4.23,80.75,0,0,0,0,0
I18_01_03.png,I18,Gaussian blur,3,2.83,45.75,1,0,0,0,0
I18_01_04.png,I18,Gaussian blur,4,1.77,19.25,1,0,0,0,0
I18_01_05.png,I18,Gaussian blur,5,1.4,10.0,1,0,0,0,1
I18_24_01.png,I18,High sharpen,1,4.1,77.5,0,0,0,0,0
I18_24_02.png,I18,High sharpen,2,2.97,49.25,0,0,0,0,0
I18_24_03.png,I18,High sharpen,3,2.57,39.25,0,0,0,0,0
I18_24_04.png,I18,High sharpen,4,1.57,14.25,0,0,0,0,0
I18_24_05.png,I18,High sharpen,5,1.34,8.5,0,0,0,0,1
I18_13_01.png,I18,Impulse noise,1,2.94,48.5,0,0,0,0,0
I18_13_02.png,I18,Impulse noise,2,2.87,46.75,0,0,0,0,0
I18_13_03.png,I18,Impulse noise,3,2.37,34.25,0,0,0,1,0
I18_13_04.png,I18,Impulse noise,4,2.07,26.75,0,0,0,1,0
I18_13_05.png,I18,Impulse noise,5,1.97,24.25,0,0,0,1,1
I18_10_01.png,I18,JPEG,1,4.07,76.75,0,0,0,0,0
I18_10_02.png,I18,JPEG,2,3.6,65.0,0,0,0,0,0
I18_10_03.png,I18,JPEG,3,3.1,52.5,0,0,0,0,1
I18_10_04.png,I18,JPEG,4,1.67,16.75,0,0,0,0,1
I18_10_05.png,I18,JPEG,5,1.17,4.25,0,0,0,0,1
I18_09_01.png,I18,JPEG2000,1,4.4,85.0,0,0,0,0,0
I18_09_02.png,I18,JPEG2000,2,4.43,85.75,0,0,0,0,0
I18_09_03.png,I18,JPEG2000,3,4.27,81.75,0,0,0,0,1
I18_09_04.png,I18,JPEG2000,4,2.97,49.25,0,0,0,0,1
I18_09_05.png,I18,JPEG2000,5,1.57,14.25,0,0,0,0,1
I18_19_01.png,I18,Jitter,1,4.6,90.0,0,0,0,0,0
I18_19_02.png,I18,Jitter,2,4.27,81.75,0,0,0,0,0
I18_19_03.png,I18,Jitter,3,3.57,64.25,0,0,0,0,0
I18_19_04.png,I18,Jitter,4,2.1,27.5,0,0,0,0,0
I18_19_05.png,I18,Jitter,5,1.3,7.5,0,0,0,0,1
I18_02_01.png,I18,Lens blur,1,3.7,67.5,0,0,0,0,0
I18_02_02.png,I18,Lens blur,2,2.37,34.25,0,0,0,0,0
I18_02_03.png,I18,Lens blur,3,1.53,13.25,1,0,0,0,0
I18_02_04.png,I18,Lens blur,4,1.23,5.75,1,0,0,0,0
I18_02_05.png,I18,Lens blur,5,1.43,10.75,1,0,0,0,1
I18_18_01.png,I18,Mean shift,1,4.27,81.75,0,0,0,0,0
I18_18_02.png,I18,Mean shift,2,4.43,85.75,0,0,0,0,0
I18_18_03.png,I18,Mean shift,3,4.45,86.25,0,0,0,0,0
I18_18_04.png,I18,Mean shift,4,4.33,83.25,0,0,0,0,0
I18_18_05.png,I18,Mean shift,5,3.77,69.25,0,0,0,0,1
I18_03_01.png,I18,Motion blur,1,4.3,82.5,0,0,0,0,0
I18_03_02.png,I18,Motion blur,2,3.97,74.25,0,0,0,0,0
I18_03_03.png,I18,Motion blur,3,3.07,51.75,1,0,0,0,0
I18_03_04.png,I18,Motion blur,4,2.33,33.25,1,0,0,0,0
I18_03_05.png,I18,Motion blur,5,1.57,14.25,1,0,0,0,1
I18_14_01.png,I18,Multiplicative noise,1,4.07,76.75,0,0,0,0,0
I18_14_02.png,I18,Multiplicative noise,2,3.03,50.75,0,0,0,0,0
I18_14_03.png,I18,Multiplicative noise,3,2.67,41.75,0,0,0,1,0
I18_14_04.png,I18,Multiplicative noise,4,2.23,30.75,0,0,0,1,0
I18_14_05.png,I18,Multiplicative noise,5,1.93,23.25,0,0,0,1,1
I18_20_01.png,I18,Non-eccentricity patch,1,4.33,83.25,0,0,0,0,0
I18_20_02.png,I18,Non-eccentricity patch,2,4.03,75.75,0,0,0,0,0
I18_20_03.png,I18,Non-eccentricity patch,3,4.17,79.25,0,0,0,0,0
I18_20_04.png,I18,Non-eccentricity patch,4,3.97,74.25,0,0,0,0,0
I18_20_05.png,I18,Non-eccentricity patch,5,4.1,77.5,0,0,0,0,1
I18_21_01.png,I18,Pixelate,1,3.74,68.5,0,0,0,0,0
I18_21_02.png,I18,Pixelate,2,3.07,51.75,0,0,0,0,0
I18_21_03.png,I18,Pixelate,3,3.33,58.25,0,0,0,0,0
I18_21_04.png,I18,Pixelate,4,2.9,47.5,0,0,0,0,0
I18_21_05.png,I18,Pixelate,5,1.63,15.75,0,0,0,0,1
I18_22_01.png,I18,Quantization,1,3.13,53.25,0,0,0,0,0
I18_22_02.png,I18,Quantization,2,2.63,40.75,0,0,0,0,0
I18_22_03.png,I18,Quantization,3,2.83,45.75,0,0,0,0,0
I18_22_04.png,I18,Quantization,4,2.4,35.0,0,0,0,0,0
I18_22_05.png,I18,Quantization,5,2.2,30.0,0,0,0,0,1
I18_11_01.png,I18,White noise,1,3.7,67.5,0,0,0,0,0
I18_11_02.png,I18,White noise,2,3.17,54.25,0,0,0,0,0
I18_11_03.png,I18,White noise,3,2.83,45.75,0,0,0,1,0
I18_11_04.png,I18,White noise,4,2.5,37.5,0,0,0,1,0
I18_11_05.png,I18,White noise,5,2.07,26.75,0,0,0,1,1
I18_12_01.png,I18,White noise in color component,1,3.97,74.25,0,0,0,0,0
I18_12_02.png,I18,White noise in color component,2,3.03,50.75,0,0,0,0,0
I18_12_03.png,I18,White noise in color component,3,2.6,40.0,0,0,0,1,0
I18_12_04.png,I18,White noise in color component,4,2.1,27.5,0,0,0,1,0
I18_12_05.png,I18,White noise in color component,5,2.03,25.75,0,0,0,1,1
I18.png,I18,none,0,,100.0,0,0,0,0,0
I19_16_01.png,I19,Brighten,1,4.57,89.25,0,0,0,0,0
I19_16_02.png,I19,Brighten,2,4.57,89.25,0,0,0,0,0
I19_16_03.png,I19,Brighten,3,4.13,78.25,0,0,1,0,0
I19_16_04.png,I19,Brighten,4,2.5,37.5,0,0,1,0,0
I19_16_05.png,I19,Brighten,5,1.77,19.25,0,0,1,0,1
I19_23_01.png,I19,Color block,1,2.9,47.5,0,0,0,0,0
I19_23_02.png,I19,Color block,2,2.37,34.25,0,0,0,0,0
I19_23_03.png,I19,Color block,3,2.4,35.0,0,0,0,0,1
I19_23_04.png,I19,Color block,4,2.33,33.25,0,0,0,0,1
I19_23_05.png,I19,Color block,5,1.9,22.5,0,0,0,0,1
I19_04_01.png,I19,Color diffusion,1,4.13,78.25,0,0,0,0,0
I19_04_02.png,I19,Color diffusion,2,2.8,45.0,0,0,0,0,0
I19_04_03.png,I19,Color diffusion,3,1.61,15.25,0,0,0,0,0
I19_04_04.png,I19,Color diffusion,4,1.53,13.25,0,0,0,0,0
I19_04_05.png,I19,Color diffusion,5,1.37,9.25,0,0,0,0,1
I19_06_01.png,I19,Color quantization,1,3.9,72.5,0,0,0,0,0
I19_06_02.png,I19,Color quantization,2,3.0,50.0,0,0,0,0,0
I19_06_03.png,I19,Color quantization,3,3.4,60.0,0,0,0,0,1
I19_06_04.png,I19,Color quantization,4,2.8,45.0,0,0,0,0,1
I19_06_05.png,I19,Color quantization,5,1.9,22.5,0,0,0,0,1
I19_07_01.png,I19,Color saturation 1,1,2.83,45.75,0,0,0,0,0
I19_07_02.png,I19,Color saturation 1,2,1.97,24.25,0,0,0,0,0
I19_07_03.png,I19,Color saturation 1,3,2.37,34.25,0,0,0,0,0
I19_07_04.png,I19,Color saturation 1,4,2.1,27.5,0,0,0,0,0
I19_07_05.png,I19,Color saturation 1,5,1.87,21.75,0,0,0,0,1
I19_08_01.png,I19,Color saturation 2,1,4.87,96.75,0,0,0,0,0
I19_08_02.png,I19,Color saturation 2,2,3.4,60.0,0,0,0,0,0
I19_08_03.png,I19,Color saturation 2,3,2.87,46.75,0,0,0,0,0
I19_08_04.png,I19,Color saturation 2,4,2.17,29.25,0,0,0,0,0
I19_08_05.png,I19,Color saturation 2,5,1.6,15.0,0,0,0,0,1
I19_05_01.png,I19,Color shift,1,4.3,82.5,0,0,0,0,0
I19_05_02.png,I19,Color shift,2,2.33,33.25,0,0,0,0,0
I19_05_03.png,I19,Color shift,3,1.6,15.0,0,0,0,0,0
I19_05_04.png,I19,Color shift,4,1.57,14.25,0,0,0,0,0
I19_05_05.png,I19,Color shift,5,1.8,20.0,0,0,0,0,1
I19_25_01.png,I19,Contrast change,1,3.53,63.25,0,0,0,0,0
I19_25_02.png,I19,Contrast change,2,4.17,79.25,0,0,0,0,0
I19_25_03.png,I19,Contrast change,3,4.45,86.25,0,0,0,0,0
I19_25_04.png,I19,Contrast change,4,4.43,85.75,0,0,0,0,0
I19_25_05.png,I19,Contrast change,5,3.53,63.25,0,0,0,0,1
I19_17_01.png,I19,Darken,1,4.5,87.5,0,0,0,0,0
I19_17_02.png,I19,Darken,2,4.47,86.75,0,0,0,0,0
I19_17_03.png,I19,Darken,3,4.5,87.5,0,1,0,0,0
I19_17_04.png,I19,Darken,4,3.82,70.5,0,1,0,0,0
I19_17_05.png,I19,Darken,5,2.47,36.75,0,1,0,0,1
I19_15_01.png,I19,Denoise,1,3.93,73.25,0,0,0,0,0
I19_15_02.png,I19,Denoise,2,3.0,50.0,0,0,0,0,0
I19_15_03.png,I19,Denoise,3,2.87,46.75,0,0,0,1,0
I19_15_04.png,I19,Denoise,4,1.87,21.75,0,0,0,1,0
I19_15_05.png,I19,Denoise,5,1.6,15.0,0,0,0,1,1
I19_01_01.png,I19,Gaussian blur,1,4.4,85.0,0,0,0,0,0
I19_01_02.png,I19,Gaussian blur,2,4.23,80.75,0,0,0,0,0
I19_01_03.png,I19,Gaussian blur,3,2.77,44.25,1,0,0,0,0
I19_01_04.png,I19,Gaussian blur,4,1.93,23.25,1,0,0,0,0
I19_01_05.png,I19,Gaussian blur,5,1.27,6.75,1,0,0,0,1
I19_24_01.png,I19,High sharpen,1,3.3,57.5,0,0,0,0,0
I19_24_02.png,I19,High sharpen,2,2.0,25.0,0,0,0,0,0
I19_24_03.png,I19,High sharpen,3,1.63,15.75,0,0,0,0,0
I19_24_04.png,I19,High sharpen,4,1.43,10.75,0,0,0,0,0
I19_24_05.png,I19,High sharpen,5,1.23,5.75,0,0,0,0,1
I19_13_01.png,I19,Impulse noise,1,2.93,48.25,0,0,0,0,0
I19_13_02.png,I19,Impulse noise,2,2.47,36.75,0,0,0,0,0
I19_13_03.png,I19,Impulse noise,3,2.13,28.25,0,0,0,1,0
I19_13_04.png,I19,Impulse noise,4,2.3,32.5,0,0,0,1,0
I19_13_05.png,I19,Impulse noise,5,1.9,22.5,0,0,0,1,1
I19_10_01.png,I19,JPEG,1,4.0,75.0,0,0,0,0,0
I19_10_02.png,I19,JPEG,2,3.87,71.75,0,0,0,0,0
I19_10_03.png,I19,JPEG,3,3.87,71.75,0,0,0,0,1
I19_10_04.png,I19,JPEG,4,2.03,25.75,0,0,0,0,1
I19_10_05.png,I19,JPEG,5,1.3,7.5,0,0,0,0,1
I19_09_01.png,I19,JPEG2000,1,4.63,90.75,0,0,0,0,0
I19_09_02.png,I19,JPEG2000,2,4.37,84.25,0,0,0,0,0
I19_09_03.png,I19,JPEG2000,3,4.33,83.25,0,0,0,0,1
I19_09_04.png,I19,JPEG2000,4,3.37,59.25,0,0,0,0,1
I19_09_05.png,I19,JPEG2000,5,1.73,18.25,0,0,0,0,1
I19_19_01.png,I19,Jitter,1,4.27,81.75,0,0,0,0,0
I19_19_02.png,I19,Jitter,2,3.83,70.75,0,0,0,0,0
I19_19_03.png,I19,Jitter,3,2.67,41.75,0,0,0,0,0
I19_19_04.png,I19,Jitter,4,1.57,14.25,0,0,0,0,0
I19_19_05.png,I19,Jitter,5,1.19,4.75,0,0,0,0,1
I19_02_01.png,I19,Lens blur,1,3.8,70.0,0,0,0,0,0
I19_02_02.png,I19,Lens blur,2,2.5,37.5,0,0,0,0,0
I19_02_03.png,I19,Lens blur,3,2.0,25.0,1,0,0,0,0
I19_02_04.png,I19,Lens blur,4,1.5,12.5,1,0,0,0,0
I19_02_05.png,I19,Lens blur,5,1.4,10.0,1,0,0,0,1
I19_18_01.png,I19,Mean shift,1,4.5,87.5,0,0,0,0,0
I19_18_02.png,I19,Mean shift,2,4.27,81.75,0,0,0,0,0
I19_18_03.png,I19,Mean shift,3,4.7,92.5,0,0,0,0,0
I19_18_04.png,I19,Mean shift,4,4.27,81.75,0,0,0,0,0
I19_18_05.png,I19,Mean shift,5,3.9,72.5,0,0,0,0,1
I19_03_01.png,I19,Motion blur,1,4.57,89.25,0,0,0,0,0
I19_03_02.png,I19,Motion blur,2,3.73,68.25,0,0,0,0,0
I19_03_03.png,I19,Motion blur,3,3.03,50.75,1,0,0,0,0
I19_03_04.png,I19,Motion blur,4,2.17,29.25,1,0,0,0,0
I19_03_05.png,I19,Motion blur,5,1.84,21.0,1,0,0,0,1
I19_14_01.png,I19,Multiplicative noise,1,4.2,80.0,0,0,0,0,0
I19_14_02.png,I19,Multiplicative noise,2,3.0,50.0,0,0,0,0,0
I19_14_03.png,I19,Multiplicative noise,3,2.57,39.25,0,0,0,1,0
I19_14_04.png,I19,Multiplicative noise,4,2.47,36.75,0,0,0,1,0
I19_14_05.png,I19,Multiplicative noise,5,1.73,18.25,0,0,0,1,1
I19_20_01.png,I19,Non-eccentricity patch,1,4.13,78.25,0,0,0,0,0
I19_20_02.png,I19,Non-eccentricity patch,2,3.93,73.25,0,0,0,0,0
I19_20_03.png,I19,Non-eccentricity patch,3,3.07,51.75,0,0,0,0,0
I19_20_04.png,I19,Non-eccentricity patch,4,2.67,41.75,0,0,0,0,0
I19_20_05.png,I19,Non-eccentricity patch,5,2.37,34.25,0,0,0,0,1
I19_21_01.png,I19,Pixelate,1,4.0,75.0,0,0,0,0,0
I19_21_02.png,I19,Pixelate,2,3.47,61.75,0,0,0,0,0
I19_21_03.png,I19,Pixelate,3,2.8,45.0,0,0,0,0,0
I19_21_04.png,I19,Pixelate,4,2.8,45.0,0,0,0,0,0
I19_21_05.png,I19,Pixelate,5,1.83,20.75,0,0,0,0,1
I19_22_01.png,I19,Quantization,1,4.4,85.0,0,0,0,0,0
I19_22_02.png,I19,Quantization,2,4.1,77.5,0,0,0,0,0
I19_22_03.png,I19,Quantization,3,3.37,59.25,0,0,0,0,0
I19_22_04.png,I19,Quantization,4,3.3,57.5,0,0,0,0,0
I19_22_05.png,I19,Quantization,5,2.67,41.75,0,0,0,0,1
I19_11_01.png,I19,White noise,1,3.73,68.25,0,0,0,0,0
I19_11_02.png,I19,White noise,2,3.33,58.25,0,0,0,0,0
I19_11_03.png,I19,White noise,3,2.7,42.5,0,0,0,1,0
I19_11_04.png,I19,White noise,4,2.3,32.5,0,0,0,1,0
I19_11_05.png,I19,White noise,5,1.87,21.75,0,0,0,1,1
I19_12_01.png,I19,White noise in color component,1,4.6,90.0,0,0,0,0,0
I19_12_02.png,I19,White noise in color component,2,3.33,58.25,0,0,0,0,0
I19_12_03.png,I19,White noise in color component,3,2.83,45.75,0,0,0,1,0
I19_12_04.png,I19,White noise in color component,4,2.37,34.25,0,0,0,1,0
I19_12_05.png,I19,White noise in color component,5,2.13,28.25,0,0,0,1,1
I19.png,I19,none,0,,100.0,0,0,0,0,0
I20_16_01.png,I20,Brighten,1,4.5,87.5,0,0,0,0,0
I20_16_02.png,I20,Brighten,2,4.37,84.25,0,0,0,0,0
I20_16_03.png,I20,Brighten,3,3.83,70.75,0,0,1,0,0
I20_16_04.png,I20,Brighten,4,3.23,55.75,0,0,1,0,0
I20_16_05.png,I20,Brighten,5,1.93,23.25,0,0,1,0,1
I20_23_01.png,I20,Color block,1,3.03,50.75,0,0,0,0,0
I20_23_02.png,I20,Color block,2,2.03,25.75,0,0,0,0,0
I20_23_03.png,I20,Color block,3,2.37,34.25,0,0,0,0,1
I20_23_04.png,I20,Color block,4,2.17,29.25,0,0,0,0,1
I20_23_05.png,I20,Color block,5,2.03,25.75,0,0,0,0,1
I20_04_01.png,I20,Color diffusion,1,4.19,79.75,0,0,0,0,0
I20_04_02.png,I20,Color diffusion,2,2.17,29.25,0,0,0,0,0
I20_04_03.png,I20,Color diffusion,3,1.26,6.5,0,0,0,0,0
I20_04_04.png,I20,Color diffusion,4,1.23,5.75,0,0,0,0,0
I20_04_05.png,I20,Color diffusion,5,1.17,4.25,0,0,0,0,1
I20_06_01.png,I20,Color quantization,1,3.77,69.25,0,0,0,0,0
I20_06_02.png,I20,Color quantization,2,4.07,76.75,0,0,0,0,0
I20_06_03.png,I20,Color quantization,3,3.7,67.5,0,0,0,0,1
I20_06_04.png,I20,Color quantization,4,3.73,68.25,0,0,0,0,1
I20_06_05.png,I20,Color quantization,5,2.27,31.75,0,0,0,0,1
I20_07_01.png,I20,Color saturation 1,1,2.57,39.25,0,0,0,0,0
I20_07_02.png,I20,Color saturation 1,2,2.3,32.5,0,0,0,0,0
I20_07_03.png,I20,Color saturation 1,3,2.3,32.5,0,0,0,0,0
I20_07_04.png,I20,Color saturation 1,4,2.4,35.0,0,0,0,0,0
I20_07_05.png,I20,Color saturation 1,5,2.17,29.25,0,0,0,0,1
I20_08_01.png,I20,Color saturation 2,1,4.53,88.25,0,0,0,0,0
I20_08_02.png,I20,Color saturation 2,2,3.3,57.5,0,0,0,0,0
I20_08_03.png,I20,Color saturation 2,3,2.7,42.5,0,0,0,0,0
I20_08_04.png,I20,Color saturation 2,4,1.7,17.5,0,0,0,0,0
I20_08_05.png,I20,Color saturation 2,5,1.37,9.25,0,0,0,0,1
I20_05_01.png,I20,Color shift,1,3.9,72.5,0,0,0,0,0
I20_05_02.png,I20,Color shift,2,2.33,33.25,0,0,0,0,0
I20_05_03.png,I20,Color shift,3,1.83,20.75,0,0,0,0,0
I20_05_04.png,I20,Color shift,4,1.87,21.75,0,0,0,0,0
I20_05_05.png,I20,Color shift,5,2.13,28.25,0,0,0,0,1
I20_25_01.png,I20,Contrast change,1,2.97,49.25,0,0,0,0,0
I20_25_02.png,I20,Contrast change,2,3.73,68.25,0,0,0,0,0
I20_25_03.png,I20,Contrast change,3,3.87,71.75,0,0,0,0,0
I20_25_04.png,I20,Contrast change,4,4.03,75.75,0,0,0,0,0
I20_25_05.png,I20,Contrast change,5,3.0,50.0,0,0,0,0,1
I20_17_01.png,I20,Darken,1,4.53,88.25,0,0,0,0,0
I20_17_02.png,I20,Darken,2,4.27,81.75,0,0,0,0,0
I20_17_03.png,I20,Darken,3,4.03,75.75,0,1,0,0,0
I20_17_04.png,I20,Darken,4,3.07,51.75,0,1,0,0,0
I20_17_05.png,I20,Darken,5,1.77,19.25,0,1,0,0,1
I20_15_01.png,I20,Denoise,1,3.47,61.75,0,0,0,0,0
I20_15_02.png,I20,Denoise,2,2.33,33.25,0,0,0,0,0
I20_15_03.png,I20,Denoise,3,1.87,21.75,0,0,0,1,0
I20_15_04.png,I20,Denoise,4,1.67,16.75,0,0,0,1,0
I20_15_05.png,I20,Denoise,5,1.17,4.25,0,0,0,1,1
I20_01_01.png,I20,Gaussian blur,1,4.63,90.75,0,0,0,0,0
I20_01_02.png,I20,Gaussian blur,2,4.37,84.25,0,0,0,0,0
I20_01_03.png,I20,Gaussian blur,3,2.73,43.25,1,0,0,0,0
I20_01_04.png,I20,Gaussian blur,4,1.97,24.25,1,0,0,0,0
I20_01_05.png,I20,Gaussian blur,5,1.33,8.25,1,0,0,0,1
I20_24_01.png,I20,High sharpen,1,3.69,67.25,0,0,0,0,0
I20_24_02.png,I20,High sharpen,2,3.0,50.0,0,0,0,0,0
I20_24_03.png,I20,High sharpen,3,2.17,29.25,0,0,0,0,0
I20_24_04.png,I20,High sharpen,4,1.53,13.25,0,0,0,0,0
I20_24_05.png,I20,High sharpen,5,1.37,9.25,0,0,0,0,1
I20_13_01.png,I20,Impulse noise,1,3.07,51.75,0,0,0,0,0
I20_13_02.png,I20,Impulse noise,2,2.6,40.0,0,0,0,0,0
I20_13_03.png,I20,Impulse noise,3,2.57,39.25,0,0,0,1,0
I20_13_04.png,I20,Impulse noise,4,2.27,31.75,0,0,0,1,0
I20_13_05.png,I20,Impulse noise,5,1.9,22.5,0,0,0,1,1
I20_10_01.png,I20,JPEG,1,4.13,78.25,0,0,0,0,0
I20_10_02.png,I20,JPEG,2,3.9,72.5,0,0,0,0,0
I20_10_03.png,I20,JPEG,3,3.53,63.25,0,0,0,0,1
I20_10_04.png,I20,JPEG,4,1.67,16.75,0,0,0,0,1
I20_10_05.png,I20,JPEG,5,1.23,5.75,0,0,0,0,1
I20_09_01.png,I20,JPEG2000,1,4.53,88.25,0,0,0,0,0
I20_09_02.png,I20,JPEG2000,2,4.4,85.0,0,0,0,0,0
I20_09_03.png,I20,JPEG2000,3,3.8,70.0,0,0,0,0,1
I20_09_04.png,I20,JPEG2000,4,2.3,32.5,0,0,0,0,1
I20_09_05.png,I20,JPEG2000,5,1.37,9.25,0,0,0,0,1
I20_19_01.png,I20,Jitter,1,4.6,90.0,0,0,0,0,0
I20_19_02.png,I20,Jitter,2,4.23,80.75,0,0,0,0,0
I20_19_03.png,I20,Jitter,3,3.37,59.25,0,0,0,0,0
I20_19_04.png,I20,Jitter,4,1.93,23.25,0,0,0,0,0
I20_19_05.png,I20,Jitter,5,1.37,9.25,0,0,0,0,1
I20_02_01.png,I20,Lens blur,1,3.9,72.5,0,0,0,0,0
I20_02_02.png,I20,Lens blur,2,2.53,38.25,0,0,0,0,0
I20_02_03.png,I20,Lens blur,3,1.63,15.75,1,0,0,0,0
I20_02_04.png,I20,Lens blur,4,1.7,17.5,1,0,0,0,0
I20_02_05.png,I20,Lens blur,5,1.53,13.25,1,0,0,0,1
I20_18_01.png,I20,Mean shift,1,4.4,85.0,0,0,0,0,0
I20_18_02.png,I20,Mean shift,2,4.5,87.5,0,0,0,0,0
I20_18_03.png,I20,Mean shift,3,4.5,87.5,0,0,0,0,0
I20_18_04.png,I20,Mean shift,4,3.9,72.5,0,0,0,0,0
I20_18_05.png,I20,Mean shift,5,3.2,55.0,0,0,0,0,1
I20_03_01.png,I20,Motion blur,1,4.4,85.0,0,0,0,0,0
I20_03_02.png,I20,Motion blur,2,4.03,75.75,0,0,0,0,0
I20_03_03.png,I20,Motion blur,3,3.13,53.25,1,0,0,0,0
I20_03_04.png,I20,Motion blur,4,2.13,28.25,1,0,0,0,0
I20_03_05.png,I20,Motion blur,5,1.87,21.75,1,0,0,0,1
I20_14_01.png,I20,Multiplicative noise,1,4.07,76.75,0,0,0,0,0
I20_14_02.png,I20,Multiplicative noise,2,3.37,59.25,0,0,0,0,0
I20_14_03.png,I20,Multiplicative noise,3,3.17,54.25,0,0,0,1,0
I20_14_04.png,I20,Multiplicative noise,4,2.43,35.75,0,0,0,1,0
I20_14_05.png,I20,Multiplicative noise,5,2.1,27.5,0,0,0,1,1
I20_20_01.png,I20,Non-eccentricity patch,1,4.3,82.5,0,0,0,0,0
I20_20_02.png,I20,Non-eccentricity patch,2,4.2,80.0,0,0,0,0,0
I20_20_03.png,I20,Non-eccentricity patch,3,4.03,75.75,0,0,0,0,0
I20_20_04.png,I20,Non-eccentricity patch,4,4.27,81.75,0,0,0,0,0
I20_20_05.png,I20,Non-eccentricity patch,5,3.3,57.5,0,0,0,0,1
I20_21_01.png,I20,Pixelate,1,4.07,76.75,0,0,0,0,0
I20_21_02.png,I20,Pixelate,2,3.3,57.5,0,0,0,0,0
I20_21_03.png,I20,Pixelate,3,3.1,52.5,0,0,0,0,0
I20_21_04.png,I20,Pixelate,4,3.2,55.0,0,0,0,0,0
I20_21_05.png,I20,Pixelate,5,1.57,14.25,0,0,0,0,1
I20_22_01.png,I20,Quantization,1,3.7,67.5,0,0,0,0,0
I20_22_02.png,I20,Quantization,2,3.57,64.25,0,0,0,0,0
I20_22_03.png,I20,Quantization,3,3.3,57.5,0,0,0,0,0
I20_22_04.png,I20,Quantization,4,2.97,49.25,0,0,0,0,0
I20_22_05.png,I20,Quantization,5,2.67,41.75,0,0,0,0,1
I20_11_01.png,I20,White noise,1,3.47,61.75,0,0,0,0,0
I20_11_02.png,I20,White noise,2,3.2,55.0,0,0,0,0,0
I20_11_03.png,I20,White noise,3,2.6,40.0,0,0,0,1,0
I20_11_04.png,I20,White noise,4,2.57,39.25,0,0,0,1,0
I20_11_05.png,I20,White noise,5,1.87,21.75,0,0,0,1,1
I20_12_01.png,I20,White noise in color component,1,4.33,83.25,0,0,0,0,0
I20_12_02.png,I20,White noise in color component,2,3.57,64.25,0,0,0,0,0
I20_12_03.png,I20,White noise in color component,3,2.97,49.25,0,0,0,1,0
I20_12_04.png,I20,White noise in color component,4,2.53,38.25,0,0,0,1,0
I20_12_05.png,I20,White noise in color component,5,2.33,33.25,0,0,0,1,1
I20.png,I20,none,0,,100.0,0,0,0,0,0
I21_16_01.png,I21,Brighten,1,4.6,90.0,0,0,0,0,0
I21_16_02.png,I21,Brighten,2,4.3,82.5,0,0,0,0,0
I21_16_03.png,I21,Brighten,3,3.67,66.75,0,0,1,0,0
I21_16_04.png,I21,Brighten,4,3.13,53.25,0,0,1,0,0
I21_16_05.png,I21,Brighten,5,2.17,29.25,0,0,1,0,1
I21_23_01.png,I21,Color block,1,2.77,44.25,0,0,0,0,0
I21_23_02.png,I21,Color block,2,2.3,32.5,0,0,0,0,0
I21_23_03.png,I21,Color block,3,2.13,28.25,0,0,0,0,1
I21_23_04.png,I21,Color block,4,2.13,28.25,0,0,0,0,1
I21_23_05.png,I21,Color block,5,1.7,17.5,0,0,0,0,1
I21_04_01.png,I21,Color diffusion,1,4.43,85.75,0,0,0,0,0
I21_04_02.png,I21,Color diffusion,2,2.8,45.0,0,0,0,0,0
I21_04_03.png,I21,Color diffusion,3,1.9,22.5,0,0,0,0,0
I21_04_04.png,I21,Color diffusion,4,1.67,16.75,0,0,0,0,0
I21_04_05.png,I21,Color diffusion,5,1.27,6.75,0,0,0,0,1
I21_06_01.png,I21,Color quantization,1,4.03,75.75,0,0,0,0,0
I21_06_02.png,I21,Color quantization,2,4.23,80.75,0,0,0,0,0
I21_06_03.png,I21,Color quantization,3,3.63,65.75,0,0,0,0,1
I21_06_04.png,I21,Color quantization,4,3.43,60.75,0,0,0,0,1
I21_06_05.png,I21,Color quantization,5,2.3,32.5,0,0,0,0,1
I21_07_01.png,I21,Color saturation 1,1,2.7,42.5,0,0,0,0,0
I21_07_02.png,I21,Color saturation 1,2,2.43,35.75,0,0,0,0,0
I21_07_03.png,I21,Color saturation 1,3,2.57,39.25,0,0,0,0,0
I21_07_04.png,I21,Color saturation 1,4,2.07,26.75,0,0,0,0,0
I21_07_05.png,I21,Color saturation 1,5,2.07,26.75,0,0,0,0,1
I21_08_01.png,I21,Color saturation 2,1,4.37,84.25,0,0,0,0,0
I21_08_02.png,I21,Color saturation 2,2,3.4,60.0,0,0,0,0,0
I21_08_03.png,I21,Color saturation 2,3,3.1,52.5,0,0,0,0,0
I21_08_04.png,I21,Color saturation 2,4,2.2,30.0,0,0,0,0,0
I21_08_05.png,I21,Color saturation 2,5,1.43,10.75,0,0,0,0,1
I21_05_01.png,I21,Color shift,1,3.77,69.25,0,0,0,0,0
I21_05_02.png,I21,Color shift,2,2.33,33.25,0,0,0,0,0
I21_05_03.png,I21,Color shift,3,1.93,23.25,0,0,0,0,0
I21_05_04.png,I21,Color shift,4,1.77,19.25,0,0,0,0,0
I21_05_05.png,I21,Color shift,5,1.93,23.25,0,0,0,0,1
I21_25_01.png,I21,Contrast change,1,3.5,62.5,0,0,0,0,0
I21_25_02.png,I21,Contrast change,2,3.77,69.25,0,0,0,0,0
I21_25_03.png,I21,Contrast change,3,3.97,74.25,0,0,0,0,0
I21_25_04.png,I21,Contrast change,4,3.87,71.75,0,0,0,0,0
I21_25_05.png,I21,Contrast change,5,3.2,55.0,0,0,0,0,1
I21_17_01.png,I21,Darken,1,4.6,90.0,0,0,0,0,0
I21_17_02.png,I21,Darken,2,4.37,84.25,0,0,0,0,0
I21_17_03.png,I21,Darken,3,4.0,75.0,0,1,0,0,0
I21_17_04.png,I21,Darken,4,2.87,46.75,0,1,0,0,0
I21_17_05.png,I21,Darken,5,1.63,15.75,0,1,0,0,1
I21_15_01.png,I21,Denoise,1,3.4,60.0,0,0,0,0,0
I21_15_02.png,I21,Denoise,2,2.1,27.5,0,0,0,0,0
I21_15_03.png,I21,Denoise,3,1.87,21.75,0,0,0,1,0
I21_15_04.png,I21,Denoise,4,1.4,10.0,0,0,0,1,0
I21_15_05.png,I21,Denoise,5,1.33,8.25,0,0,0,1,1
I21_01_01.png,I21,Gaussian blur,1,4.7,92.5,0,0,0,0,0
I21_01_02.png,I21,Gaussian blur,2,4.0,75.0,0,0,0,0,0
I21_01_03.png,I21,Gaussian blur,3,2.5,37.5,1,0,0,0,0
I21_01_04.png,I21,Gaussian blur,4,1.6,15.0,1,0,0,0,0
I21_01_05.png,I21,Gaussian blur,5,1.13,3.25,1,0,0,0,1
I21_24_01.png,I21,High sharpen,1,3.73,68.25,0,0,0,0,0
I21_24_02.png,I21,High sharpen,2,2.33,33.25,0,0,0,0,0
I21_24_03.png,I21,High sharpen,3,1.77,19.25,0,0,0,0,0
I21_24_04.png,I21,High sharpen,4,1.39,9.75,0,0,0,0,0
I21_24_05.png,I21,High sharpen,5,1.37,9.25,0,0,0,0,1
I21_13_01.png,I21,Impulse noise,1,3.03,50.75,0,0,0,0,0
I21_13_02.png,I21,Impulse noise,2,2.73,43.25,0,0,0,0,0
I21_13_03.png,I21,Impulse noise,3,2.53,38.25,0,0,0,1,0
I21_13_04.png,I21,Impulse noise,4,1.93,23.25,0,0,0,1,0
I21_13_05.png,I21,Impulse noise,5,1.87,21.75,0,0,0,1,1
I21_10_01.png,I21,JPEG,1,4.23,80.75,0,0,0,0,0
I21_10_02.png,I21,JPEG,2,3.9,72.5,0,0,0,0,0
I21_10_03.png,I21,JPEG,3,3.53,63.25,0,0,0,0,1
I21_10_04.png,I21,JPEG,4,1.93,23.25,0,0,0,0,1
I21_10_05.png,I21,JPEG,5,1.17,4.25,0,0,0,0,1
I21_09_01.png,I21,JPEG2000,1,4.6,90.0,0,0,0,0,0
I21_09_02.png,I21,JPEG2000,2,3.43,60.75,0,0,0,0,0
I21_09_03.png,I21,JPEG2000,3,2.17,29.25,0,0,0,0,1
I21_09_04.png,I21,JPEG2000,4,1.87,21.75,0,0,0,0,1
I21_09_05.png,I21,JPEG2000,5,1.27,6.75,0,0,0,0,1
I21_19_01.png,I21,Jitter,1,4.3,82.5,0,0,0,0,0
I21_19_02.png,I21,Jitter,2,3.77,69.25,0,0,0,0,0
I21_19_03.png,I21,Jitter,3,2.77,44.25,0,0,0,0,0
I21_19_04.png,I21,Jitter,4,1.67,16.75,0,0,0,0,0
I21_19_05.png,I21,Jitter,5,1.07,1.75,0,0,0,0,1
I21_02_01.png,I21,Lens blur,1,3.2,55.0,0,0,0,0,0
I21_02_02.png,I21,Lens blur,2,2.4,35.0,0,0,0,0,0
I21_02_03.png,I21,Lens blur,3,1.33,8.25,1,0,0,0,0
I21_02_04.png,I21,Lens blur,4,1.47,11.75,1,0,0,0,0
I21_02_05.png,I21,Lens blur,5,1.27,6.75,1,0,0,0,1
I21_18_01.png,I21,Mean shift,1,4.37,84.25,0,0,0,0,0
I21_18_02.png,I21,Mean shift,2,4.7,92.5,0,0,0,0,0
I21_18_03.png,I21,Mean shift,3,4.43,85.75,0,0,0,0,0
I21_18_04.png,I21,Mean shift,4,4.03,75.75,0,0,0,0,0
I21_18_05.png,I21,Mean shift,5,3.53,63.25,0,0,0,0,1
I21_03_01.png,I21,Motion blur,1,4.7,92.5,0,0,0,0,0
I21_03_02.png,I21,Motion blur,2,3.6,65.0,0,0,0,0,0
I21_03_03.png,I21,Motion blur,3,2.23,30.75,1,0,0,0,0
I21_03_04.png,I21,Motion blur,4,1.9,22.5,1,0,0,0,0
I21_03_05.png,I21,Motion blur,5,1.53,13.25,1,0,0,0,1
I21_14_01.png,I21,Multiplicative noise,1,4.47,86.75,0,0,0,0,0
I21_14_02.png,I21,Multiplicative noise,2,3.52,63.0,0,0,0,0,0
I21_14_03.png,I21,Multiplicative noise,3,3.07,51.75,0,0,0,1,0
I21_14_04.png,I21,Multiplicative noise,4,2.73,43.25,0,0,0,1,0
I21_14_05.png,I21,Multiplicative noise,5,2.27,31.75,0,0,0,1,1
I21_20_01.png,I21,Non-eccentricity patch,1,4.53,88.25,0,0,0,0,0
I21_20_02.png,I21,Non-eccentricity patch,2,4.07,76.75,0,0,0,0,0
I21_20_03.png,I21,Non-eccentricity patch,3,3.47,61.75,0,0,0,0,0
I21_20_04.png,I21,Non-eccentricity patch,4,4.03,75.75,0,0,0,0,0
I21_20_05.png,I21,Non-eccentricity patch,5,3.17,54.25,0,0,0,0,1
I21_21_01.png,I21,Pixelate,1,3.77,69.25,0,0,0,0,0
I21_21_02.png,I21,Pixelate,2,3.03,50.75,0,0,0,0,0
I21_21_03.png,I21,Pixelate,3,2.63,40.75,0,0,0,0,0
I21_21_04.png,I21,Pixelate,4,2.2,30.0,0,0,0,0,0
I21_21_05.png,I21,Pixelate,5,1.33,8.25,0,0,0,0,1
I21_22_01.png,I21,Quantization,1,3.57,64.25,0,0,0,0,0
I21_22_02.png,I21,Quantization,2,2.83,45.75,0,0,0,0,0
I21_22_03.png,I21,Quantization,3,2.93,48.25,0,0,0,0,0
I21_22_04.png,I21,Quantization,4,2.53,38.25,0,0,0,0,0
I21_22_05.png,I21,Quantization,5,2.07,26.75,0,0,0,0,1
I21_11_01.png,I21,White noise,1,3.53,63.25,0,0,0,0,0
I21_11_02.png,I21,White noise,2,3.33,58.25,0,0,0,0,0
I21_11_03.png,I21,White noise,3,2.87,46.75,0,0,0,1,0
I21_11_04.png,I21,White noise,4,2.3,32.5,0,0,0,1,0
I21_11_05.png,I21,White noise,5,2.2,30.0,0,0,0,1,1
I21_12_01.png,I21,White noise in color component,1,4.03,75.75,0,0,0,0,0
I21_12_02.png,I21,White noise in color component,2,3.47,61.75,0,0,0,0,0
I21_12_03.png,I21,White noise in color component,3,2.9,47.5,0,0,0,1,0
I21_12_04.png,I21,White noise in color component,4,2.63,40.75,0,0,0,1,0
I21_12_05.png,I21,White noise in color component,5,2.13,28.25,0,0,0,1,1
I21.png,I21,none,0,,100.0,0,0,0,0,0
I22_16_01.png,I22,Brighten,1,4.53,88.25,0,0,0,0,0
I22_16_02.png,I22,Brighten,2,4.37,84.25,0,0,0,0,0
I22_16_03.png,I22,Brighten,3,3.43,60.75,0,0,1,0,0
I22_16_04.png,I22,Brighten,4,2.2,30.0,0,0,1,0,0
I22_16_05.png,I22,Brighten,5,1.26,6.5,0,0,1,0,1
I22_23_01.png,I22,Color block,1,1.97,24.25,0,0,0,0,0
I22_23_02.png,I22,Color block,2,2.73,43.25,0,0,0,0,0
I22_23_03.png,I22,Color block,3,1.7,17.5,0,0,0,0,1
I22_23_04.png,I22,Color block,4,1.93,23.25,0,0,0,0,1
I22_23_05.png,I22,Color block,5,2.03,25.75,0,0,0,0,1
I22_04_01.png,I22,Color diffusion,1,4.5,87.5,0,0,0,0,0
I22_04_02.png,I22,Color diffusion,2,1.5,12.5,0,0,0,0,0
I22_04_03.png,I22,Color diffusion,3,1.3,7.5,0,0,0,0,0
I22_04_04.png,I22,Color diffusion,4,1.23,5.75,0,0,0,0,0
I22_04_05.png,I22,Color diffusion,5,1.07,1.75,0,0,0,0,1
I22_06_01.png,I22,Color quantization,1,4.4,85.0,0,0,0,0,0
I22_06_02.png,I22,Color quantization,2,4.07,76.75,0,0,0,0,0
I22_06_03.png,I22,Color quantization,3,4.27,81.75,0,0,0,0,1
I22_06_04.png,I22,Color quantization,4,3.23,55.75,0,0,0,0,1
I22_06_05.png,I22,Color quantization,5,2.47,36.75,0,0,0,0,1
I22_07_01.png,I22,Color saturation 1,1,2.77,44.25,0,0,0,0,0
I22_07_02.png,I22,Color saturation 1,2,2.57,39.25,0,0,0,0,0
I22_07_03.png,I22,Color saturation 1,3,2.2,30.0,0,0,0,0,0
I22_07_04.png,I22,Color saturation 1,4,2.27,31.75,0,0,0,0,0
I22_07_05.png,I22,Color saturation 1,5,1.9,22.5,0,0,0,0,1
I22_08_01.png,I22,Color saturation 2,1,4.68,92.0,0,0,0,0,0
I22_08_02.png,I22,Color saturation 2,2,2.4,35.0,0,0,0,0,0
I22_08_03.png,I22,Color saturation 2,3,1.37,9.25,0,0,0,0,0
I22_08_04.png,I22,Color saturation 2,4,1.13,3.25,0,0,0,0,0
I22_08_05.png,I22,Color saturation 2,5,1.1,2.5,0,0,0,0,1
I22_05_01.png,I22,Color shift,1,4.13,78.25,0,0,0,0,0
I22_05_02.png,I22,Color shift,2,2.73,43.25,0,0,0,0,0
I22_05_03.png,I22,Color shift,3,1.97,24.25,0,0,0,0,0
I22_05_04.png,I22,Color shift,4,1.93,23.25,0,0,0,0,0
I22_05_05.png,I22,Color shift,5,1.47,11.75,0,0,0,0,1
I22_25_01.png,I22,Contrast change,1,3.33,58.25,0,0,0,0,0
I22_25_02.png,I22,Contrast change,2,4.03,75.75,0,0,0,0,0
I22_25_03.png,I22,Contrast change,3,4.3,82.5,0,0,0,0,0
I22_25_04.png,I22,Contrast change,4,4.03,75.75,0,0,0,0,0
I22_25_05.png,I22,Contrast change,5,2.9,47.5,0,0,0,0,1
I22_17_01.png,I22,Darken,1,4.87,96.75,0,0,0,0,0
I22_17_02.png,I22,Darken,2,4.47,86.75,0,0,0,0,0
I22_17_03.png,I22,Darken,3,4.3,82.5,0,1,0,0,0
I22_17_04.png,I22,Darken,4,3.6,65.0,0,1,0,0,0
I22_17_05.png,I22,Darken,5,2.5,37.5,0,1,0,0,1
I22_15_01.png,I22,Denoise,1,3.5,62.5,0,0,0,0,0
I22_15_02.png,I22,Denoise,2,2.53,38.25,0,0,0,0,0
I22_15_03.png,I22,Denoise,3,2.27,31.75,0,0,0,1,0
I22_15_04.png,I22,Denoise,4,1.97,24.25,0,0,0,1,0
I22_15_05.png,I22,Denoise,5,1.53,13.25,0,0,0,1,1
I22_01_01.png,I22,Gaussian blur,1,4.7,92.5,0,0,0,0,0
I22_01_02.png,I22,Gaussian blur,2,4.57,89.25,0,0,0,0,0
I22_01_03.png,I22,Gaussian blur,3,3.13,53.25,1,0,0,0,0
I22_01_04.png,I22,Gaussian blur,4,2.3,32.5,1,0,0,0,0
I22_01_05.png,I22,Gaussian blur,5,1.5,12.5,1,0,0,0,1
I22_24_01.png,I22,High sharpen,1,3.83,70.75,0,0,0,0,0
I22_24_02.png,I22,High sharpen,2,2.8,45.0,0,0,0,0,0
I22_24_03.png,I22,High sharpen,3,2.3,32.5,0,0,0,0,0
I22_24_04.png,I22,High sharpen,4,1.93,23.25,0,0,0,0,0
I22_24_05.png,I22,High sharpen,5,1.5,12.5,0,0,0,0,1
I22_13_01.png,I22,Impulse noise,1,3.93,73.25,0,0,0,0,0
I22_13_02.png,I22,Impulse noise,2,3.23,55.75,0,0,0,0,0
I22_13_03.png,I22,Impulse noise,3,2.8,45.0,0,0,0,1,0
I22_13_04.png,I22,Impulse noise,4,2.3,32.5,0,0,0,1,0
I22_13_05.png,I22,Impulse noise,5,2.1,27.5,0,0,0,1,1
I22_10_01.png,I22,JPEG,1,4.47,86.75,0,0,0,0,0
I22_10_02.png,I22,JPEG,2,4.43,85.75,0,0,0,0,0
I22_10_03.png,I22,JPEG,3,4.03,75.75,0,0,0,0,1
I22_10_04.png,I22,JPEG,4,1.83,20.75,0,0,0,0,1
I22_10_05.png,I22,JPEG,5,1.47,11.75,0,0,0,0,1
I22_09_01.png,I22,JPEG2000,1,4.73,93.25,0,0,0,0,0
I22_09_02.png,I22,JPEG2000,2,4.53,88.25,0,0,0,0,0
I22_09_03.png,I22,JPEG2000,3,4.77,94.25,0,0,0,0,1
I22_09_04.png,I22,JPEG2000,4,2.97,49.25,0,0,0,0,1
I22_09_05.png,I22,JPEG2000,5,1.63,15.75,0,0,0,0,1
I22_19_01.png,I22,Jitter,1,4.63,90.75,0,0,0,0,0
I22_19_02.png,I22,Jitter,2,4.23,80.75,0,0,0,0,0
I22_19_03.png,I22,Jitter,3,3.77,69.25,0,0,0,0,0
I22_19_04.png,I22,Jitter,4,2.27,31.75,0,0,0,0,0
I22_19_05.png,I22,Jitter,5,1.5,12.5,0,0,0,0,1
I22_02_01.png,I22,Lens blur,1,3.8,70.0,0,0,0,0,0
I22_02_02.png,I22,Lens blur,2,2.67,41.75,0,0,0,0,0
I22_02_03.png,I22,Lens blur,3,2.17,29.25,1,0,0,0,0
I22_02_04.png,I22,Lens blur,4,1.57,14.25,1,0,0,0,0
I22_02_05.png,I22,Lens blur,5,1.3,7.5,1,0,0,0,1
I22_18_01.png,I22,Mean shift,1,4.07,76.75,0,0,0,0,0
I22_18_02.png,I22,Mean shift,2,4.6,90.0,0,0,0,0,0
I22_18_03.png,I22,Mean shift,3,4.7,92.5,0,0,0,0,0
I22_18_04.png,I22,Mean shift,4,4.5,87.5,0,0,0,0,0
I22_18_05.png,I22,Mean shift,5,4.3,82.5,0,0,0,0,1
I22_03_01.png,I22,Motion blur,1,4.77,94.25,0,0,0,0,0
I22_03_02.png,I22,Motion blur,2,4.33,83.25,0,0,0,0,0
I22_03_03.png,I22,Motion blur,3,2.73,43.25,1,0,0,0,0
I22_03_04.png,I22,Motion blur,4,2.33,33.25,1,0,0,0,0
I22_03_05.png,I22,Motion blur,5,1.9,22.5,1,0,0,0,1
I22_14_01.png,I22,Multiplicative noise,1,4.53,88.25,0,0,0,0,0
I22_14_02.png,I22,Multiplicative noise,2,3.23,55.75,0,0,0,0,0
I22_14_03.png,I22,Multiplicative noise,3,3.0,50.0,0,0,0,1,0
I22_14_04.png,I22,Multiplicative noise,4,2.61,40.25,0,0,0,1,0
I22_14_05.png,I22,Multiplicative noise,5,1.97,24.25,0,0,0,1,1
I22_20_01.png,I22,Non-eccentricity patch,1,4.7,92.5,0,0,0,0,0
I22_20_02.png,I22,Non-eccentricity patch,2,3.83,70.75,0,0,0,0,0
I22_20_03.png,I22,Non-eccentricity patch,3,3.47,61.75,0,0,0,0,0
I22_20_04.png,I22,Non-eccentricity patch,4,4.17,79.25,0,0,0,0,0
I22_20_05.png,I22,Non-eccentricity patch,5,2.37,34.25,0,0,0,0,1
I22_21_01.png,I22,Pixelate,1,4.53,88.25,0,0,0,0,0
I22_21_02.png,I22,Pixelate,2,3.8,70.0,0,0,0,0,0
I22_21_03.png,I22,Pixelate,3,3.6,65.0,0,0,0,0,0
I22_21_04.png,I22,Pixelate,4,3.77,69.25,0,0,0,0,0
I22_21_05.png,I22,Pixelate,5,1.87,21.75,0,0,0,0,1
I22_22_01.png,I22,Quantization,1,4.07,76.75,0,0,0,0,0
I22_22_02.png,I22,Quantization,2,3.67,66.75,0,0,0,0,0
I22_22_03.png,I22,Quantization,3,3.7,67.5,0,0,0,0,0
I22_22_04.png,I22,Quantization,4,3.33,58.25,0,0,0,0,0
I22_22_05.png,I22,Quantization,5,3.13,53.25,0,0,0,0,1
I22_11_01.png,I22,White noise,1,3.8,70.0,0,0,0,0,0
I22_11_02.png,I22,White noise,2,2.97,49.25,0,0,0,0,0
I22_11_03.png,I22,White noise,3,2.8,45.0,0,0,0,1,0
I22_11_04.png,I22,White noise,4,2.93,48.25,0,0,0,1,0
I22_11_05.png,I22,White noise,5,2.27,31.75,0,0,0,1,1
I22_12_01.png,I22,White noise in color component,1,4.73,93.25,0,0,0,0,0
I22_12_02.png,I22,White noise in color component,2,3.5,62.5,0,0,0,0,0
I22_12_03.png,I22,White noise in color component,3,2.87,46.75,0,0,0,1,0
I22_12_04.png,I22,White noise in color component,4,2.63,40.75,0,0,0,1,0
I22_12_05.png,I22,White noise in color component,5,2.5,37.5,0,0,0,1,1
I22.png,I22,none,0,,100.0,0,0,0,0,0
I23_16_01.png,I23,Brighten,1,4.73,93.25,0,0,0,0,0
I23_16_02.png,I23,Brighten,2,4.47,86.75,0,0,0,0,0
I23_16_03.png,I23,Brighten,3,3.8,70.0,0,0,1,0,0
I23_16_04.png,I23,Brighten,4,3.2,55.0,0,0,1,0,0
I23_16_05.png,I23,Brighten,5,1.97,24.25,0,0,1,0,1
I23_23_01.png,I23,Color block,1,2.57,39.25,0,0,0,0,0
I23_23_02.png,I23,Color block,2,2.07,26.75,0,0,0,0,0
I23_23_03.png,I23,Color block,3,2.0,25.0,0,0,0,0,1
I23_23_04.png,I23,Color block,4,2.23,30.75,0,0,0,0,1
I23_23_05.png,I23,Color block,5,2.47,36.75,0,0,0,0,1
I23_04_01.png,I23,Color diffusion,1,4.8,95.0,0,0,0,0,0
I23_04_02.png,I23,Color diffusion,2,2.53,38.25,0,0,0,0,0
I23_04_03.png,I23,Color diffusion,3,1.37,9.25,0,0,0,0,0
I23_04_04.png,I23,Color diffusion,4,1.17,4.25,0,0,0,0,0
I23_04_05.png,I23,Color diffusion,5,1.1,2.5,0,0,0,0,1
I23_06_01.png,I23,Color quantization,1,4.07,76.75,0,0,0,0,0
I23_06_02.png,I23,Color quantization,2,3.8,70.0,0,0,0,0,0
I23_06_03.png,I23,Color quantization,3,3.43,60.75,0,0,0,0,1
I23_06_04.png,I23,Color quantization,4,3.1,52.5,0,0,0,0,1
I23_06_05.png,I23,Color quantization,5,2.8,45.0,0,0,0,0,1
I23_07_01.png,I23,Color saturation 1,1,2.97,49.25,0,0,0,0,0
I23_07_02.png,I23,Color saturation 1,2,2.1,27.5,0,0,0,0,0
I23_07_03.png,I23,Color saturation 1,3,1.93,23.25,0,0,0,0,0
I23_07_04.png,I23,Color saturation 1,4,2.13,28.25,0,0,0,0,0
I23_07_05.png,I23,Color saturation 1,5,1.7,17.5,0,0,0,0,1
I23_08_01.png,I23,Color saturation 2,1,4.73,93.25,0,0,0,0,0
I23_08_02.png,I23,Color saturation 2,2,3.57,64.25,0,0,0,0,0
I23_08_03.png,I23,Color saturation 2,3,3.03,50.75,0,0,0,0,0
I23_08_04.png,I23,Color saturation 2,4,2.2,30.0,0,0,0,0,0
I23_08_05.png,I23,Color saturation 2,5,2.03,25.75,0,0,0,0,1
I23_05_01.png,I23,Color shift,1,4.71,92.75,0,0,0,0,0
I23_05_02.png,I23,Color shift,2,2.33,33.25,0,0,0,0,0
I23_05_03.png,I23,Color shift,3,2.06,26.5,0,0,0,0,0
I23_05_04.png,I23,Color shift,4,1.83,20.75,0,0,0,0,0
I23_05_05.png,I23,Color shift,5,1.91,22.75,0,0,0,0,1
I23_25_01.png,I23,Contrast change,1,4.23,80.75,0,0,0,0,0
I23_25_02.png,I23,Contrast change,2,4.27,81.75,0,0,0,0,0
I23_25_03.png,I23,Contrast change,3,4.37,84.25,0,0,0,0,0
I23_25_04.png,I23,Contrast change,4,4.4,85.0,0,0,0,0,0
I23_25_05.png,I23,Contrast change,5,3.9,72.5,0,0,0,0,1
I23_17_01.png,I23,Darken,1,4.67,91.75,0,0,0,0,0
I23_17_02.png,I23,Darken,2,4.8,95.0,0,0,0,0,0
I23_17_03.png,I23,Darken,3,4.53,88.25,0,1,0,0,0
I23_17_04.png,I23,Darken,4,3.57,64.25,0,1,0,0,0
I23_17_05.png,I23,Darken,5,2.67,41.75,0,1,0,0,1
I23_15_01.png,I23,Denoise,1,3.97,74.25,0,0,0,0,0
I23_15_02.png,I23,Denoise,2,3.27,56.75,0,0,0,0,0
I23_15_03.png,I23,Denoise,3,2.53,38.25,0,0,0,1,0
I23_15_04.png,I23,Denoise,4,1.71,17.75,0,0,0,1,0
I23_15_05.png,I23,Denoise,5,1.67,16.75,0,0,0,1,1
I23_01_01.png,I23,Gaussian blur,1,4.73,93.25,0,0,0,0,0
I23_01_02.png,I23,Gaussian blur,2,4.47,86.75,0,0,0,0,0
I23_01_03.png,I23,Gaussian blur,3,3.03,50.75,1,0,0,0,0
I23_01_04.png,I23,Gaussian blur,4,2.2,30.0,1,0,0,0,0
I23_01_05.png,I23,Gaussian blur,5,1.33,8.25,1,0,0,0,1
I23_24_01.png,I23,High sharpen,1,4.3,82.5,0,0,0,0,0
I23_24_02.png,I23,High sharpen,2,3.13,53.25,0,0,0,0,0
I23_24_03.png,I23,High sharpen,3,2.57,39.25,0,0,0,0,0
I23_24_04.png,I23,High sharpen,4,1.83,20.75,0,0,0,0,0
I23_24_05.png,I23,High sharpen,5,1.33,8.25,0,0,0,0,1
I23_13_01.png,I23,Impulse noise,1,4.03,75.75,0,0,0,0,0
I23_13_02.png,I23,Impulse noise,2,3.45,61.25,0,0,0,0,0
I23_13_03.png,I23,Impulse noise,3,2.83,45.75,0,0,0,1,0
I23_13_04.png,I23,Impulse noise,4,2.7,42.5,0,0,0,1,0
I23_13_05.png,I23,Impulse noise,5,2.77,44.25,0,0,0,1,1
I23_10_01.png,I23,JPEG,1,4.57,89.25,0,0,0,0,0
I23_10_02.png,I23,JPEG,2,4.4,85.0,0,0,0,0,0
I23_10_03.png,I23,JPEG,3,4.13,78.25,0,0,0,0,1
I23_10_04.png,I23,JPEG,4,2.57,39.25,0,0,0,0,1
I23_10_05.png,I23,JPEG,5,1.7,17.5,0,0,0,0,1
I23_09_01.png,I23,JPEG2000,1,4.67,91.75,0,0,0,0,0
I23_09_02.png,I23,JPEG2000,2,3.8,70.0,0,0,0,0,0
I23_09_03.png,I23,JPEG2000,3,3.13,53.25,0,0,0,0,1
I23_09_04.png,I23,JPEG2000,4,2.0,25.0,0,0,0,0,1
I23_09_05.png,I23,JPEG2000,5,1.23,5.75,0,0,0,0,1
I23_19_01.png,I23,Jitter,1,4.6,90.0,0,0,0,0,0
I23_19_02.png,I23,Jitter,2,4.4,85.0,0,0,0,0,0
I23_19_03.png,I23,Jitter,3,3.4,60.0,0,0,0,0,0
I23_19_04.png,I23,Jitter,4,1.77,19.25,0,0,0,0,0
I23_19_05.png,I23,Jitter,5,1.23,5.75,0,0,0,0,1
I23_02_01.png,I23,Lens blur,1,3.87,71.75,0,0,0,0,0
I23_02_02.png,I23,Lens blur,2,2.97,49.25,0,0,0,0,0
I23_02_03.png,I23,Lens blur,3,1.97,24.25,1,0,0,0,0
I23_02_04.png,I23,Lens blur,4,1.5,12.5,1,0,0,0,0
I23_02_05.png,I23,Lens blur,5,1.29,7.25,1,0,0,0,1
I23_18_01.png,I23,Mean shift,1,4.53,88.25,0,0,0,0,0
I23_18_02.png,I23,Mean shift,2,4.6,90.0,0,0,0,0,0
I23_18_03.png,I23,Mean shift,3,4.7,92.5,0,0,0,0,0
I23_18_04.png,I23,Mean shift,4,4.43,85.75,0,0,0,0,0
I23_18_05.png,I23,Mean shift,5,4.23,80.75,0,0,0,0,1
I23_03_01.png,I23,Motion blur,1,4.93,98.25,0,0,0,0,0
I23_03_02.png,I23,Motion blur,2,4.47,86.75,0,0,0,0,0
I23_03_03.png,I23,Motion blur,3,3.3,57.5,1,0,0,0,0
I23_03_04.png,I23,Motion blur,4,2.77,44.25,1,0,0,0,0
I23_03_05.png,I23,Motion blur,5,2.07,26.75,1,0,0,0,1
I23_14_01.png,I23,Multiplicative noise,1,4.53,88.25,0,0,0,0,0
I23_14_02.png,I23,Multiplicative noise,2,3.47,61.75,0,0,0,0,0
I23_14_03.png,I23,Multiplicative noise,3,3.03,50.75,0,0,0,1,0
I23_14_04.png,I23,Multiplicative noise,4,2.9,47.5,0,0,0,1,0
I23_14_05.png,I23,Multiplicative noise,5,2.27,31.75,0,0,0,1,1
I23_20_01.png,I23,Non-eccentricity patch,1,3.97,74.25,0,0,0,0,0
I23_20_02.png,I23,Non-eccentricity patch,2,2.72,43.0,0,0,0,0,0
I23_20_03.png,I23,Non-eccentricity patch,3,2.67,41.75,0,0,0,0,0
I23_20_04.png,I23,Non-eccentricity patch,4,2.3,32.5,0,0,0,0,0
I23_20_05.png,I23,Non-eccentricity patch,5,2.03,25.75,0,0,0,0,1
I23_21_01.png,I23,Pixelate,1,4.27,81.75,0,0,0,0,0
I23_21_02.png,I23,Pixelate,2,3.3,57.5,0,0,0,0,0
I23_21_03.png,I23,Pixelate,3,2.97,49.25,0,0,0,0,0
I23_21_04.png,I23,Pixelate,4,3.07,51.75,0,0,0,0,0
I23_21_05.png,I23,Pixelate,5,1.47,11.75,0,0,0,0,1
I23_22_01.png,I23,Quantization,1,4.63,90.75,0,0,0,0,0
I23_22_02.png,I23,Quantization,2,4.77,94.25,0,0,0,0,0
I23_22_03.png,I23,Quantization,3,4.53,88.25,0,0,0,0,0
I23_22_04.png,I23,Quantization,4,4.43,85.75,0,0,0,0,0
I23_22_05.png,I23,Quantization,5,4.03,75.75,0,0,0,0,1
I23_11_01.png,I23,White noise,1,4.17,79.25,0,0,0,0,0
I23_11_02.png,I23,White noise,2,4.0,75.0,0,0,0,0,0
I23_11_03.png,I23,White noise,3,3.3,57.5,0,0,0,1,0
I23_11_04.png,I23,White noise,4,2.93,48.25,0,0,0,1,0
I23_11_05.png,I23,White noise,5,2.63,40.75,0,0,0,1,1
I23_12_01.png,I23,White noise in color component,1,4.77,94.25,0,0,0,0,0
I23_12_02.png,I23,White noise in color component,2,4.33,83.25,0,0,0,0,0
I23_12_03.png,I23,White noise in color component,3,3.53,63.25,0,0,0,1,0
I23_12_04.png,I23,White noise in color component,4,3.1,52.5,0,0,0,1,0
I23_12_05.png,I23,White noise in color component,5,2.93,48.25,0,0,0,1,1
I23.png,I23,none,0,,100.0,0,0,0,0,0
I24_16_01.png,I24,Brighten,1,4.5,87.5,0,0,0,0,0
I24_16_02.png,I24,Brighten,2,4.1,77.5,0,0,0,0,0
I24_16_03.png,I24,Brighten,3,3.94,73.5,0,0,1,0,0
I24_16_04.png,I24,Brighten,4,2.07,26.75,0,0,1,0,0
I24_16_05.png,I24,Brighten,5,1.43,10.75,0,0,1,0,1
I24_23_01.png,I24,Color block,1,2.73,43.25,0,0,0,0,0
I24_23_02.png,I24,Color block,2,2.1,27.5,0,0,0,0,0
I24_23_03.png,I24,Color block,3,2.17,29.25,0,0,0,0,1
I24_23_04.png,I24,Color block,4,1.57,14.25,0,0,0,0,1
I24_23_05.png,I24,Color block,5,2.1,27.5,0,0,0,0,1
I24_04_01.png,I24,Color diffusion,1,4.53,88.25,0,0,0,0,0
I24_04_02.png,I24,Color diffusion,2,2.97,49.25,0,0,0,0,0
I24_04_03.png,I24,Color diffusion,3,2.03,25.75,0,0,0,0,0
I24_04_04.png,I24,Color diffusion,4,1.63,15.75,0,0,0,0,0
I24_04_05.png,I24,Color diffusion,5,1.26,6.5,0,0,0,0,1
I24_06_01.png,I24,Color quantization,1,4.27,81.75,0,0,0,0,0
I24_06_02.png,I24,Color quantization,2,3.93,73.25,0,0,0,0,0
I24_06_03.png,I24,Color quantization,3,3.8,70.0,0,0,0,0,1
I24_06_04.png,I24,Color quantization,4,2.73,43.25,0,0,0,0,1
I24_06_05.png,I24,Color quantization,5,2.67,41.75,0,0,0,0,1
I24_07_01.png,I24,Color saturation 1,1,2.8,45.0,0,0,0,0,0
I24_07_02.png,I24,Color saturation 1,2,2.43,35.75,0,0,0,0,0
I24_07_03.png,I24,Color saturation 1,3,1.93,23.25,0,0,0,0,0
I24_07_04.png,I24,Color saturation 1,4,2.23,30.75,0,0,0,0,0
I24_07_05.png,I24,Color saturation 1,5,1.4,10.0,0,0,0,0,1
I24_08_01.png,I24,Color saturation 2,1,4.5,87.5,0,0,0,0,0
I24_08_02.png,I24,Color saturation 2,2,3.63,65.75,0,0,0,0,0
I24_08_03.png,I24,Color saturation 2,3,2.83,45.75,0,0,0,0,0
I24_08_04.png,I24,Color saturation 2,4,1.93,23.25,0,0,0,0,0
I24_08_05.png,I24,Color saturation 2,5,1.7,17.5,0,0,0,0,1
I24_05_01.png,I24,Color shift,1,4.47,86.75,0,0,0,0,0
I24_05_02.png,I24,Color shift,2,2.47,36.75,0,0,0,0,0
I24_05_03.png,I24,Color shift,3,2.0,25.0,0,0,0,0,0
I24_05_04.png,I24,Color shift,4,2.0,25.0,0,0,0,0,0
I24_05_05.png,I24,Color shift,5,2.47,36.75,0,0,0,0,1
I24_25_01.png,I24,Contrast change,1,3.2,55.0,0,0,0,0,0
I24_25_02.png,I24,Contrast change,2,3.83,70.75,0,0,0,0,0
I24_25_03.png,I24,Contrast change,3,4.33,83.25,0,0,0,0,0
I24_25_04.png,I24,Contrast change,4,3.83,70.75,0,0,0,0,0
I24_25_05.png,I24,Contrast change,5,3.53,63.25,0,0,0,0,1
I24_17_01.png,I24,Darken,1,4.57,89.25,0,0,0,0,0
I24_17_02.png,I24,Darken,2,4.37,84.25,0,0,0,0,0
I24_17_03.png,I24,Darken,3,4.0,75.0,0,1,0,0,0
I24_17_04.png,I24,Darken,4,3.57,64.25,0,1,0,0,0
I24_17_05.png,I24,Darken,5,2.3,32.5,0,1,0,0,1
I24_15_01.png,I24,Denoise,1,3.47,61.75,0,0,0,0,0
I24_15_02.png,I24,Denoise,2,2.43,35.75,0,0,0,0,0
I24_15_03.png,I24,Denoise,3,1.9,22.5,0,0,0,1,0
I24_15_04.png,I24,Denoise,4,1.53,13.25,0,0,0,1,0
I24_15_05.png,I24,Denoise,5,1.67,16.75,0,0,0,1,1
I24_01_01.png,I24,Gaussian blur,1,4.2,80.0,0,0,0,0,0
I24_01_02.png,I24,Gaussian blur,2,4.03,75.75,0,0,0,0,0
I24_01_03.png,I24,Gaussian blur,3,2.77,44.25,1,0,0,0,0
I24_01_04.png,I24,Gaussian blur,4,1.7,17.5,1,0,0,0,0
I24_01_05.png,I24,Gaussian blur,5,1.4,10.0,1,0,0,0,1
I24_24_01.png,I24,High sharpen,1,3.73,68.25,0,0,0,0,0
I24_24_02.png,I24,High sharpen,2,2.63,40.75,0,0,0,0,0
I24_24_03.png,I24,High sharpen,3,2.07,26.75,0,0,0,0,0
I24_24_04.png,I24,High sharpen,4,1.63,15.75,0,0,0,0,0
I24_24_05.png,I24,High sharpen,5,1.16,4.0,0,0,0,0,1
I24_13_01.png,I24,Impulse noise,1,3.43,60.75,0,0,0,0,0
I24_13_02.png,I24,Impulse noise,2,3.0,50.0,0,0,0,0,0
I24_13_03.png,I24,Impulse noise,3,2.43,35.75,0,0,0,1,0
I24_13_04.png,I24,Impulse noise,4,2.1,27.5,0,0,0,1,0
I24_13_05.png,I24,Impulse noise,5,2.2,30.0,0,0,0,1,1
I24_10_01.png,I24,JPEG,1,4.47,86.75,0,0,0,0,0
I24_10_02.png,I24,JPEG,2,4.3,82.5,0,0,0,0,0
I24_10_03.png,I24,JPEG,3,3.97,74.25,0,0,0,0,1
I24_10_04.png,I24,JPEG,4,1.9,22.5,0,0,0,0,1
I24_10_05.png,I24,JPEG,5,1.57,14.25,0,0,0,0,1
I24_09_01.png,I24,JPEG2000,1,4.37,84.25,0,0,0,0,0
I24_09_02.png,I24,JPEG2000,2,4.19,79.75,0,0,0,0,0
I24_09_03.png,I24,JPEG2000,3,4.2,80.0,0,0,0,0,1
I24_09_04.png,I24,JPEG2000,4,2.13,28.25,0,0,0,0,1
I24_09_05.png,I24,JPEG2000,5,1.4,10.0,0,0,0,0,1
I24_19_01.png,I24,Jitter,1,4.67,91.75,0,0,0,0,0
I24_19_02.png,I24,Jitter,2,4.5,87.5,0,0,0,0,0
I24_19_03.png,I24,Jitter,3,4.07,76.75,0,0,0,0,0
I24_19_04.png,I24,Jitter,4,2.67,41.75,0,0,0,0,0
I24_19_05.png,I24,Jitter,5,1.53,13.25,0,0,0,0,1
I24_02_01.png,I24,Lens blur,1,3.57,64.25,0,0,0,0,0
I24_02_02.png,I24,Lens blur,2,2.47,36.75,0,0,0,0,0
I24_02_03.png,I24,Lens blur,3,1.77,19.25,1,0,0,0,0
I24_02_04.png,I24,Lens blur,4,1.7,17.5,1,0,0,0,0
I24_02_05.png,I24,Lens blur,5,1.33,8.25,1,0,0,0,1
I24_18_01.png,I24,Mean shift,1,4.0,75.0,0,0,0,0,0
I24_18_02.png,I24,Mean shift,2,4.3,82.5,0,0,0,0,0
I24_18_03.png,I24,Mean shift,3,4.7,92.5,0,0,0,0,0
I24_18_04.png,I24,Mean shift,4,4.37,84.25,0,0,0,0,0
I24_18_05.png,I24,Mean shift,5,4.27,81.75,0,0,0,0,1
I24_03_01.png,I24,Motion blur,1,4.5,87.5,0,0,0,0,0
I24_03_02.png,I24,Motion blur,2,4.0,75.0,0,0,0,0,0
I24_03_03.png,I24,Motion blur,3,3.03,50.75,1,0,0,0,0
I24_03_04.png,I24,Motion blur,4,2.4,35.0,1,0,0,0,0
I24_03_05.png,I24,Motion blur,5,1.83,20.75,1,0,0,0,1
I24_14_01.png,I24,Multiplicative noise,1,4.3,82.5,0,0,0,0,0
I24_14_02.png,I24,Multiplicative noise,2,2.97,49.25,0,0,0,0,0
I24_14_03.png,I24,Multiplicative noise,3,2.8,45.0,0,0,0,1,0
I24_14_04.png,I24,Multiplicative noise,4,2.3,32.5,0,0,0,1,0
I24_14_05.png,I24,Multiplicative noise,5,1.93,23.25,0,0,0,1,1
I24_20_01.png,I24,Non-eccentricity patch,1,4.0,75.0,0,0,0,0,0
I24_20_02.png,I24,Non-eccentricity patch,2,3.67,66.75,0,0,0,0,0
I24_20_03.png,I24,Non-eccentricity patch,3,3.73,68.25,0,0,0,0,0
I24_20_04.png,I24,Non-eccentricity patch,4,3.7,67.5,0,0,0,0,0
I24_20_05.png,I24,Non-eccentricity patch,5,2.53,38.25,0,0,0,0,1
I24_21_01.png,I24,Pixelate,1,4.27,81.75,0,0,0,0,0
I24_21_02.png,I24,Pixelate,2,3.53,63.25,0,0,0,0,0
I24_21_03.png,I24,Pixelate,3,3.5,62.5,0,0,0,0,0
I24_21_04.png,I24,Pixelate,4,2.97,49.25,0,0,0,0,0
I24_21_05.png,I24,Pixelate,5,1.4,10.0,0,0,0,0,1
I24_22_01.png,I24,Quantization,1,4.07,76.75,0,0,0,0,0
I24_22_02.png,I24,Quantization,2,3.63,65.75,0,0,0,0,0
I24_22_03.png,I24,Quantization,3,3.07,51.75,0,0,0,0,0
I24_22_04.png,I24,Quantization,4,3.33,58.25,0,0,0,0,0
I24_22_05.png,I24,Quantization,5,2.9,47.5,0,0,0,0,1
I24_11_01.png,I24,White noise,1,3.53,63.25,0,0,0,0,0
I24_11_02.png,I24,White noise,2,3.07,51.75,0,0,0,0,0
I24_11_03.png,I24,White noise,3,2.7,42.5,0,0,0,1,0
I24_11_04.png,I24,White noise,4,2.53,38.25,0,0,0,1,0
I24_11_05.png,I24,White noise,5,1.97,24.25,0,0,0,1,1
I24_12_01.png,I24,White noise in color component,1,4.3,82.5,0,0,0,0,0
I24_12_02.png,I24,White noise in color component,2,3.37,59.25,0,0,0,0,0
I24_12_03.png,I24,White noise in color component,3,2.33,33.25,0,0,0,1,0
I24_12_04.png,I24,White noise in color component,4,2.43,35.75,0,0,0,1,0
I24_12_05.png,I24,White noise in color component,5,2.0,25.0,0,0,0,1,1
I24.png,I24,none,0,,100.0,0,0,0,0,0
I25_16_01.png,I25,Brighten,1,4.67,91.75,0,0,0,0,0
I25_16_02.png,I25,Brighten,2,4.27,81.75,0,0,0,0,0
I25_16_03.png,I25,Brighten,3,4.32,83.0,0,0,1,0,0
I25_16_04.png,I25,Brighten,4,3.43,60.75,0,0,1,0,0
I25_16_05.png,I25,Brighten,5,2.07,26.75,0,0,1,0,1
I25_23_01.png,I25,Color block,1,2.43,35.75,0,0,0,0,0
I25_23_02.png,I25,Color block,2,2.37,34.25,0,0,0,0,0
I25_23_03.png,I25,Color block,3,2.23,30.75,0,0,0,0,1
I25_23_04.png,I25,Color block,4,2.17,29.25,0,0,0,0,1
I25_23_05.png,I25,Color block,5,2.0,25.0,0,0,0,0,1
I25_04_01.png,I25,Color diffusion,1,4.53,88.25,0,0,0,0,0
I25_04_02.png,I25,Color diffusion,2,3.03,50.75,0,0,0,0,0
I25_04_03.png,I25,Color diffusion,3,2.0,25.0,0,0,0,0,0
I25_04_04.png,I25,Color diffusion,4,2.07,26.75,0,0,0,0,0
I25_04_05.png,I25,Color diffusion,5,1.65,16.25,0,0,0,0,1
I25_06_01.png,I25,Color quantization,1,4.2,80.0,0,0,0,0,0
I25_06_02.png,I25,Color quantization,2,4.07,76.75,0,0,0,0,0
I25_06_03.png,I25,Color quantization,3,4.07,76.75,0,0,0,0,1
I25_06_04.png,I25,Color quantization,4,3.2,55.0,0,0,0,0,1
I25_06_05.png,I25,Color quantization,5,2.33,33.25,0,0,0,0,1
I25_07_01.png,I25,Color saturation 1,1,2.5,37.5,0,0,0,0,0
I25_07_02.png,I25,Color saturation 1,2,2.43,35.75,0,0,0,0,0
I25_07_03.png,I25,Color saturation 1,3,2.43,35.75,0,0,0,0,0
I25_07_04.png,I25,Color saturation 1,4,2.37,34.25,0,0,0,0,0
I25_07_05.png,I25,Color saturation 1,5,1.97,24.25,0,0,0,0,1
I25_08_01.png,I25,Color saturation 2,1,4.73,93.25,0,0,0,0,0
I25_08_02.png,I25,Color saturation 2,2,3.13,53.25,0,0,0,0,0
I25_08_03.png,I25,Color saturation 2,3,3.13,53.25,0,0,0,0,0
I25_08_04.png,I25,Color saturation 2,4,1.7,17.5,0,0,0,0,0
I25_08_05.png,I25,Color saturation 2,5,1.33,8.25,0,0,0,0,1
I25_05_01.png,I25,Color shift,1,4.5,87.5,0,0,0,0,0
I25_05_02.png,I25,Color shift,2,2.8,45.0,0,0,0,0,0
I25_05_03.png,I25,Color shift,3,2.23,30.75,0,0,0,0,0
I25_05_04.png,I25,Color shift,4,2.53,38.25,0,0,0,0,0
I25_05_05.png,I25,Color shift,5,2.73,43.25,0,0,0,0,1
I25_25_01.png,I25,Contrast change,1,3.53,63.25,0,0,0,0,0
I25_25_02.png,I25,Contrast change,2,3.93,73.25,0,0,0,0,0
I25_25_03.png,I25,Contrast change,3,4.5,87.5,0,0,0,0,0
I25_25_04.png,I25,Contrast change,4,4.67,91.75,0,0,0,0,0
I25_25_05.png,I25,Contrast change,5,3.53,63.25,0,0,0,0,1
I25_17_01.png,I25,Darken,1,4.73,93.25,0,0,0,0,0
I25_17_02.png,I25,Darken,2,4.7,92.5,0,0,0,0,0
I25_17_03.png,I25,Darken,3,4.5,87.5,0,1,0,0,0
I25_17_04.png,I25,Darken,4,3.7,67.5,0,1,0,0,0
I25_17_05.png,I25,Darken,5,1.8,20.0,0,1,0,0,1
I25_15_01.png,I25,Denoise,1,3.63,65.75,0,0,0,0,0
I25_15_02.png,I25,Denoise,2,2.53,38.25,0,0,0,0,0
I25_15_03.png,I25,Denoise,3,1.97,24.25,0,0,0,1,0
I25_15_04.png,I25,Denoise,4,1.2,5.0,0,0,0,1,0
I25_15_05.png,I25,Denoise,5,1.3,7.5,0,0,0,1,1
I25_01_01.png,I25,Gaussian blur,1,4.43,85.75,0,0,0,0,0
I25_01_02.png,I25,Gaussian blur,2,4.63,90.75,0,0,0,0,0
I25_01_03.png,I25,Gaussian blur,3,3.2,55.0,1,0,0,0,0
I25_01_04.png,I25,Gaussian blur,4,2.3,32.5,1,0,0,0,0
I25_01_05.png,I25,Gaussian blur,5,1.37,9.25,1,0,0,0,1
I25_24_01.png,I25,High sharpen,1,4.0,75.0,0,0,0,0,0
I25_24_02.png,I25,High sharpen,2,2.63,40.75,0,0,0,0,0
I25_24_03.png,I25,High sharpen,3,2.2,30.0,0,0,0,0,0
I25_24_04.png,I25,High sharpen,4,1.57,14.25,0,0,0,0,0
I25_24_05.png,I25,High sharpen,5,1.27,6.75,0,0,0,0,1
I25_13_01.png,I25,Impulse noise,1,3.47,61.75,0,0,0,0,0
I25_13_02.png,I25,Impulse noise,2,2.81,45.25,0,0,0,0,0
I25_13_03.png,I25,Impulse noise,3,2.3,32.5,0,0,0,1,0
I25_13_04.png,I25,Impulse noise,4,2.17,29.25,0,0,0,1,0
I25_13_05.png,I25,Impulse noise,5,1.94,23.5,0,0,0,1,1
I25_10_01.png,I25,JPEG,1,4.53,88.25,0,0,0,0,0
I25_10_02.png,I25,JPEG,2,4.63,90.75,0,0,0,0,0
I25_10_03.png,I25,JPEG,3,4.3,82.5,0,0,0,0,1
I25_10_04.png,I25,JPEG,4,1.6,15.0,0,0,0,0,1
I25_10_05.png,I25,JPEG,5,1.07,1.75,0,0,0,0,1
I25_09_01.png,I25,JPEG2000,1,4.7,92.5,0,0,0,0,0
I25_09_02.png,I25,JPEG2000,2,4.6,90.0,0,0,0,0,0
I25_09_03.png,I25,JPEG2000,3,4.2,80.0,0,0,0,0,1
I25_09_04.png,I25,JPEG2000,4,3.03,50.75,0,0,0,0,1
I25_09_05.png,I25,JPEG2000,5,1.53,13.25,0,0,0,0,1
I25_19_01.png,I25,Jitter,1,4.77,94.25,0,0,0,0,0
I25_19_02.png,I25,Jitter,2,4.33,83.25,0,0,0,0,0
I25_19_03.png,I25,Jitter,3,4.3,82.5,0,0,0,0,0
I25_19_04.png,I25,Jitter,4,2.63,40.75,0,0,0,0,0
I25_19_05.png,I25,Jitter,5,1.73,18.25,0,0,0,0,1
I25_02_01.png,I25,Lens blur,1,4.17,79.25,0,0,0,0,0
I25_02_02.png,I25,Lens blur,2,2.87,46.75,0,0,0,0,0
I25_02_03.png,I25,Lens blur,3,1.87,21.75,1,0,0,0,0
I25_02_04.png,I25,Lens blur,4,1.73,18.25,1,0,0,0,0
I25_02_05.png,I25,Lens blur,5,1.3,7.5,1,0,0,0,1
I25_18_01.png,I25,Mean shift,1,4.43,85.75,0,0,0,0,0
I25_18_02.png,I25,Mean shift,2,4.73,93.25,0,0,0,0,0
I25_18_03.png,I25,Mean shift,3,4.57,89.25,0,0,0,0,0
I25_18_04.png,I25,Mean shift,4,4.47,86.75,0,0,0,0,0
I25_18_05.png,I25,Mean shift,5,3.73,68.25,0,0,0,0,1
I25_03_01.png,I25,Motion blur,1,4.77,94.25,0,0,0,0,0
I25_03_02.png,I25,Motion blur,2,4.43,85.75,0,0,0,0,0
I25_03_03.png,I25,Motion blur,3,3.1,52.5,1,0,0,0,0
I25_03_04.png,I25,Motion blur,4,2.9,47.5,1,0,0,0,0
I25_03_05.png,I25,Motion blur,5,1.73,18.25,1,0,0,0,1
I25_14_01.png,I25,Multiplicative noise,1,4.57,89.25,0,0,0,0,0
I25_14_02.png,I25,Multiplicative noise,2,4.03,75.75,0,0,0,0,0
I25_14_03.png,I25,Multiplicative noise,3,3.63,65.75,0,0,0,1,0
I25_14_04.png,I25,Multiplicative noise,4,2.27,31.75,0,0,0,1,0
I25_14_05.png,I25,Multiplicative noise,5,1.83,20.75,0,0,0,1,1
I25_20_01.png,I25,Non-eccentricity patch,1,4.63,90.75,0,0,0,0,0
I25_20_02.png,I25,Non-eccentricity patch,2,3.93,73.25,0,0,0,0,0
I25_20_03.png,I25,Non-eccentricity patch,3,2.8,45.0,0,0,0,0,0
I25_20_04.png,I25,Non-eccentricity patch,4,3.53,63.25,0,0,0,0,0
I25_20_05.png,I25,Non-eccentricity patch,5,3.4,60.0,0,0,0,0,1
I25_21_01.png,I25,Pixelate,1,4.63,90.75,0,0,0,0,0
I25_21_02.png,I25,Pixelate,2,4.0,75.0,0,0,0,0,0
I25_21_03.png,I25,Pixelate,3,3.57,64.25,0,0,0,0,0
I25_21_04.png,I25,Pixelate,4,4.03,75.75,0,0,0,0,0
I25_21_05.png,I25,Pixelate,5,2.57,39.25,0,0,0,0,1
I25_22_01.png,I25,Quantization,1,4.57,89.25,0,0,0,0,0
I25_22_02.png,I25,Quantization,2,4.33,83.25,0,0,0,0,0
I25_22_03.png,I25,Quantization,3,4.3,82.5,0,0,0,0,0
I25_22_04.png,I25,Quantization,4,3.87,71.75,0,0,0,0,0
I25_22_05.png,I25,Quantization,5,2.8,45.0,0,0,0,0,1
I25_11_01.png,I25,White noise,1,4.1,77.5,0,0,0,0,0
I25_11_02.png,I25,White noise,2,3.5,62.5,0,0,0,0,0
I25_11_03.png,I25,White noise,3,2.9,47.5,0,0,0,1,0
I25_11_04.png,I25,White noise,4,2.77,44.25,0,0,0,1,0
I25_11_05.png,I25,White noise,5,2.37,34.25,0,0,0,1,1
I25_12_01.png,I25,White noise in color component,1,4.57,89.25,0,0,0,0,0
I25_12_02.png,I25,White noise in color component,2,3.53,63.25,0,0,0,0,0
I25_12_03.png,I25,White noise in color component,3,2.9,47.5,0,0,0,1,0
I25_12_04.png,I25,White noise in color component,4,2.43,35.75,0,0,0,1,0
I25_12_05.png,I25,White noise in color component,5,2.23,30.75,0,0,0,1,1
I25.png,I25,none,0,,100.0,0,0,0,0,0
I26_16_01.png,I26,Brighten,1,4.83,95.75,0,0,0,0,0
I26_16_02.png,I26,Brighten,2,4.3,82.5,0,0,0,0,0
I26_16_03.png,I26,Brighten,3,3.57,64.25,0,0,1,0,0
I26_16_04.png,I26,Brighten,4,2.93,48.25,0,0,1,0,0
I26_16_05.png,I26,Brighten,5,1.97,24.25,0,0,1,0,1
I26_23_01.png,I26,Color block,1,2.47,36.75,0,0,0,0,0
I26_23_02.png,I26,Color block,2,2.2,30.0,0,0,0,0,0
I26_23_03.png,I26,Color block,3,2.67,41.75,0,0,0,0,1
I26_23_04.png,I26,Color block,4,2.53,38.25,0,0,0,0,1
I26_23_05.png,I26,Color block,5,1.8,20.0,0,0,0,0,1
I26_04_01.png,I26,Color diffusion,1,4.8,95.0,0,0,0,0,0
I26_04_02.png,I26,Color diffusion,2,3.29,57.25,0,0,0,0,0
I26_04_03.png,I26,Color diffusion,3,2.9,47.5,0,0,0,0,0
I26_04_04.png,I26,Color diffusion,4,2.33,33.25,0,0,0,0,0
I26_04_05.png,I26,Color diffusion,5,2.07,26.75,0,0,0,0,1
I26_06_01.png,I26,Color quantization,1,4.57,89.25,0,0,0,0,0
I26_06_02.png,I26,Color quantization,2,4.39,84.75,0,0,0,0,0
I26_06_03.png,I26,Color quantization,3,4.0,75.0,0,0,0,0,1
I26_06_04.png,I26,Color quantization,4,3.53,63.25,0,0,0,0,1
I26_06_05.png,I26,Color quantization,5,2.6,40.0,0,0,0,0,1
I26_07_01.png,I26,Color saturation 1,1,2.6,40.0,0,0,0,0,0
I26_07_02.png,I26,Color saturation 1,2,2.3,32.5,0,0,0,0,0
I26_07_03.png,I26,Color saturation 1,3,2.47,36.75,0,0,0,0,0
I26_07_04.png,I26,Color saturation 1,4,2.47,36.75,0,0,0,0,0
I26_07_05.png,I26,Color saturation 1,5,2.6,40.0,0,0,0,0,1
I26_08_01.png,I26,Color saturation 2,1,4.67,91.75,0,0,0,0,0
I26_08_02.png,I26,Color saturation 2,2,3.37,59.25,0,0,0,0,0
I26_08_03.png,I26,Color saturation 2,3,3.53,63.25,0,0,0,0,0
I26_08_04.png,I26,Color saturation 2,4,2.73,43.25,0,0,0,0,0
I26_08_05.png,I26,Color saturation 2,5,1.77,19.25,0,0,0,0,1
I26_05_01.png,I26,Color shift,1,4.43,85.75,0,0,0,0,0
I26_05_02.png,I26,Color shift,2,2.64,41.0,0,0,0,0,0
I26_05_03.png,I26,Color shift,3,1.57,14.25,0,0,0,0,0
I26_05_04.png,I26,Color shift,4,1.77,19.25,0,0,0,0,0
I26_05_05.png,I26,Color shift,5,1.53,13.25,0,0,0,0,1
I26_25_01.png,I26,Contrast change,1,3.07,51.75,0,0,0,0,0
I26_25_02.png,I26,Contrast change,2,3.7,67.5,0,0,0,0,0
I26_25_03.png,I26,Contrast change,3,4.37,84.25,0,0,0,0,0
I26_25_04.png,I26,Contrast change,4,4.0,75.0,0,0,0,0,0
I26_25_05.png,I26,Contrast change,5,3.03,50.75,0,0,0,0,1
I26_17_01.png,I26,Darken,1,4.5,87.5,0,0,0,0,0
I26_17_02.png,I26,Darken,2,4.37,84.25,0,0,0,0,0
I26_17_03.png,I26,Darken,3,4.0,75.0,0,1,0,0,0
I26_17_04.png,I26,Darken,4,3.37,59.25,0,1,0,0,0
I26_17_05.png,I26,Darken,5,1.77,19.25,0,1,0,0,1
I26_15_01.png,I26,Denoise,1,3.87,71.75,0,0,0,0,0
I26_15_02.png,I26,Denoise,2,3.43,60.75,0,0,0,0,0
I26_15_03.png,I26,Denoise,3,2.5,37.5,0,0,0,1,0
I26_15_04.png,I26,Denoise,4,2.07,26.75,0,0,0,1,0
I26_15_05.png,I26,Denoise,5,1.47,11.75,0,0,0,1,1
I26_01_01.png,I26,Gaussian blur,1,4.74,93.5,0,0,0,0,0
I26_01_02.png,I26,Gaussian blur,2,4.43,85.75,0,0,0,0,0
I26_01_03.png,I26,Gaussian blur,3,2.83,45.75,1,0,0,0,0
I26_01_04.png,I26,Gaussian blur,4,1.8,20.0,1,0,0,0,0
I26_01_05.png,I26,Gaussian blur,5,1.3,7.5,1,0,0,0,1
I26_24_01.png,I26,High sharpen,1,3.6,65.0,0,0,0,0,0
I26_24_02.png,I26,High sharpen,2,2.81,45.25,0,0,0,0,0
I26_24_03.png,I26,High sharpen,3,2.2,30.0,0,0,0,0,0
I26_24_04.png,I26,High sharpen,4,1.53,13.25,0,0,0,0,0
I26_24_05.png,I26,High sharpen,5,1.43,10.75,0,0,0,0,1
I26_13_01.png,I26,Impulse noise,1,3.4,60.0,0,0,0,0,0
I26_13_02.png,I26,Impulse noise,2,2.9,47.5,0,0,0,0,0
I26_13_03.png,I26,Impulse noise,3,2.73,43.25,0,0,0,1,0
I26_13_04.png,I26,Impulse noise,4,2.29,32.25,0,0,0,1,0
I26_13_05.png,I26,Impulse noise,5,2.3,32.5,0,0,0,1,1
I26_10_01.png,I26,JPEG,1,4.6,90.0,0,0,0,0,0
I26_10_02.png,I26,JPEG,2,4.1,77.5,0,0,0,0,0
I26_10_03.png,I26,JPEG,3,3.93,73.25,0,0,0,0,1
I26_10_04.png,I26,JPEG,4,2.53,38.25,0,0,0,0,1
I26_10_05.png,I26,JPEG,5,1.5,12.5,0,0,0,0,1
I26_09_01.png,I26,JPEG2000,1,4.57,89.25,0,0,0,0,0
I26_09_02.png,I26,JPEG2000,2,4.63,90.75,0,0,0,0,0
I26_09_03.png,I26,JPEG2000,3,4.3,82.5,0,0,0,0,1
I26_09_04.png,I26,JPEG2000,4,2.67,41.75,0,0,0,0,1
I26_09_05.png,I26,JPEG2000,5,1.57,14.25,0,0,0,0,1
I26_19_01.png,I26,Jitter,1,4.27,81.75,0,0,0,0,0
I26_19_02.png,I26,Jitter,2,3.6,65.0,0,0,0,0,0
I26_19_03.png,I26,Jitter,3,2.87,46.75,0,0,0,0,0
I26_19_04.png,I26,Jitter,4,1.77,19.25,0,0,0,0,0
I26_19_05.png,I26,Jitter,5,1.1,2.5,0,0,0,0,1
I26_02_01.png,I26,Lens blur,1,4.1,77.5,0,0,0,0,0
I26_02_02.png,I26,Lens blur,2,2.67,41.75,0,0,0,0,0
I26_02_03.png,I26,Lens blur,3,2.0,25.0,1,0,0,0,0
I26_02_04.png,I26,Lens blur,4,1.57,14.25,1,0,0,0,0
I26_02_05.png,I26,Lens blur,5,1.27,6.75,1,0,0,0,1
I26_18_01.png,I26,Mean shift,1,4.5,87.5,0,0,0,0,0
I26_18_02.png,I26,Mean shift,2,4.57,89.25,0,0,0,0,0
I26_18_03.png,I26,Mean shift,3,4.74,93.5,0,0,0,0,0
I26_18_04.png,I26,Mean shift,4,4.23,80.75,0,0,0,0,0
I26_18_05.png,I26,Mean shift,5,3.87,71.75,0,0,0,0,1
I26_03_01.png,I26,Motion blur,1,4.67,91.75,0,0,0,0,0
I26_03_02.png,I26,Motion blur,2,4.33,83.25,0,0,0,0,0
I26_03_03.png,I26,Motion blur,3,3.0,50.0,1,0,0,0,0
I26_03_04.png,I26,Motion blur,4,2.37,34.25,1,0,0,0,0
I26_03_05.png,I26,Motion blur,5,1.87,21.75,1,0,0,0,1
I26_14_01.png,I26,Multiplicative noise,1,4.67,91.75,0,0,0,0,0
I26_14_02.png,I26,Multiplicative noise,2,3.84,71.0,0,0,0,0,0
I26_14_03.png,I26,Multiplicative noise,3,3.03,50.75,0,0,0,1,0
I26_14_04.png,I26,Multiplicative noise,4,2.73,43.25,0,0,0,1,0
I26_14_05.png,I26,Multiplicative noise,5,2.23,30.75,0,0,0,1,1
I26_20_01.png,I26,Non-eccentricity patch,1,4.23,80.75,0,0,0,0,0
I26_20_02.png,I26,Non-eccentricity patch,2,3.9,72.5,0,0,0,0,0
I26_20_03.png,I26,Non-eccentricity patch,3,4.2,80.0,0,0,0,0,0
I26_20_04.png,I26,Non-eccentricity patch,4,3.87,71.75,0,0,0,0,0
I26_20_05.png,I26,Non-eccentricity patch,5,3.57,64.25,0,0,0,0,1
I26_21_01.png,I26,Pixelate,1,3.1,52.5,0,0,0,0,0
I26_21_02.png,I26,Pixelate,2,2.57,39.25,0,0,0,0,0
I26_21_03.png,I26,Pixelate,3,2.43,35.75,0,0,0,0,0
I26_21_04.png,I26,Pixelate,4,2.57,39.25,0,0,0,0,0
I26_21_05.png,I26,Pixelate,5,1.43,10.75,0,0,0,0,1
I26_22_01.png,I26,Quantization,1,4.35,83.75,0,0,0,0,0
I26_22_02.png,I26,Quantization,2,4.47,86.75,0,0,0,0,0
I26_22_03.png,I26,Quantization,3,4.0,75.0,0,0,0,0,0
I26_22_04.png,I26,Quantization,4,3.8,70.0,0,0,0,0,0
I26_22_05.png,I26,Quantization,5,2.5,37.5,0,0,0,0,1
I26_11_01.png,I26,White noise,1,3.9,72.5,0,0,0,0,0
I26_11_02.png,I26,White noise,2,3.3,57.5,0,0,0,0,0
I26_11_03.png,I26,White noise,3,3.27,56.75,0,0,0,1,0
I26_11_04.png,I26,White noise,4,2.8,45.0,0,0,0,1,0
I26_11_05.png,I26,White noise,5,2.47,36.75,0,0,0,1,1
I26_12_01.png,I26,White noise in color component,1,4.53,88.25,0,0,0,0,0
I26_12_02.png,I26,White noise in color component,2,3.77,69.25,0,0,0,0,0
I26_12_03.png,I26,White noise in color component,3,2.9,47.5,0,0,0,1,0
I26_12_04.png,I26,White noise in color component,4,2.8,45.0,0,0,0,1,0
I26_12_05.png,I26,White noise in color component,5,2.3,32.5,0,0,0,1,1
I26.png,I26,none,0,,100.0,0,0,0,0,0
I27_16_01.png,I27,Brighten,1,4.27,81.75,0,0,0,0,0
I27_16_02.png,I27,Brighten,2,3.7,67.5,0,0,0,0,0
I27_16_03.png,I27,Brighten,3,2.77,44.25,0,0,1,0,0
I27_16_04.png,I27,Brighten,4,1.8,20.0,0,0,1,0,0
I27_16_05.png,I27,Brighten,5,1.47,11.75,0,0,1,0,1
I27_23_01.png,I27,Color block,1,2.53,38.25,0,0,0,0,0
I27_23_02.png,I27,Color block,2,2.4,35.0,0,0,0,0,0
I27_23_03.png,I27,Color block,3,2.47,36.75,0,0,0,0,1
I27_23_04.png,I27,Color block,4,2.33,33.25,0,0,0,0,1
I27_23_05.png,I27,Color block,5,2.13,28.25,0,0,0,0,1
I27_04_01.png,I27,Color diffusion,1,4.1,77.5,0,0,0,0,0
I27_04_02.png,I27,Color diffusion,2,2.27,31.75,0,0,0,0,0
I27_04_03.png,I27,Color diffusion,3,1.77,19.25,0,0,0,0,0
I27_04_04.png,I27,Color diffusion,4,1.17,4.25,0,0,0,0,0
I27_04_05.png,I27,Color diffusion,5,1.27,6.75,0,0,0,0,1
I27_06_01.png,I27,Color quantization,1,4.37,84.25,0,0,0,0,0
I27_06_02.png,I27,Color quantization,2,4.1,77.5,0,0,0,0,0
I27_06_03.png,I27,Color quantization,3,3.53,63.25,0,0,0,0,1
I27_06_04.png,I27,Color quantization,4,3.17,54.25,0,0,0,0,1
I27_06_05.png,I27,Color quantization,5,2.17,29.25,0,0,0,0,1
I27_07_01.png,I27,Color saturation 1,1,2.4,35.0,0,0,0,0,0
I27_07_02.png,I27,Color saturation 1,2,2.0,25.0,0,0,0,0,0
I27_07_03.png,I27,Color saturation 1,3,1.67,16.75,0,0,0,0,0
I27_07_04.png,I27,Color saturation 1,4,2.0,25.0,0,0,0,0,0
I27_07_05.png,I27,Color saturation 1,5,1.7,17.5,0,0,0,0,1
I27_08_01.png,I27,Color saturation 2,1,4.43,85.75,0,0,0,0,0
I27_08_02.png,I27,Color saturation 2,2,3.13,53.25,0,0,0,0,0
I27_08_03.png,I27,Color saturation 2,3,2.33,33.25,0,0,0,0,0
I27_08_04.png,I27,Color saturation 2,4,1.5,12.5,0,0,0,0,0
I27_08_05.png,I27,Color saturation 2,5,1.5,12.5,0,0,0,0,1
I27_05_01.png,I27,Color shift,1,4.0,75.0,0,0,0,0,0
I27_05_02.png,I27,Color shift,2,1.93,23.25,0,0,0,0,0
I27_05_03.png,I27,Color shift,3,1.57,14.25,0,0,0,0,0
I27_05_04.png,I27,Color shift,4,1.63,15.75,0,0,0,0,0
I27_05_05.png,I27,Color shift,5,1.37,9.25,0,0,0,0,1
I27_25_01.png,I27,Contrast change,1,3.23,55.75,0,0,0,0,0
I27_25_02.png,I27,Contrast change,2,3.73,68.25,0,0,0,0,0
I27_25_03.png,I27,Contrast change,3,4.03,75.75,0,0,0,0,0
I27_25_04.png,I27,Contrast change,4,4.0,75.0,0,0,0,0,0
I27_25_05.png,I27,Contrast change,5,3.07,51.75,0,0,0,0,1
I27_17_01.png,I27,Darken,1,4.57,89.25,0,0,0,0,0
I27_17_02.png,I27,Darken,2,4.43,85.75,0,0,0,0,0
I27_17_03.png,I27,Darken,3,3.97,74.25,0,1,0,0,0
I27_17_04.png,I27,Darken,4,3.8,70.0,0,1,0,0,0
I27_17_05.png,I27,Darken,5,3.23,55.75,0,1,0,0,1
I27_15_01.png,I27,Denoise,1,3.77,69.25,0,0,0,0,0
I27_15_02.png,I27,Denoise,2,2.4,35.0,0,0,0,0,0
I27_15_03.png,I27,Denoise,3,2.13,28.25,0,0,0,1,0
I27_15_04.png,I27,Denoise,4,1.77,19.25,0,0,0,1,0
I27_15_05.png,I27,Denoise,5,1.52,13.0,0,0,0,1,1
I27_01_01.png,I27,Gaussian blur,1,4.53,88.25,0,0,0,0,0
I27_01_02.png,I27,Gaussian blur,2,4.17,79.25,0,0,0,0,0
I27_01_03.png,I27,Gaussian blur,3,2.4,35.0,1,0,0,0,0
I27_01_04.png,I27,Gaussian blur,4,1.67,16.75,1,0,0,0,0
I27_01_05.png,I27,Gaussian blur,5,1.2,5.0,1,0,0,0,1
I27_24_01.png,I27,High sharpen,1,2.83,45.75,0,0,0,0,0
I27_24_02.png,I27,High sharpen,2,2.1,27.5,0,0,0,0,0
I27_24_03.png,I27,High sharpen,3,1.67,16.75,0,0,0,0,0
I27_24_04.png,I27,High sharpen,4,1.37,9.25,0,0,0,0,0
I27_24_05.png,I27,High sharpen,5,1.13,3.25,0,0,0,0,1
I27_13_01.png,I27,Impulse noise,1,3.73,68.25,0,0,0,0,0
I27_13_02.png,I27,Impulse noise,2,3.0,50.0,0,0,0,0,0
I27_13_03.png,I27,Impulse noise,3,2.63,40.75,0,0,0,1,0
I27_13_04.png,I27,Impulse noise,4,2.3,32.5,0,0,0,1,0
I27_13_05.png,I27,Impulse noise,5,2.1,27.5,0,0,0,1,1
I27_10_01.png,I27,JPEG,1,3.97,74.25,0,0,0,0,0
I27_10_02.png,I27,JPEG,2,3.9,72.5,0,0,0,0,0
I27_10_03.png,I27,JPEG,3,3.57,64.25,0,0,0,0,1
I27_10_04.png,I27,JPEG,4,1.67,16.75,0,0,0,0,1
I27_10_05.png,I27,JPEG,5,1.47,11.75,0,0,0,0,1
I27_09_01.png,I27,JPEG2000,1,4.47,86.75,0,0,0,0,0
I27_09_02.png,I27,JPEG2000,2,4.23,80.75,0,0,0,0,0
I27_09_03.png,I27,JPEG2000,3,4.27,81.75,0,0,0,0,1
I27_09_04.png,I27,JPEG2000,4,2.37,34.25,0,0,0,0,1
I27_09_05.png,I27,JPEG2000,5,1.17,4.25,0,0,0,0,1
I27_19_01.png,I27,Jitter,1,4.03,75.75,0,0,0,0,0
I27_19_02.png,I27,Jitter,2,3.8,70.0,0,0,0,0,0
I27_19_03.png,I27,Jitter,3,2.5,37.5,0,0,0,0,0
I27_19_04.png,I27,Jitter,4,1.53,13.25,0,0,0,0,0
I27_19_05.png,I27,Jitter,5,1.1,2.5,0,0,0,0,1
I27_02_01.png,I27,Lens blur,1,3.53,63.25,0,0,0,0,0
I27_02_02.png,I27,Lens blur,2,2.1,27.5,0,0,0,0,0
I27_02_03.png,I27,Lens blur,3,1.7,17.5,1,0,0,0,0
I27_02_04.png,I27,Lens blur,4,1.33,8.25,1,0,0,0,0
I27_02_05.png,I27,Lens blur,5,1.17,4.25,1,0,0,0,1
I27_18_01.png,I27,Mean shift,1,3.6,65.0,0,0,0,0,0
I27_18_02.png,I27,Mean shift,2,4.03,75.75,0,0,0,0,0
I27_18_03.png,I27,Mean shift,3,4.57,89.25,0,0,0,0,0
I27_18_04.png,I27,Mean shift,4,4.53,88.25,0,0,0,0,0
I27_18_05.png,I27,Mean shift,5,4.03,75.75,0,0,0,0,1
I27_03_01.png,I27,Motion blur,1,4.4,85.0,0,0,0,0,0
I27_03_02.png,I27,Motion blur,2,3.27,56.75,0,0,0,0,0
I27_03_03.png,I27,Motion blur,3,2.5,37.5,1,0,0,0,0
I27_03_04.png,I27,Motion blur,4,1.5,12.5,1,0,0,0,0
I27_03_05.png,I27,Motion blur,5,1.67,16.75,1,0,0,0,1
I27_14_01.png,I27,Multiplicative noise,1,3.67,66.75,0,0,0,0,0
I27_14_02.png,I27,Multiplicative noise,2,2.97,49.25,0,0,0,0,0
I27_14_03.png,I27,Multiplicative noise,3,2.16,29.0,0,0,0,1,0
I27_14_04.png,I27,Multiplicative noise,4,2.1,27.5,0,0,0,1,0
I27_14_05.png,I27,Multiplicative noise,5,1.63,15.75,0,0,0,1,1
I27_20_01.png,I27,Non-eccentricity patch,1,4.53,88.25,0,0,0,0,0
I27_20_02.png,I27,Non-eccentricity patch,2,2.77,44.25,0,0,0,0,0
I27_20_03.png,I27,Non-eccentricity patch,3,3.47,61.75,0,0,0,0,0
I27_20_04.png,I27,Non-eccentricity patch,4,2.23,30.75,0,0,0,0,0
I27_20_05.png,I27,Non-eccentricity patch,5,2.47,36.75,0,0,0,0,1
I27_21_01.png,I27,Pixelate,1,3.47,61.75,0,0,0,0,0
I27_21_02.png,I27,Pixelate,2,2.13,28.25,0,0,0,0,0
I27_21_03.png,I27,Pixelate,3,2.37,34.25,0,0,0,0,0
I27_21_04.png,I27,Pixelate,4,1.84,21.0,0,0,0,0,0
I27_21_05.png,I27,Pixelate,5,1.17,4.25,0,0,0,0,1
I27_22_01.png,I27,Quantization,1,3.9,72.5,0,0,0,0,0
I27_22_02.png,I27,Quantization,2,3.7,67.5,0,0,0,0,0
I27_22_03.png,I27,Quantization,3,3.4,60.0,0,0,0,0,0
I27_22_04.png,I27,Quantization,4,2.2,30.0,0,0,0,0,0
I27_22_05.png,I27,Quantization,5,1.97,24.25,0,0,0,0,1
I27_11_01.png,I27,White noise,1,3.23,55.75,0,0,0,0,0
I27_11_02.png,I27,White noise,2,3.0,50.0,0,0,0,0,0
I27_11_03.png,I27,White noise,3,2.63,40.75,0,0,0,1,0
I27_11_04.png,I27,White noise,4,2.33,33.25,0,0,0,1,0
I27_11_05.png,I27,White noise,5,1.87,21.75,0,0,0,1,1
I27_12_01.png,I27,White noise in color component,1,4.23,80.75,0,0,0,0,0
I27_12_02.png,I27,White noise in color component,2,3.2,55.0,0,0,0,0,0
I27_12_03.png,I27,White noise in color component,3,2.63,40.75,0,0,0,1,0
I27_12_04.png,I27,White noise in color component,4,2.3,32.5,0,0,0,1,0
I27_12_05.png,I27,White noise in color component,5,1.97,24.25,0,0,0,1,1
I27.png,I27,none,0,,100.0,0,0,0,0,0
I28_16_01.png,I28,Brighten,1,4.63,90.75,0,0,0,0,0
I28_16_02.png,I28,Brighten,2,4.53,88.25,0,0,0,0,0
I28_16_03.png,I28,Brighten,3,4.23,80.75,0,0,1,0,0
I28_16_04.png,I28,Brighten,4,3.1,52.5,0,0,1,0,0
I28_16_05.png,I28,Brighten,5,2.3,32.5,0,0,1,0,1
I28_23_01.png,I28,Color block,1,3.3,57.5,0,0,0,0,0
I28_23_02.png,I28,Color block,2,2.03,25.75,0,0,0,0,0
I28_23_03.png,I28,Color block,3,2.69,42.25,0,0,0,0,1
I28_23_04.png,I28,Color block,4,2.27,31.75,0,0,0,0,1
I28_23_05.png,I28,Color block,5,2.03,25.75,0,0,0,0,1
I28_04_01.png,I28,Color diffusion,1,4.17,79.25,0,0,0,0,0
I28_04_02.png,I28,Color diffusion,2,2.43,35.75,0,0,0,0,0
I28_04_03.png,I28,Color diffusion,3,1.5,12.5,0,0,0,0,0
I28_04_04.png,I28,Color diffusion,4,1.33,8.25,0,0,0,0,0
I28_04_05.png,I28,Color diffusion,5,1.07,1.75,0,0,0,0,1
I28_06_01.png,I28,Color quantization,1,3.73,68.25,0,0,0,0,0
I28_06_02.png,I28,Color quantization,2,3.6,65.0,0,0,0,0,0
I28_06_03.png,I28,Color quantization,3,3.55,63.75,0,0,0,0,1
I28_06_04.png,I28,Color quantization,4,3.4,60.0,0,0,0,0,1
I28_06_05.png,I28,Color quantization,5,2.47,36.75,0,0,0,0,1
I28_07_01.png,I28,Color saturation 1,1,2.47,36.75,0,0,0,0,0
I28_07_02.png,I28,Color saturation 1,2,2.4,35.0,0,0,0,0,0
I28_07_03.png,I28,Color saturation 1,3,1.93,23.25,0,0,0,0,0
I28_07_04.png,I28,Color saturation 1,4,1.87,21.75,0,0,0,0,0
I28_07_05.png,I28,Color saturation 1,5,2.0,25.0,0,0,0,0,1
I28_08_01.png,I28,Color saturation 2,1,4.73,93.25,0,0,0,0,0
I28_08_02.png,I28,Color saturation 2,2,3.53,63.25,0,0,0,0,0
I28_08_03.png,I28,Color saturation 2,3,2.47,36.75,0,0,0,0,0
I28_08_04.png,I28,Color saturation 2,4,1.57,14.25,0,0,0,0,0
I28_08_05.png,I28,Color saturation 2,5,1.4,10.0,0,0,0,0,1
I28_05_01.png,I28,Color shift,1,4.33,83.25,0,0,0,0,0
I28_05_02.png,I28,Color shift,2,3.27,56.75,0,0,0,0,0
I28_05_03.png,I28,Color shift,3,3.43,60.75,0,0,0,0,0
I28_05_04.png,I28,Color shift,4,3.1,52.5,0,0,0,0,0
I28_05_05.png,I28,Color shift,5,3.0,50.0,0,0,0,0,1
I28_25_01.png,I28,Contrast change,1,3.48,62.0,0,0,0,0,0
I28_25_02.png,I28,Contrast change,2,4.13,78.25,0,0,0,0,0
I28_25_03.png,I28,Contrast change,3,4.43,85.75,0,0,0,0,0
I28_25_04.png,I28,Contrast change,4,4.4,85.0,0,0,0,0,0
I28_25_05.png,I28,Contrast change,5,3.73,68.25,0,0,0,0,1
I28_17_01.png,I28,Darken,1,4.77,94.25,0,0,0,0,0
I28_17_02.png,I28,Darken,2,4.57,89.25,0,0,0,0,0
I28_17_03.png,I28,Darken,3,4.2,80.0,0,1,0,0,0
I28_17_04.png,I28,Darken,4,3.53,63.25,0,1,0,0,0
I28_17_05.png,I28,Darken,5,2.0,25.0,0,1,0,0,1
I28_15_01.png,I28,Denoise,1,3.53,63.25,0,0,0,0,0
I28_15_02.png,I28,Denoise,2,3.13,53.25,0,0,0,0,0
I28_15_03.png,I28,Denoise,3,2.27,31.75,0,0,0,1,0
I28_15_04.png,I28,Denoise,4,1.77,19.25,0,0,0,1,0
I28_15_05.png,I28,Denoise,5,1.57,14.25,0,0,0,1,1
I28_01_01.png,I28,Gaussian blur,1,4.57,89.25,0,0,0,0,0
I28_01_02.png,I28,Gaussian blur,2,4.68,92.0,0,0,0,0,0
I28_01_03.png,I28,Gaussian blur,3,4.0,75.0,1,0,0,0,0
I28_01_04.png,I28,Gaussian blur,4,2.19,29.75,1,0,0,0,0
I28_01_05.png,I28,Gaussian blur,5,1.37,9.25,1,0,0,0,1
I28_24_01.png,I28,High sharpen,1,4.2,80.0,0,0,0,0,0
I28_24_02.png,I28,High sharpen,2,3.0,50.0,0,0,0,0,0
I28_24_03.png,I28,High sharpen,3,2.87,46.75,0,0,0,0,0
I28_24_04.png,I28,High sharpen,4,2.13,28.25,0,0,0,0,0
I28_24_05.png,I28,High sharpen,5,1.6,15.0,0,0,0,0,1
I28_13_01.png,I28,Impulse noise,1,3.13,53.25,0,0,0,0,0
I28_13_02.png,I28,Impulse noise,2,2.83,45.75,0,0,0,0,0
I28_13_03.png,I28,Impulse noise,3,2.6,40.0,0,0,0,1,0
I28_13_04.png,I28,Impulse noise,4,1.97,24.25,0,0,0,1,0
I28_13_05.png,I28,Impulse noise,5,2.17,29.25,0,0,0,1,1
I28_10_01.png,I28,JPEG,1,4.23,80.75,0,0,0,0,0
I28_10_02.png,I28,JPEG,2,4.13,78.25,0,0,0,0,0
I28_10_03.png,I28,JPEG,3,3.8,70.0,0,0,0,0,1
I28_10_04.png,I28,JPEG,4,2.03,25.75,0,0,0,0,1
I28_10_05.png,I28,JPEG,5,1.3,7.5,0,0,0,0,1
I28_09_01.png,I28,JPEG2000,1,4.4,85.0,0,0,0,0,0
I28_09_02.png,I28,JPEG2000,2,4.23,80.75,0,0,0,0,0
I28_09_03.png,I28,JPEG2000,3,4.47,86.75,0,0,0,0,1
I28_09_04.png,I28,JPEG2000,4,3.0,50.0,0,0,0,0,1
I28_09_05.png,I28,JPEG2000,5,1.4,10.0,0,0,0,0,1
I28_19_01.png,I28,Jitter,1,4.5,87.5,0,0,0,0,0
I28_19_02.png,I28,Jitter,2,4.43,85.75,0,0,0,0,0
I28_19_03.png,I28,Jitter,3,3.77,69.25,0,0,0,0,0
I28_19_04.png,I28,Jitter,4,2.23,30.75,0,0,0,0,0
I28_19_05.png,I28,Jitter,5,1.53,13.25,0,0,0,0,1
I28_02_01.png,I28,Lens blur,1,4.23,80.75,0,0,0,0,0
I28_02_02.png,I28,Lens blur,2,3.2,55.0,0,0,0,0,0
I28_02_03.png,I28,Lens blur,3,1.93,23.25,1,0,0,0,0
I28_02_04.png,I28,Lens blur,4,1.67,16.75,1,0,0,0,0
I28_02_05.png,I28,Lens blur,5,1.57,14.25,1,0,0,0,1
I28_18_01.png,I28,Mean shift,1,4.37,84.25,0,0,0,0,0
I28_18_02.png,I28,Mean shift,2,4.6,90.0,0,0,0,0,0
I28_18_03.png,I28,Mean shift,3,4.23,80.75,0,0,0,0,0
I28_18_04.png,I28,Mean shift,4,4.53,88.25,0,0,0,0,0
I28_18_05.png,I28,Mean shift,5,4.23,80.75,0,0,0,0,1
I28_03_01.png,I28,Motion blur,1,4.47,86.75,0,0,0,0,0
I28_03_02.png,I28,Motion blur,2,4.43,85.75,0,0,0,0,0
I28_03_03.png,I28,Motion blur,3,3.9,72.5,1,0,0,0,0
I28_03_04.png,I28,Motion blur,4,2.73,43.25,1,0,0,0,0
I28_03_05.png,I28,Motion blur,5,2.17,29.25,1,0,0,0,1
I28_14_01.png,I28,Multiplicative noise,1,4.57,89.25,0,0,0,0,0
I28_14_02.png,I28,Multiplicative noise,2,3.97,74.25,0,0,0,0,0
I28_14_03.png,I28,Multiplicative noise,3,3.37,59.25,0,0,0,1,0
I28_14_04.png,I28,Multiplicative noise,4,2.73,43.25,0,0,0,1,0
I28_14_05.png,I28,Multiplicative noise,5,2.43,35.75,0,0,0,1,1
I28_20_01.png,I28,Non-eccentricity patch,1,4.23,80.75,0,0,0,0,0
I28_20_02.png,I28,Non-eccentricity patch,2,3.5,62.5,0,0,0,0,0
I28_20_03.png,I28,Non-eccentricity patch,3,3.37,59.25,0,0,0,0,0
I28_20_04.png,I28,Non-eccentricity patch,4,3.13,53.25,0,0,0,0,0
I28_20_05.png,I28,Non-eccentricity patch,5,2.93,48.25,0,0,0,0,1
I28_21_01.png,I28,Pixelate,1,4.0,75.0,0,0,0,0,0
I28_21_02.png,I28,Pixelate,2,3.57,64.25,0,0,0,0,0
I28_21_03.png,I28,Pixelate,3,3.23,55.75,0,0,0,0,0
I28_21_04.png,I28,Pixelate,4,3.07,51.75,0,0,0,0,0
I28_21_05.png,I28,Pixelate,5,1.77,19.25,0,0,0,0,1
I28_22_01.png,I28,Quantization,1,4.2,80.0,0,0,0,0,0
I28_22_02.png,I28,Quantization,2,3.53,63.25,0,0,0,0,0
I28_22_03.png,I28,Quantization,3,3.67,66.75,0,0,0,0,0
I28_22_04.png,I28,Quantization,4,2.93,48.25,0,0,0,0,0
I28_22_05.png,I28,Quantization,5,2.3,32.5,0,0,0,0,1
I28_11_01.png,I28,White noise,1,4.1,77.5,0,0,0,0,0
I28_11_02.png,I28,White noise,2,3.47,61.75,0,0,0,0,0
I28_11_03.png,I28,White noise,3,2.93,48.25,0,0,0,1,0
I28_11_04.png,I28,White noise,4,2.7,42.5,0,0,0,1,0
I28_11_05.png,I28,White noise,5,2.33,33.25,0,0,0,1,1
I28_12_01.png,I28,White noise in color component,1,4.47,86.75,0,0,0,0,0
I28_12_02.png,I28,White noise in color component,2,3.6,65.0,0,0,0,0,0
I28_12_03.png,I28,White noise in color component,3,3.2,55.0,0,0,0,1,0
I28_12_04.png,I28,White noise in color component,4,2.67,41.75,0,0,0,1,0
I28_12_05.png,I28,White noise in color component,5,2.5,37.5,0,0,0,1,1
I28.png,I28,none,0,,100.0,0,0,0,0,0
I29_16_01.png,I29,Brighten,1,4.6,90.0,0,0,0,0,0
I29_16_02.png,I29,Brighten,2,4.4,85.0,0,0,0,0,0
I29_16_03.png,I29,Brighten,3,3.57,64.25,0,0,1,0,0
I29_16_04.png,I29,Brighten,4,2.97,49.25,0,0,1,0,0
I29_16_05.png,I29,Brighten,5,1.87,21.75,0,0,1,0,1
I29_23_01.png,I29,Color block,1,2.67,41.75,0,0,0,0,0
I29_23_02.png,I29,Color block,2,1.8,20.0,0,0,0,0,0
I29_23_03.png,I29,Color block,3,2.3,32.5,0,0,0,0,1
I29_23_04.png,I29,Color block,4,2.3,32.5,0,0,0,0,1
I29_23_05.png,I29,Color block,5,2.33,33.25,0,0,0,0,1
I29_04_01.png,I29,Color diffusion,1,4.5,87.5,0,0,0,0,0
I29_04_02.png,I29,Color diffusion,2,1.97,24.25,0,0,0,0,0
I29_04_03.png,I29,Color diffusion,3,1.27,6.75,0,0,0,0,0
I29_04_04.png,I29,Color diffusion,4,1.17,4.25,0,0,0,0,0
I29_04_05.png,I29,Color diffusion,5,1.03,0.75,0,0,0,0,1
I29_06_01.png,I29,Color quantization,1,3.83,70.75,0,0,0,0,0
I29_06_02.png,I29,Color quantization,2,3.47,61.75,0,0,0,0,0
I29_06_03.png,I29,Color quantization,3,3.47,61.75,0,0,0,0,1
I29_06_04.png,I29,Color quantization,4,3.1,52.5,0,0,0,0,1
I29_06_05.png,I29,Color quantization,5,2.87,46.75,0,0,0,0,1
I29_07_01.png,I29,Color saturation 1,1,2.6,40.0,0,0,0,0,0
I29_07_02.png,I29,Color saturation 1,2,2.2,30.0,0,0,0,0,0
I29_07_03.png,I29,Color saturation 1,3,2.37,34.25,0,0,0,0,0
I29_07_04.png,I29,Color saturation 1,4,2.43,35.75,0,0,0,0,0
I29_07_05.png,I29,Color saturation 1,5,1.93,23.25,0,0,0,0,1
I29_08_01.png,I29,Color saturation 2,1,4.57,89.25,0,0,0,0,0
I29_08_02.png,I29,Color saturation 2,2,2.77,44.25,0,0,0,0,0
I29_08_03.png,I29,Color saturation 2,3,1.93,23.25,0,0,0,0,0
I29_08_04.png,I29,Color saturation 2,4,1.3,7.5,0,0,0,0,0
I29_08_05.png,I29,Color saturation 2,5,1.13,3.25,0,0,0,0,1
I29_05_01.png,I29,Color shift,1,4.13,78.25,0,0,0,0,0
I29_05_02.png,I29,Color shift,2,2.87,46.75,0,0,0,0,0
I29_05_03.png,I29,Color shift,3,1.73,18.25,0,0,0,0,0
I29_05_04.png,I29,Color shift,4,1.57,14.25,0,0,0,0,0
I29_05_05.png,I29,Color shift,5,1.63,15.75,0,0,0,0,1
I29_25_01.png,I29,Contrast change,1,3.2,55.0,0,0,0,0,0
I29_25_02.png,I29,Contrast change,2,3.74,68.5,0,0,0,0,0
I29_25_03.png,I29,Contrast change,3,4.17,79.25,0,0,0,0,0
I29_25_04.png,I29,Contrast change,4,4.07,76.75,0,0,0,0,0
I29_25_05.png,I29,Contrast change,5,2.63,40.75,0,0,0,0,1
I29_17_01.png,I29,Darken,1,4.77,94.25,0,0,0,0,0
I29_17_02.png,I29,Darken,2,4.57,89.25,0,0,0,0,0
I29_17_03.png,I29,Darken,3,4.3,82.5,0,1,0,0,0
I29_17_04.png,I29,Darken,4,3.57,64.25,0,1,0,0,0
I29_17_05.png,I29,Darken,5,2.17,29.25,0,1,0,0,1
I29_15_01.png,I29,Denoise,1,3.87,71.75,0,0,0,0,0
I29_15_02.png,I29,Denoise,2,2.73,43.25,0,0,0,0,0
I29_15_03.png,I29,Denoise,3,2.3,32.5,0,0,0,1,0
I29_15_04.png,I29,Denoise,4,1.67,16.75,0,0,0,1,0
I29_15_05.png,I29,Denoise,5,1.58,14.5,0,0,0,1,1
I29_01_01.png,I29,Gaussian blur,1,4.73,93.25,0,0,0,0,0
I29_01_02.png,I29,Gaussian blur,2,4.4,85.0,0,0,0,0,0
I29_01_03.png,I29,Gaussian blur,3,3.47,61.75,1,0,0,0,0
I29_01_04.png,I29,Gaussian blur,4,1.87,21.75,1,0,0,0,0
I29_01_05.png,I29,Gaussian blur,5,1.23,5.75,1,0,0,0,1
I29_24_01.png,I29,High sharpen,1,4.0,75.0,0,0,0,0,0
I29_24_02.png,I29,High sharpen,2,2.77,44.25,0,0,0,0,0
I29_24_03.png,I29,High sharpen,3,2.1,27.5,0,0,0,0,0
I29_24_04.png,I29,High sharpen,4,1.53,13.25,0,0,0,0,0
I29_24_05.png,I29,High sharpen,5,1.53,13.25,0,0,0,0,1
I29_13_01.png,I29,Impulse noise,1,3.23,55.75,0,0,0,0,0
I29_13_02.png,I29,Impulse noise,2,2.83,45.75,0,0,0,0,0
I29_13_03.png,I29,Impulse noise,3,2.63,40.75,0,0,0,1,0
I29_13_04.png,I29,Impulse noise,4,2.27,31.75,0,0,0,1,0
I29_13_05.png,I29,Impulse noise,5,2.07,26.75,0,0,0,1,1
I29_10_01.png,I29,JPEG,1,4.53,88.25,0,0,0,0,0
I29_10_02.png,I29,JPEG,2,4.33,83.25,0,0,0,0,0
I29_10_03.png,I29,JPEG,3,3.63,65.75,0,0,0,0,1
I29_10_04.png,I29,JPEG,4,2.0,25.0,0,0,0,0,1
I29_10_05.png,I29,JPEG,5,1.3,7.5,0,0,0,0,1
I29_09_01.png,I29,JPEG2000,1,4.67,91.75,0,0,0,0,0
I29_09_02.png,I29,JPEG2000,2,4.77,94.25,0,0,0,0,0
I29_09_03.png,I29,JPEG2000,3,4.57,89.25,0,0,0,0,1
I29_09_04.png,I29,JPEG2000,4,4.23,80.75,0,0,0,0,1
I29_09_05.png,I29,JPEG2000,5,2.73,43.25,0,0,0,0,1
I29_19_01.png,I29,Jitter,1,4.71,92.75,0,0,0,0,0
I29_19_02.png,I29,Jitter,2,4.23,80.75,0,0,0,0,0
I29_19_03.png,I29,Jitter,3,4.0,75.0,0,0,0,0,0
I29_19_04.png,I29,Jitter,4,2.1,27.5,0,0,0,0,0
I29_19_05.png,I29,Jitter,5,1.27,6.75,0,0,0,0,1
I29_02_01.png,I29,Lens blur,1,4.2,80.0,0,0,0,0,0
I29_02_02.png,I29,Lens blur,2,3.13,53.25,0,0,0,0,0
I29_02_03.png,I29,Lens blur,3,1.73,18.25,1,0,0,0,0
I29_02_04.png,I29,Lens blur,4,1.33,8.25,1,0,0,0,0
I29_02_05.png,I29,Lens blur,5,1.17,4.25,1,0,0,0,1
I29_18_01.png,I29,Mean shift,1,4.13,78.25,0,0,0,0,0
I29_18_02.png,I29,Mean shift,2,4.53,88.25,0,0,0,0,0
I29_18_03.png,I29,Mean shift,3,4.83,95.75,0,0,0,0,0
I29_18_04.png,I29,Mean shift,4,4.37,84.25,0,0,0,0,0
I29_18_05.png,I29,Mean shift,5,3.83,70.75,0,0,0,0,1
I29_03_01.png,I29,Motion blur,1,4.77,94.25,0,0,0,0,0
I29_03_02.png,I29,Motion blur,2,4.4,85.0,0,0,0,0,0
I29_03_03.png,I29,Motion blur,3,3.5,62.5,1,0,0,0,0
I29_03_04.png,I29,Motion blur,4,2.33,33.25,1,0,0,0,0
I29_03_05.png,I29,Motion blur,5,2.03,25.75,1,0,0,0,1
I29_14_01.png,I29,Multiplicative noise,1,4.63,90.75,0,0,0,0,0
I29_14_02.png,I29,Multiplicative noise,2,4.43,85.75,0,0,0,0,0
I29_14_03.png,I29,Multiplicative noise,3,3.7,67.5,0,0,0,1,0
I29_14_04.png,I29,Multiplicative noise,4,3.07,51.75,0,0,0,1,0
I29_14_05.png,I29,Multiplicative noise,5,2.17,29.25,0,0,0,1,1
I29_20_01.png,I29,Non-eccentricity patch,1,4.53,88.25,0,0,0,0,0
I29_20_02.png,I29,Non-eccentricity patch,2,2.37,34.25,0,0,0,0,0
I29_20_03.png,I29,Non-eccentricity patch,3,3.03,50.75,0,0,0,0,0
I29_20_04.png,I29,Non-eccentricity patch,4,2.3,32.5,0,0,0,0,0
I29_20_05.png,I29,Non-eccentricity patch,5,4.03,75.75,0,0,0,0,1
I29_21_01.png,I29,Pixelate,1,3.9,72.5,0,0,0,0,0
I29_21_02.png,I29,Pixelate,2,3.4,60.0,0,0,0,0,0
I29_21_03.png,I29,Pixelate,3,3.0,50.0,0,0,0,0,0
I29_21_04.png,I29,Pixelate,4,3.4,60.0,0,0,0,0,0
I29_21_05.png,I29,Pixelate,5,1.8,20.0,0,0,0,0,1
I29_22_01.png,I29,Quantization,1,3.5,62.5,0,0,0,0,0
I29_22_02.png,I29,Quantization,2,2.73,43.25,0,0,0,0,0
I29_22_03.png,I29,Quantization,3,2.5,37.5,0,0,0,0,0
I29_22_04.png,I29,Quantization,4,2.47,36.75,0,0,0,0,0
I29_22_05.png,I29,Quantization,5,1.97,24.25,0,0,0,0,1
I29_11_01.png,I29,White noise,1,3.8,70.0,0,0,0,0,0
I29_11_02.png,I29,White noise,2,3.37,59.25,0,0,0,0,0
I29_11_03.png,I29,White noise,3,3.2,55.0,0,0,0,1,0
I29_11_04.png,I29,White noise,4,2.9,47.5,0,0,0,1,0
I29_11_05.png,I29,White noise,5,2.37,34.25,0,0,0,1,1
I29_12_01.png,I29,White noise in color component,1,4.57,89.25,0,0,0,0,0
I29_12_02.png,I29,White noise in color component,2,3.87,71.75,0,0,0,0,0
I29_12_03.png,I29,White noise in color component,3,3.33,58.25,0,0,0,1,0
I29_12_04.png,I29,White noise in color component,4,2.67,41.75,0,0,0,1,0
I29_12_05.png,I29,White noise in color component,5,2.23,30.75,0,0,0,1,1
I29.png,I29,none,0,,100.0,0,0,0,0,0
I30_16_01.png,I30,Brighten,1,4.63,90.75,0,0,0,0,0
I30_16_02.png,I30,Brighten,2,4.2,80.0,0,0,0,0,0
I30_16_03.png,I30,Brighten,3,3.6,65.0,0,0,1,0,0
I30_16_04.png,I30,Brighten,4,2.5,37.5,0,0,1,0,0
I30_16_05.png,I30,Brighten,5,1.48,12.0,0,0,1,0,1
I30_23_01.png,I30,Color block,1,2.33,33.25,0,0,0,0,0
I30_23_02.png,I30,Color block,2,2.13,28.25,0,0,0,0,0
I30_23_03.png,I30,Color block,3,2.27,31.75,0,0,0,0,1
I30_23_04.png,I30,Color block,4,2.13,28.25,0,0,0,0,1
I30_23_05.png,I30,Color block,5,2.4,35.0,0,0,0,0,1
I30_04_01.png,I30,Color diffusion,1,4.63,90.75,0,0,0,0,0
I30_04_02.png,I30,Color diffusion,2,3.3,57.5,0,0,0,0,0
I30_04_03.png,I30,Color diffusion,3,1.9,22.5,0,0,0,0,0
I30_04_04.png,I30,Color diffusion,4,1.5,12.5,0,0,0,0,0
I30_04_05.png,I30,Color diffusion,5,1.07,1.75,0,0,0,0,1
I30_06_01.png,I30,Color quantization,1,4.4,85.0,0,0,0,0,0
I30_06_02.png,I30,Color quantization,2,4.37,84.25,0,0,0,0,0
I30_06_03.png,I30,Color quantization,3,3.87,71.75,0,0,0,0,1
I30_06_04.png,I30,Color quantization,4,3.83,70.75,0,0,0,0,1
I30_06_05.png,I30,Color quantization,5,3.13,53.25,0,0,0,0,1
I30_07_01.png,I30,Color saturation 1,1,3.4,60.0,0,0,0,0,0
I30_07_02.png,I30,Color saturation 1,2,2.07,26.75,0,0,0,0,0
I30_07_03.png,I30,Color saturation 1,3,2.2,30.0,0,0,0,0,0
I30_07_04.png,I30,Color saturation 1,4,2.19,29.75,0,0,0,0,0
I30_07_05.png,I30,Color saturation 1,5,1.93,23.25,0,0,0,0,1
I30_08_01.png,I30,Color saturation 2,1,4.67,91.75,0,0,0,0,0
I30_08_02.png,I30,Color saturation 2,2,4.3,82.5,0,0,0,0,0
I30_08_03.png,I30,Color saturation 2,3,3.33,58.25,0,0,0,0,0
I30_08_04.png,I30,Color saturation 2,4,2.6,40.0,0,0,0,0,0
I30_08_05.png,I30,Color saturation 2,5,1.43,10.75,0,0,0,0,1
I30_05_01.png,I30,Color shift,1,4.77,94.25,0,0,0,0,0
I30_05_02.png,I30,Color shift,2,3.83,70.75,0,0,0,0,0
I30_05_03.png,I30,Color shift,3,2.9,47.5,0,0,0,0,0
I30_05_04.png,I30,Color shift,4,2.8,45.0,0,0,0,0,0
I30_05_05.png,I30,Color shift,5,2.5,37.5,0,0,0,0,1
I30_25_01.png,I30,Contrast change,1,3.63,65.75,0,0,0,0,0
I30_25_02.png,I30,Contrast change,2,4.4,85.0,0,0,0,0,0
I30_25_03.png,I30,Contrast change,3,4.8,95.0,0,0,0,0,0
I30_25_04.png,I30,Contrast change,4,4.4,85.0,0,0,0,0,0
I30_25_05.png,I30,Contrast change,5,3.73,68.25,0,0,0,0,1
I30_17_01.png,I30,Darken,1,4.73,93.25,0,0,0,0,0
I30_17_02.png,I30,Darken,2,4.5,87.5,0,0,0,0,0
I30_17_03.png,I30,Darken,3,4.4,85.0,0,1,0,0,0
I30_17_04.png,I30,Darken,4,3.67,66.75,0,1,0,0,0
I30_17_05.png,I30,Darken,5,2.67,41.75,0,1,0,0,1
I30_15_01.png,I30,Denoise,1,3.87,71.75,0,0,0,0,0
I30_15_02.png,I30,Denoise,2,2.6,40.0,0,0,0,0,0
I30_15_03.png,I30,Denoise,3,2.13,28.25,0,0,0,1,0
I30_15_04.png,I30,Denoise,4,1.33,8.25,0,0,0,1,0
I30_15_05.png,I30,Denoise,5,1.3,7.5,0,0,0,1,1
I30_01_01.png,I30,Gaussian blur,1,4.6,90.0,0,0,0,0,0
I30_01_02.png,I30,Gaussian blur,2,4.6,90.0,0,0,0,0,0
I30_01_03.png,I30,Gaussian blur,3,3.93,73.25,1,0,0,0,0
I30_01_04.png,I30,Gaussian blur,4,2.63,40.75,1,0,0,0,0
I30_01_05.png,I30,Gaussian blur,5,1.26,6.5,1,0,0,0,1
I30_24_01.png,I30,High sharpen,1,4.33,83.25,0,0,0,0,0
I30_24_02.png,I30,High sharpen,2,3.7,67.5,0,0,0,0,0
I30_24_03.png,I30,High sharpen,3,3.07,51.75,0,0,0,0,0
I30_24_04.png,I30,High sharpen,4,2.2,30.0,0,0,0,0,0
I30_24_05.png,I30,High sharpen,5,1.57,14.25,0,0,0,0,1
I30_13_01.png,I30,Impulse noise,1,3.77,69.25,0,0,0,0,0
I30_13_02.png,I30,Impulse noise,2,2.97,49.25,0,0,0,0,0
I30_13_03.png,I30,Impulse noise,3,2.53,38.25,0,0,0,1,0
I30_13_04.png,I30,Impulse noise,4,2.63,40.75,0,0,0,1,0
I30_13_05.png,I30,Impulse noise,5,2.26,31.5,0,0,0,1,1
I30_10_01.png,I30,JPEG,1,4.53,88.25,0,0,0,0,0
I30_10_02.png,I30,JPEG,2,4.47,86.75,0,0,0,0,0
I30_10_03.png,I30,JPEG,3,4.37,84.25,0,0,0,0,1
I30_10_04.png,I30,JPEG,4,1.77,19.25,0,0,0,0,1
I30_10_05.png,I30,JPEG,5,1.23,5.75,0,0,0,0,1
I30_09_01.png,I30,JPEG2000,1,4.68,92.0,0,0,0,0,0
I30_09_02.png,I30,JPEG2000,2,4.6,90.0,0,0,0,0,0
I30_09_03.png,I30,JPEG2000,3,4.73,93.25,0,0,0,0,1
I30_09_04.png,I30,JPEG2000,4,3.7,67.5,0,0,0,0,1
I30_09_05.png,I30,JPEG2000,5,1.73,18.25,0,0,0,0,1
I30_19_01.png,I30,Jitter,1,4.9,97.5,0,0,0,0,0
I30_19_02.png,I30,Jitter,2,4.6,90.0,0,0,0,0,0
I30_19_03.png,I30,Jitter,3,4.27,81.75,0,0,0,0,0
I30_19_04.png,I30,Jitter,4,2.53,38.25,0,0,0,0,0
I30_19_05.png,I30,Jitter,5,1.83,20.75,0,0,0,0,1
I30_02_01.png,I30,Lens blur,1,4.67,91.75,0,0,0,0,0
I30_02_02.png,I30,Lens blur,2,3.71,67.75,0,0,0,0,0
I30_02_03.png,I30,Lens blur,3,2.2,30.0,1,0,0,0,0
I30_02_04.png,I30,Lens blur,4,1.77,19.25,1,0,0,0,0
I30_02_05.png,I30,Lens blur,5,1.5,12.5,1,0,0,0,1
I30_18_01.png,I30,Mean shift,1,4.0,75.0,0,0,0,0,0
I30_18_02.png,I30,Mean shift,2,4.53,88.25,0,0,0,0,0
I30_18_03.png,I30,Mean shift,3,4.83,95.75,0,0,0,0,0
I30_18_04.png,I30,Mean shift,4,4.61,90.25,0,0,0,0,0
I30_18_05.png,I30,Mean shift,5,4.3,82.5,0,0,0,0,1
I30_03_01.png,I30,Motion blur,1,4.67,91.75,0,0,0,0,0
I30_03_02.png,I30,Motion blur,2,4.7,92.5,0,0,0,0,0
I30_03_03.png,I30,Motion blur,3,3.7,67.5,1,0,0,0,0
I30_03_04.png,I30,Motion blur,4,3.0,50.0,1,0,0,0,0
I30_03_05.png,I30,Motion blur,5,2.33,33.25,1,0,0,0,1
I30_14_01.png,I30,Multiplicative noise,1,4.4,85.0,0,0,0,0,0
I30_14_02.png,I30,Multiplicative noise,2,3.17,54.25,0,0,0,0,0
I30_14_03.png,I30,Multiplicative noise,3,2.83,45.75,0,0,0,1,0
I30_14_04.png,I30,Multiplicative noise,4,2.3,32.5,0,0,0,1,0
I30_14_05.png,I30,Multiplicative noise,5,2.1,27.5,0,0,0,1,1
I30_20_01.png,I30,Non-eccentricity patch,1,4.33,83.25,0,0,0,0,0
I30_20_02.png,I30,Non-eccentricity patch,2,3.67,66.75,0,0,0,0,0
I30_20_03.png,I30,Non-eccentricity patch,3,3.8,70.0,0,0,0,0,0
I30_20_04.png,I30,Non-eccentricity patch,4,3.81,70.25,0,0,0,0,0
I30_20_05.png,I30,Non-eccentricity patch,5,3.03,50.75,0,0,0,0,1
I30_21_01.png,I30,Pixelate,1,4.27,81.75,0,0,0,0,0
I30_21_02.png,I30,Pixelate,2,3.73,68.25,0,0,0,0,0
I30_21_03.png,I30,Pixelate,3,3.68,67.0,0,0,0,0,0
I30_21_04.png,I30,Pixelate,4,3.73,68.25,0,0,0,0,0
I30_21_05.png,I30,Pixelate,5,2.0,25.0,0,0,0,0,1
I30_22_01.png,I30,Quantization,1,4.3,82.5,0,0,0,0,0
I30_22_02.png,I30,Quantization,2,3.67,66.75,0,0,0,0,0
I30_22_03.png,I30,Quantization,3,3.27,56.75,0,0,0,0,0
I30_22_04.png,I30,Quantization,4,2.77,44.25,0,0,0,0,0
I30_22_05.png,I30,Quantization,5,2.57,39.25,0,0,0,0,1
I30_11_01.png,I30,White noise,1,3.67,66.75,0,0,0,0,0
I30_11_02.png,I30,White noise,2,3.2,55.0,0,0,0,0,0
I30_11_03.png,I30,White noise,3,2.97,49.25,0,0,0,1,0
I30_11_04.png,I30,White noise,4,2.73,43.25,0,0,0,1,0
I30_11_05.png,I30,White noise,5,2.32,33.0,0,0,0,1,1
I30_12_01.png,I30,White noise in color component,1,4.43,85.75,0,0,0,0,0
I30_12_02.png,I30,White noise in color component,2,3.4,60.0,0,0,0,0,0
I30_12_03.png,I30,White noise in color component,3,3.03,50.75,0,0,0,1,0
I30_12_04.png,I30,White noise in color component,4,2.77,44.25,0,0,0,1,0
I30_12_05.png,I30,White noise in color component,5,2.23,30.75,0,0,0,1,1
I30.png,I30,none,0,,100.0,0,0,0,0,0
I31_16_01.png,I31,Brighten,1,4.57,89.25,0,0,0,0,0
I31_16_02.png,I31,Brighten,2,4.43,85.75,0,0,0,0,0
I31_16_03.png,I31,Brighten,3,3.8,70.0,0,0,1,0,0
I31_16_04.png,I31,Brighten,4,3.0,50.0,0,0,1,0,0
I31_16_05.png,I31,Brighten,5,1.93,23.25,0,0,1,0,1
I31_23_01.png,I31,Color block,1,2.5,37.5,0,0,0,0,0
I31_23_02.png,I31,Color block,2,2.6,40.0,0,0,0,0,0
I31_23_03.png,I31,Color block,3,2.4,35.0,0,0,0,0,1
I31_23_04.png,I31,Color block,4,2.23,30.75,0,0,0,0,1
I31_23_05.png,I31,Color block,5,1.77,19.25,0,0,0,0,1
I31_04_01.png,I31,Color diffusion,1,4.63,90.75,0,0,0,0,0
I31_04_02.png,I31,Color diffusion,2,2.97,49.25,0,0,0,0,0
I31_04_03.png,I31,Color diffusion,3,2.53,38.25,0,0,0,0,0
I31_04_04.png,I31,Color diffusion,4,1.8,20.0,0,0,0,0,0
I31_04_05.png,I31,Color diffusion,5,1.5,12.5,0,0,0,0,1
I31_06_01.png,I31,Color quantization,1,4.5,87.5,0,0,0,0,0
I31_06_02.png,I31,Color quantization,2,4.1,77.5,0,0,0,0,0
I31_06_03.png,I31,Color quantization,3,3.63,65.75,0,0,0,0,1
I31_06_04.png,I31,Color quantization,4,3.4,60.0,0,0,0,0,1
I31_06_05.png,I31,Color quantization,5,2.4,35.0,0,0,0,0,1
I31_07_01.png,I31,Color saturation 1,1,2.4,35.0,0,0,0,0,0
I31_07_02.png,I31,Color saturation 1,2,2.53,38.25,0,0,0,0,0
I31_07_03.png,I31,Color saturation 1,3,2.4,35.0,0,0,0,0,0
I31_07_04.png,I31,Color saturation 1,4,2.57,39.25,0,0,0,0,0
I31_07_05.png,I31,Color saturation 1,5,2.33,33.25,0,0,0,0,1
I31_08_01.png,I31,Color saturation 2,1,4.61,90.25,0,0,0,0,0
I31_08_02.png,I31,Color saturation 2,2,3.63,65.75,0,0,0,0,0
I31_08_03.png,I31,Color saturation 2,3,3.23,55.75,0,0,0,0,0
I31_08_04.png,I31,Color saturation 2,4,2.03,25.75,0,0,0,0,0
I31_08_05.png,I31,Color saturation 2,5,1.83,20.75,0,0,0,0,1
I31_05_01.png,I31,Color shift,1,4.67,91.75,0,0,0,0,0
I31_05_02.png,I31,Color shift,2,2.7,42.5,0,0,0,0,0
I31_05_03.png,I31,Color shift,3,2.2,30.0,0,0,0,0,0
I31_05_04.png,I31,Color shift,4,1.9,22.5,0,0,0,0,0
I31_05_05.png,I31,Color shift,5,1.7,17.5,0,0,0,0,1
I31_25_01.png,I31,Contrast change,1,3.6,65.0,0,0,0,0,0
I31_25_02.png,I31,Contrast change,2,4.1,77.5,0,0,0,0,0
I31_25_03.png,I31,Contrast change,3,4.4,85.0,0,0,0,0,0
I31_25_04.png,I31,Contrast change,4,4.3,82.5,0,0,0,0,0
I31_25_05.png,I31,Contrast change,5,3.27,56.75,0,0,0,0,1
I31_17_01.png,I31,Darken,1,4.67,91.75,0,0,0,0,0
I31_17_02.png,I31,Darken,2,4.47,86.75,0,0,0,0,0
I31_17_03.png,I31,Darken,3,4.43,85.75,0,1,0,0,0
I31_17_04.png,I31,Darken,4,3.73,68.25,0,1,0,0,0
I31_17_05.png,I31,Darken,5,2.27,31.75,0,1,0,0,1
I31_15_01.png,I31,Denoise,1,4.07,76.75,0,0,0,0,0
I31_15_02.png,I31,Denoise,2,3.27,56.75,0,0,0,0,0
I31_15_03.png,I31,Denoise,3,3.17,54.25,0,0,0,1,0
I31_15_04.png,I31,Denoise,4,2.03,25.75,0,0,0,1,0
I31_15_05.png,I31,Denoise,5,1.87,21.75,0,0,0,1,1
I31_01_01.png,I31,Gaussian blur,1,4.83,95.75,0,0,0,0,0
I31_01_02.png,I31,Gaussian blur,2,4.63,90.75,0,0,0,0,0
I31_01_03.png,I31,Gaussian blur,3,3.03,50.75,1,0,0,0,0
I31_01_04.png,I31,Gaussian blur,4,1.83,20.75,1,0,0,0,0
I31_01_05.png,I31,Gaussian blur,5,1.27,6.75,1,0,0,0,1
I31_24_01.png,I31,High sharpen,1,3.77,69.25,0,0,0,0,0
I31_24_02.png,I31,High sharpen,2,3.07,51.75,0,0,0,0,0
I31_24_03.png,I31,High sharpen,3,2.17,29.25,0,0,0,0,0
I31_24_04.png,I31,High sharpen,4,2.03,25.75,0,0,0,0,0
I31_24_05.png,I31,High sharpen,5,1.48,12.0,0,0,0,0,1
I31_13_01.png,I31,Impulse noise,1,3.77,69.25,0,0,0,0,0
I31_13_02.png,I31,Impulse noise,2,3.2,55.0,0,0,0,0,0
I31_13_03.png,I31,Impulse noise,3,2.77,44.25,0,0,0,1,0
I31_13_04.png,I31,Impulse noise,4,2.27,31.75,0,0,0,1,0
I31_13_05.png,I31,Impulse noise,5,2.03,25.75,0,0,0,1,1
I31_10_01.png,I31,JPEG,1,4.63,90.75,0,0,0,0,0
I31_10_02.png,I31,JPEG,2,4.63,90.75,0,0,0,0,0
I31_10_03.png,I31,JPEG,3,4.27,81.75,0,0,0,0,1
I31_10_04.png,I31,JPEG,4,2.03,25.75,0,0,0,0,1
I31_10_05.png,I31,JPEG,5,1.67,16.75,0,0,0,0,1
I31_09_01.png,I31,JPEG2000,1,4.47,86.75,0,0,0,0,0
I31_09_02.png,I31,JPEG2000,2,4.23,80.75,0,0,0,0,0
I31_09_03.png,I31,JPEG2000,3,3.97,74.25,0,0,0,0,1
I31_09_04.png,I31,JPEG2000,4,2.47,36.75,0,0,0,0,1
I31_09_05.png,I31,JPEG2000,5,1.5,12.5,0,0,0,0,1
I31_19_01.png,I31,Jitter,1,4.23,80.75,0,0,0,0,0
I31_19_02.png,I31,Jitter,2,4.1,77.5,0,0,0,0,0
I31_19_03.png,I31,Jitter,3,3.48,62.0,0,0,0,0,0
I31_19_04.png,I31,Jitter,4,2.07,26.75,0,0,0,0,0
I31_19_05.png,I31,Jitter,5,1.4,10.0,0,0,0,0,1
I31_02_01.png,I31,Lens blur,1,4.2,80.0,0,0,0,0,0
I31_02_02.png,I31,Lens blur,2,3.23,55.75,0,0,0,0,0
I31_02_03.png,I31,Lens blur,3,1.87,21.75,1,0,0,0,0
I31_02_04.png,I31,Lens blur,4,1.5,12.5,1,0,0,0,0
I31_02_05.png,I31,Lens blur,5,1.37,9.25,1,0,0,0,1
I31_18_01.png,I31,Mean shift,1,4.6,90.0,0,0,0,0,0
I31_18_02.png,I31,Mean shift,2,4.73,93.25,0,0,0,0,0
I31_18_03.png,I31,Mean shift,3,4.81,95.25,0,0,0,0,0
I31_18_04.png,I31,Mean shift,4,4.33,83.25,0,0,0,0,0
I31_18_05.png,I31,Mean shift,5,3.87,71.75,0,0,0,0,1
I31_03_01.png,I31,Motion blur,1,4.63,90.75,0,0,0,0,0
I31_03_02.png,I31,Motion blur,2,4.23,80.75,0,0,0,0,0
I31_03_03.png,I31,Motion blur,3,3.13,53.25,1,0,0,0,0
I31_03_04.png,I31,Motion blur,4,2.33,33.25,1,0,0,0,0
I31_03_05.png,I31,Motion blur,5,1.57,14.25,1,0,0,0,1
I31_14_01.png,I31,Multiplicative noise,1,4.6,90.0,0,0,0,0,0
I31_14_02.png,I31,Multiplicative noise,2,3.93,73.25,0,0,0,0,0
I31_14_03.png,I31,Multiplicative noise,3,3.23,55.75,0,0,0,1,0
I31_14_04.png,I31,Multiplicative noise,4,2.77,44.25,0,0,0,1,0
I31_14_05.png,I31,Multiplicative noise,5,2.43,35.75,0,0,0,1,1
I31_20_01.png,I31,Non-eccentricity patch,1,4.7,92.5,0,0,0,0,0
I31_20_02.png,I31,Non-eccentricity patch,2,3.9,72.5,0,0,0,0,0
I31_20_03.png,I31,Non-eccentricity patch,3,4.17,79.25,0,0,0,0,0
I31_20_04.png,I31,Non-eccentricity patch,4,3.67,66.75,0,0,0,0,0
I31_20_05.png,I31,Non-eccentricity patch,5,4.27,81.75,0,0,0,0,1
I31_21_01.png,I31,Pixelate,1,4.5,87.5,0,0,0,0,0
I31_21_02.png,I31,Pixelate,2,3.43,60.75,0,0,0,0,0
I31_21_03.png,I31,Pixelate,3,3.17,54.25,0,0,0,0,0
I31_21_04.png,I31,Pixelate,4,3.47,61.75,0,0,0,0,0
I31_21_05.png,I31,Pixelate,5,1.6,15.0,0,0,0,0,1
I31_22_01.png,I31,Quantization,1,4.17,79.25,0,0,0,0,0
I31_22_02.png,I31,Quantization,2,3.5,62.5,0,0,0,0,0
I31_22_03.png,I31,Quantization,3,3.3,57.5,0,0,0,0,0
I31_22_04.png,I31,Quantization,4,3.03,50.75,0,0,0,0,0
I31_22_05.png,I31,Quantization,5,3.03,50.75,0,0,0,0,1
I31_11_01.png,I31,White noise,1,3.87,71.75,0,0,0,0,0
I31_11_02.png,I31,White noise,2,3.57,64.25,0,0,0,0,0
I31_11_03.png,I31,White noise,3,3.13,53.25,0,0,0,1,0
I31_11_04.png,I31,White noise,4,2.87,46.75,0,0,0,1,0
I31_11_05.png,I31,White noise,5,2.43,35.75,0,0,0,1,1
I31_12_01.png,I31,White noise in color component,1,4.57,89.25,0,0,0,0,0
I31_12_02.png,I31,White noise in color component,2,3.9,72.5,0,0,0,0,0
I31_12_03.png,I31,White noise in color component,3,3.33,58.25,0,0,0,1,0
I31_12_04.png,I31,White noise in color component,4,2.87,46.75,0,0,0,1,0
I31_12_05.png,I31,White noise in color component,5,2.57,39.25,0,0,0,1,1
I31.png,I31,none,0,,100.0,0,0,0,0,0
I32_16_01.png,I32,Brighten,1,4.2,80.0,0,0,0,0,0
I32_16_02.png,I32,Brighten,2,3.57,64.25,0,0,0,0,0
I32_16_03.png,I32,Brighten,3,3.1,52.5,0,0,1,0,0
I32_16_04.png,I32,Brighten,4,1.8,20.0,0,0,1,0,0
I32_16_05.png,I32,Brighten,5,1.03,0.75,0,0,1,0,1
I32_23_01.png,I32,Color block,1,2.53,38.25,0,0,0,0,0
I32_23_02.png,I32,Color block,2,2.17,29.25,0,0,0,0,0
I32_23_03.png,I32,Color block,3,1.83,20.75,0,0,0,0,1
I32_23_04.png,I32,Color block,4,2.33,33.25,0,0,0,0,1
I32_23_05.png,I32,Color block,5,1.7,17.5,0,0,0,0,1
I32_04_01.png,I32,Color diffusion,1,4.53,88.25,0,0,0,0,0
I32_04_02.png,I32,Color diffusion,2,1.77,19.25,0,0,0,0,0
I32_04_03.png,I32,Color diffusion,3,1.57,14.25,0,0,0,0,0
I32_04_04.png,I32,Color diffusion,4,1.5,12.5,0,0,0,0,0
I32_04_05.png,I32,Color diffusion,5,1.17,4.25,0,0,0,0,1
I32_06_01.png,I32,Color quantization,1,4.0,75.0,0,0,0,0,0
I32_06_02.png,I32,Color quantization,2,3.72,68.0,0,0,0,0,0
I32_06_03.png,I32,Color quantization,3,3.43,60.75,0,0,0,0,1
I32_06_04.png,I32,Color quantization,4,3.4,60.0,0,0,0,0,1
I32_06_05.png,I32,Color quantization,5,2.33,33.25,0,0,0,0,1
I32_07_01.png,I32,Color saturation 1,1,2.2,30.0,0,0,0,0,0
I32_07_02.png,I32,Color saturation 1,2,2.57,39.25,0,0,0,0,0
I32_07_03.png,I32,Color saturation 1,3,2.3,32.5,0,0,0,0,0
I32_07_04.png,I32,Color saturation 1,4,2.23,30.75,0,0,0,0,0
I32_07_05.png,I32,Color saturation 1,5,1.9,22.5,0,0,0,0,1
I32_08_01.png,I32,Color saturation 2,1,4.23,80.75,0,0,0,0,0
I32_08_02.png,I32,Color saturation 2,2,2.3,32.5,0,0,0,0,0
I32_08_03.png,I32,Color saturation 2,3,2.33,33.25,0,0,0,0,0
I32_08_04.png,I32,Color saturation 2,4,1.6,15.0,0,0,0,0,0
I32_08_05.png,I32,Color saturation 2,5,1.5,12.5,0,0,0,0,1
I32_05_01.png,I32,Color shift,1,4.3,82.5,0,0,0,0,0
I32_05_02.png,I32,Color shift,2,2.6,40.0,0,0,0,0,0
I32_05_03.png,I32,Color shift,3,1.73,18.25,0,0,0,0,0
I32_05_04.png,I32,Color shift,4,1.8,20.0,0,0,0,0,0
I32_05_05.png,I32,Color shift,5,1.6,15.0,0,0,0,0,1
I32_25_01.png,I32,Contrast change,1,3.23,55.75,0,0,0,0,0
I32_25_02.png,I32,Contrast change,2,3.47,61.75,0,0,0,0,0
I32_25_03.png,I32,Contrast change,3,3.84,71.0,0,0,0,0,0
I32_25_04.png,I32,Contrast change,4,3.2,55.0,0,0,0,0,0
I32_25_05.png,I32,Contrast change,5,2.27,31.75,0,0,0,0,1
I32_17_01.png,I32,Darken,1,4.6,90.0,0,0,0,0,0
I32_17_02.png,I32,Darken,2,4.33,83.25,0,0,0,0,0
I32_17_03.png,I32,Darken,3,4.07,76.75,0,1,0,0,0
I32_17_04.png,I32,Darken,4,3.63,65.75,0,1,0,0,0
I32_17_05.png,I32,Darken,5,2.57,39.25,0,1,0,0,1
I32_15_01.png,I32,Denoise,1,2.6,40.0,0,0,0,0,0
I32_15_02.png,I32,Denoise,2,1.83,20.75,0,0,0,0,0
I32_15_03.png,I32,Denoise,3,1.39,9.75,0,0,0,1,0
I32_15_04.png,I32,Denoise,4,1.07,1.75,0,0,0,1,0
I32_15_05.png,I32,Denoise,5,1.3,7.5,0,0,0,1,1
I32_01_01.png,I32,Gaussian blur,1,4.5,87.5,0,0,0,0,0
I32_01_02.png,I32,Gaussian blur,2,4.39,84.75,0,0,0,0,0
I32_01_03.png,I32,Gaussian blur,3,2.73,43.25,1,0,0,0,0
I32_01_04.png,I32,Gaussian blur,4,1.6,15.0,1,0,0,0,0
I32_01_05.png,I32,Gaussian blur,5,1.1,2.5,1,0,0,0,1
I32_24_01.png,I32,High sharpen,1,3.83,70.75,0,0,0,0,0
I32_24_02.png,I32,High sharpen,2,2.9,47.5,0,0,0,0,0
I32_24_03.png,I32,High sharpen,3,2.6,40.0,0,0,0,0,0
I32_24_04.png,I32,High sharpen,4,1.6,15.0,0,0,0,0,0
I32_24_05.png,I32,High sharpen,5,1.43,10.75,0,0,0,0,1
I32_13_01.png,I32,Impulse noise,1,2.9,47.5,0,0,0,0,0
I32_13_02.png,I32,Impulse noise,2,2.8,45.0,0,0,0,0,0
I32_13_03.png,I32,Impulse noise,3,2.5,37.5,0,0,0,1,0
I32_13_04.png,I32,Impulse noise,4,2.33,33.25,0,0,0,1,0
I32_13_05.png,I32,Impulse noise,5,2.0,25.0,0,0,0,1,1
I32_10_01.png,I32,JPEG,1,4.03,75.75,0,0,0,0,0
I32_10_02.png,I32,JPEG,2,3.97,74.25,0,0,0,0,0
I32_10_03.png,I32,JPEG,3,3.27,56.75,0,0,0,0,1
I32_10_04.png,I32,JPEG,4,1.7,17.5,0,0,0,0,1
I32_10_05.png,I32,JPEG,5,1.23,5.75,0,0,0,0,1
I32_09_01.png,I32,JPEG2000,1,4.47,86.75,0,0,0,0,0
I32_09_02.png,I32,JPEG2000,2,4.27,81.75,0,0,0,0,0
I32_09_03.png,I32,JPEG2000,3,3.87,71.75,0,0,0,0,1
I32_09_04.png,I32,JPEG2000,4,2.1,27.5,0,0,0,0,1
I32_09_05.png,I32,JPEG2000,5,1.23,5.75,0,0,0,0,1
I32_19_01.png,I32,Jitter,1,4.57,89.25,0,0,0,0,0
I32_19_02.png,I32,Jitter,2,4.1,77.5,0,0,0,0,0
I32_19_03.png,I32,Jitter,3,3.4,60.0,0,0,0,0,0
I32_19_04.png,I32,Jitter,4,2.0,25.0,0,0,0,0,0
I32_19_05.png,I32,Jitter,5,1.32,8.0,0,0,0,0,1
I32_02_01.png,I32,Lens blur,1,3.7,67.5,0,0,0,0,0
I32_02_02.png,I32,Lens blur,2,2.37,34.25,0,0,0,0,0
I32_02_03.png,I32,Lens blur,3,1.73,18.25,1,0,0,0,0
I32_02_04.png,I32,Lens blur,4,1.27,6.75,1,0,0,0,0
I32_02_05.png,I32,Lens blur,5,1.27,6.75,1,0,0,0,1
I32_18_01.png,I32,Mean shift,1,3.5,62.5,0,0,0,0,0
I32_18_02.png,I32,Mean shift,2,4.3,82.5,0,0,0,0,0
I32_18_03.png,I32,Mean shift,3,4.73,93.25,0,0,0,0,0
I32_18_04.png,I32,Mean shift,4,4.07,76.75,0,0,0,0,0
I32_18_05.png,I32,Mean shift,5,3.8,70.0,0,0,0,0,1
I32_03_01.png,I32,Motion blur,1,4.57,89.25,0,0,0,0,0
I32_03_02.png,I32,Motion blur,2,3.73,68.25,0,0,0,0,0
I32_03_03.png,I32,Motion blur,3,2.77,44.25,1,0,0,0,0
I32_03_04.png,I32,Motion blur,4,1.93,23.25,1,0,0,0,0
I32_03_05.png,I32,Motion blur,5,1.6,15.0,1,0,0,0,1
I32_14_01.png,I32,Multiplicative noise,1,3.8,70.0,0,0,0,0,0
I32_14_02.png,I32,Multiplicative noise,2,2.43,35.75,0,0,0,0,0
I32_14_03.png,I32,Multiplicative noise,3,2.27,31.75,0,0,0,1,0
I32_14_04.png,I32,Multiplicative noise,4,2.0,25.0,0,0,0,1,0
I32_14_05.png,I32,Multiplicative noise,5,1.5,12.5,0,0,0,1,1
I32_20_01.png,I32,Non-eccentricity patch,1,3.2,55.0,0,0,0,0,0
I32_20_02.png,I32,Non-eccentricity patch,2,3.87,71.75,0,0,0,0,0
I32_20_03.png,I32,Non-eccentricity patch,3,4.1,77.5,0,0,0,0,0
I32_20_04.png,I32,Non-eccentricity patch,4,2.33,33.25,0,0,0,0,0
I32_20_05.png,I32,Non-eccentricity patch,5,3.63,65.75,0,0,0,0,1
I32_21_01.png,I32,Pixelate,1,3.37,59.25,0,0,0,0,0
I32_21_02.png,I32,Pixelate,2,2.71,42.75,0,0,0,0,0
I32_21_03.png,I32,Pixelate,3,3.03,50.75,0,0,0,0,0
I32_21_04.png,I32,Pixelate,4,2.42,35.5,0,0,0,0,0
I32_21_05.png,I32,Pixelate,5,1.4,10.0,0,0,0,0,1
I32_22_01.png,I32,Quantization,1,4.3,82.5,0,0,0,0,0
I32_22_02.png,I32,Quantization,2,4.13,78.25,0,0,0,0,0
I32_22_03.png,I32,Quantization,3,3.7,67.5,0,0,0,0,0
I32_22_04.png,I32,Quantization,4,2.97,49.25,0,0,0,0,0
I32_22_05.png,I32,Quantization,5,1.7,17.5,0,0,0,0,1
I32_11_01.png,I32,White noise,1,3.27,56.75,0,0,0,0,0
I32_11_02.png,I32,White noise,2,2.73,43.25,0,0,0,0,0
I32_11_03.png,I32,White noise,3,2.5,37.5,0,0,0,1,0
I32_11_04.png,I32,White noise,4,2.3,32.5,0,0,0,1,0
I32_11_05.png,I32,White noise,5,1.9,22.5,0,0,0,1,1
I32_12_01.png,I32,White noise in color component,1,3.97,74.25,0,0,0,0,0
I32_12_02.png,I32,White noise in color component,2,3.03,50.75,0,0,0,0,0
I32_12_03.png,I32,White noise in color component,3,2.47,36.75,0,0,0,1,0
I32_12_04.png,I32,White noise in color component,4,2.2,30.0,0,0,0,1,0
I32_12_05.png,I32,White noise in color component,5,2.1,27.5,0,0,0,1,1
I32.png,I32,none,0,,100.0,0,0,0,0,0
I33_16_01.png,I33,Brighten,1,4.4,85.0,0,0,0,0,0
I33_16_02.png,I33,Brighten,2,3.83,70.75,0,0,0,0,0
I33_16_03.png,I33,Brighten,3,3.17,54.25,0,0,1,0,0
I33_16_04.png,I33,Brighten,4,2.33,33.25,0,0,1,0,0
I33_16_05.png,I33,Brighten,5,1.4,10.0,0,0,1,0,1
I33_23_01.png,I33,Color block,1,2.9,47.5,0,0,0,0,0
I33_23_02.png,I33,Color block,2,2.2,30.0,0,0,0,0,0
I33_23_03.png,I33,Color block,3,2.53,38.25,0,0,0,0,1
I33_23_04.png,I33,Color block,4,1.93,23.25,0,0,0,0,1
I33_23_05.png,I33,Color block,5,2.37,34.25,0,0,0,0,1
I33_04_01.png,I33,Color diffusion,1,4.57,89.25,0,0,0,0,0
I33_04_02.png,I33,Color diffusion,2,2.7,42.5,0,0,0,0,0
I33_04_03.png,I33,Color diffusion,3,1.8,20.0,0,0,0,0,0
I33_04_04.png,I33,Color diffusion,4,1.47,11.75,0,0,0,0,0
I33_04_05.png,I33,Color diffusion,5,1.4,10.0,0,0,0,0,1
I33_06_01.png,I33,Color quantization,1,4.1,77.5,0,0,0,0,0
I33_06_02.png,I33,Color quantization,2,4.03,75.75,0,0,0,0,0
I33_06_03.png,I33,Color quantization,3,3.97,74.25,0,0,0,0,1
I33_06_04.png,I33,Color quantization,4,3.1,52.5,0,0,0,0,1
I33_06_05.png,I33,Color quantization,5,2.83,45.75,0,0,0,0,1
I33_07_01.png,I33,Color saturation 1,1,2.77,44.25,0,0,0,0,0
I33_07_02.png,I33,Color saturation 1,2,2.4,35.0,0,0,0,0,0
I33_07_03.png,I33,Color saturation 1,3,2.67,41.75,0,0,0,0,0
I33_07_04.png,I33,Color saturation 1,4,2.27,31.75,0,0,0,0,0
I33_07_05.png,I33,Color saturation 1,5,1.9,22.5,0,0,0,0,1
I33_08_01.png,I33,Color saturation 2,1,4.43,85.75,0,0,0,0,0
I33_08_02.png,I33,Color saturation 2,2,3.37,59.25,0,0,0,0,0
I33_08_03.png,I33,Color saturation 2,3,2.23,30.75,0,0,0,0,0
I33_08_04.png,I33,Color saturation 2,4,2.13,28.25,0,0,0,0,0
I33_08_05.png,I33,Color saturation 2,5,1.47,11.75,0,0,0,0,1
I33_05_01.png,I33,Color shift,1,4.07,76.75,0,0,0,0,0
I33_05_02.png,I33,Color shift,2,2.0,25.0,0,0,0,0,0
I33_05_03.png,I33,Color shift,3,1.73,18.25,0,0,0,0,0
I33_05_04.png,I33,Color shift,4,1.33,8.25,0,0,0,0,0
I33_05_05.png,I33,Color shift,5,1.37,9.25,0,0,0,0,1
I33_25_01.png,I33,Contrast change,1,3.2,55.0,0,0,0,0,0
I33_25_02.png,I33,Contrast change,2,4.0,75.0,0,0,0,0,0
I33_25_03.png,I33,Contrast change,3,4.37,84.25,0,0,0,0,0
I33_25_04.png,I33,Contrast change,4,4.23,80.75,0,0,0,0,0
I33_25_05.png,I33,Contrast change,5,3.3,57.5,0,0,0,0,1
I33_17_01.png,I33,Darken,1,4.37,84.25,0,0,0,0,0
I33_17_02.png,I33,Darken,2,4.43,85.75,0,0,0,0,0
I33_17_03.png,I33,Darken,3,4.23,80.75,0,1,0,0,0
I33_17_04.png,I33,Darken,4,3.77,69.25,0,1,0,0,0
I33_17_05.png,I33,Darken,5,2.23,30.75,0,1,0,0,1
I33_15_01.png,I33,Denoise,1,3.5,62.5,0,0,0,0,0
I33_15_02.png,I33,Denoise,2,2.23,30.75,0,0,0,0,0
I33_15_03.png,I33,Denoise,3,1.93,23.25,0,0,0,1,0
I33_15_04.png,I33,Denoise,4,1.3,7.5,0,0,0,1,0
I33_15_05.png,I33,Denoise,5,1.33,8.25,0,0,0,1,1
I33_01_01.png,I33,Gaussian blur,1,4.4,85.0,0,0,0,0,0
I33_01_02.png,I33,Gaussian blur,2,3.9,72.5,0,0,0,0,0
I33_01_03.png,I33,Gaussian blur,3,2.33,33.25,1,0,0,0,0
I33_01_04.png,I33,Gaussian blur,4,1.57,14.25,1,0,0,0,0
I33_01_05.png,I33,Gaussian blur,5,1.3,7.5,1,0,0,0,1
I33_24_01.png,I33,High sharpen,1,2.6,40.0,0,0,0,0,0
I33_24_02.png,I33,High sharpen,2,2.42,35.5,0,0,0,0,0
I33_24_03.png,I33,High sharpen,3,1.7,17.5,0,0,0,0,0
I33_24_04.png,I33,High sharpen,4,1.47,11.75,0,0,0,0,0
I33_24_05.png,I33,High sharpen,5,1.17,4.25,0,0,0,0,1
I33_13_01.png,I33,Impulse noise,1,3.57,64.25,0,0,0,0,0
I33_13_02.png,I33,Impulse noise,2,2.87,46.75,0,0,0,0,0
I33_13_03.png,I33,Impulse noise,3,2.3,32.5,0,0,0,1,0
I33_13_04.png,I33,Impulse noise,4,2.33,33.25,0,0,0,1,0
I33_13_05.png,I33,Impulse noise,5,1.93,23.25,0,0,0,1,1
I33_10_01.png,I33,JPEG,1,3.9,72.5,0,0,0,0,0
I33_10_02.png,I33,JPEG,2,4.1,77.5,0,0,0,0,0
I33_10_03.png,I33,JPEG,3,3.6,65.0,0,0,0,0,1
I33_10_04.png,I33,JPEG,4,1.47,11.75,0,0,0,0,1
I33_10_05.png,I33,JPEG,5,1.3,7.5,0,0,0,0,1
I33_09_01.png,I33,JPEG2000,1,4.5,87.5,0,0,0,0,0
I33_09_02.png,I33,JPEG2000,2,3.97,74.25,0,0,0,0,0
I33_09_03.png,I33,JPEG2000,3,3.87,71.75,0,0,0,0,1
I33_09_04.png,I33,JPEG2000,4,1.83,20.75,0,0,0,0,1
I33_09_05.png,I33,JPEG2000,5,1.33,8.25,0,0,0,0,1
I33_19_01.png,I33,Jitter,1,4.3,82.5,0,0,0,0,0
I33_19_02.png,I33,Jitter,2,3.9,72.5,0,0,0,0,0
I33_19_03.png,I33,Jitter,3,3.0,50.0,0,0,0,0,0
I33_19_04.png,I33,Jitter,4,1.43,10.75,0,0,0,0,0
I33_19_05.png,I33,Jitter,5,1.13,3.25,0,0,0,0,1
I33_02_01.png,I33,Lens blur,1,3.4,60.0,0,0,0,0,0
I33_02_02.png,I33,Lens blur,2,2.47,36.75,0,0,0,0,0
I33_02_03.png,I33,Lens blur,3,1.47,11.75,1,0,0,0,0
I33_02_04.png,I33,Lens blur,4,1.33,8.25,1,0,0,0,0
I33_02_05.png,I33,Lens blur,5,1.17,4.25,1,0,0,0,1
I33_18_01.png,I33,Mean shift,1,3.7,67.5,0,0,0,0,0
I33_18_02.png,I33,Mean shift,2,4.23,80.75,0,0,0,0,0
I33_18_03.png,I33,Mean shift,3,4.6,90.0,0,0,0,0,0
I33_18_04.png,I33,Mean shift,4,4.23,80.75,0,0,0,0,0
I33_18_05.png,I33,Mean shift,5,4.03,75.75,0,0,0,0,1
I33_03_01.png,I33,Motion blur,1,4.57,89.25,0,0,0,0,0
I33_03_02.png,I33,Motion blur,2,3.7,67.5,0,0,0,0,0
I33_03_03.png,I33,Motion blur,3,2.33,33.25,1,0,0,0,0
I33_03_04.png,I33,Motion blur,4,1.97,24.25,1,0,0,0,0
I33_03_05.png,I33,Motion blur,5,1.6,15.0,1,0,0,0,1
I33_14_01.png,I33,Multiplicative noise,1,3.77,69.25,0,0,0,0,0
I33_14_02.png,I33,Multiplicative noise,2,3.17,54.25,0,0,0,0,0
I33_14_03.png,I33,Multiplicative noise,3,2.07,26.75,0,0,0,1,0
I33_14_04.png,I33,Multiplicative noise,4,2.03,25.75,0,0,0,1,0
I33_14_05.png,I33,Multiplicative noise,5,1.7,17.5,0,0,0,1,1
I33_20_01.png,I33,Non-eccentricity patch,1,4.37,84.25,0,0,0,0,0
I33_20_02.png,I33,Non-eccentricity patch,2,4.33,83.25,0,0,0,0,0
I33_20_03.png,I33,Non-eccentricity patch,3,2.6,40.0,0,0,0,0,0
I33_20_04.png,I33,Non-eccentricity patch,4,3.3,57.5,0,0,0,0,0
I33_20_05.png,I33,Non-eccentricity patch,5,3.67,66.75,0,0,0,0,1
I33_21_01.png,I33,Pixelate,1,4.27,81.75,0,0,0,0,0
I33_21_02.png,I33,Pixelate,2,3.27,56.75,0,0,0,0,0
I33_21_03.png,I33,Pixelate,3,3.07,51.75,0,0,0,0,0
I33_21_04.png,I33,Pixelate,4,2.6,40.0,0,0,0,0,0
I33_21_05.png,I33,Pixelate,5,1.33,8.25,0,0,0,0,1
I33_22_01.png,I33,Quantization,1,3.73,68.25,0,0,0,0,0
I33_22_02.png,I33,Quantization,2,3.17,54.25,0,0,0,0,0
I33_22_03.png,I33,Quantization,3,2.87,46.75,0,0,0,0,0
I33_22_04.png,I33,Quantization,4,3.23,55.75,0,0,0,0,0
I33_22_05.png,I33,Quantization,5,1.9,22.5,0,0,0,0,1
I33_11_01.png,I33,White noise,1,3.47,61.75,0,0,0,0,0
I33_11_02.png,I33,White noise,2,2.77,44.25,0,0,0,0,0
I33_11_03.png,I33,White noise,3,2.87,46.75,0,0,0,1,0
I33_11_04.png,I33,White noise,4,2.27,31.75,0,0,0,1,0
I33_11_05.png,I33,White noise,5,2.2,30.0,0,0,0,1,1
I33_12_01.png,I33,White noise in color component,1,3.83,70.75,0,0,0,0,0
I33_12_02.png,I33,White noise in color component,2,3.07,51.75,0,0,0,0,0
I33_12_03.png,I33,White noise in color component,3,2.77,44.25,0,0,0,1,0
I33_12_04.png,I33,White noise in color component,4,2.63,40.75,0,0,0,1,0
I33_12_05.png,I33,White noise in color component,5,1.93,23.25,0,0,0,1,1
I33.png,I33,none,0,,100.0,0,0,0,0,0
I34_16_01.png,I34,Brighten,1,4.47,86.75,0,0,0,0,0
I34_16_02.png,I34,Brighten,2,4.2,80.0,0,0,0,0,0
I34_16_03.png,I34,Brighten,3,3.1,52.5,0,0,1,0,0
I34_16_04.png,I34,Brighten,4,2.13,28.25,0,0,1,0,0
I34_16_05.png,I34,Brighten,5,1.57,14.25,0,0,1,0,1
I34_23_01.png,I34,Color block,1,2.3,32.5,0,0,0,0,0
I34_23_02.png,I34,Color block,2,2.33,33.25,0,0,0,0,0
I34_23_03.png,I34,Color block,3,2.37,34.25,0,0,0,0,1
I34_23_04.png,I34,Color block,4,2.07,26.75,0,0,0,0,1
I34_23_05.png,I34,Color block,5,1.63,15.75,0,0,0,0,1
I34_04_01.png,I34,Color diffusion,1,4.6,90.0,0,0,0,0,0
I34_04_02.png,I34,Color diffusion,2,2.57,39.25,0,0,0,0,0
I34_04_03.png,I34,Color diffusion,3,1.83,20.75,0,0,0,0,0
I34_04_04.png,I34,Color diffusion,4,2.17,29.25,0,0,0,0,0
I34_04_05.png,I34,Color diffusion,5,1.23,5.75,0,0,0,0,1
I34_06_01.png,I34,Color quantization,1,4.23,80.75,0,0,0,0,0
I34_06_02.png,I34,Color quantization,2,4.0,75.0,0,0,0,0,0
I34_06_03.png,I34,Color quantization,3,3.97,74.25,0,0,0,0,1
I34_06_04.png,I34,Color quantization,4,3.87,71.75,0,0,0,0,1
I34_06_05.png,I34,Color quantization,5,2.4,35.0,0,0,0,0,1
I34_07_01.png,I34,Color saturation 1,1,2.87,46.75,0,0,0,0,0
I34_07_02.png,I34,Color saturation 1,2,2.57,39.25,0,0,0,0,0
I34_07_03.png,I34,Color saturation 1,3,2.23,30.75,0,0,0,0,0
I34_07_04.png,I34,Color saturation 1,4,2.17,29.25,0,0,0,0,0
I34_07_05.png,I34,Color saturation 1,5,2.81,45.25,0,0,0,0,1
I34_08_01.png,I34,Color saturation 2,1,4.67,91.75,0,0,0,0,0
I34_08_02.png,I34,Color saturation 2,2,3.03,50.75,0,0,0,0,0
I34_08_03.png,I34,Color saturation 2,3,2.6,40.0,0,0,0,0,0
I34_08_04.png,I34,Color saturation 2,4,1.8,20.0,0,0,0,0,0
I34_08_05.png,I34,Color saturation 2,5,1.37,9.25,0,0,0,0,1
I34_05_01.png,I34,Color shift,1,4.1,77.5,0,0,0,0,0
I34_05_02.png,I34,Color shift,2,2.93,48.25,0,0,0,0,0
I34_05_03.png,I34,Color shift,3,1.67,16.75,0,0,0,0,0
I34_05_04.png,I34,Color shift,4,1.63,15.75,0,0,0,0,0
I34_05_05.png,I34,Color shift,5,1.4,10.0,0,0,0,0,1
I34_25_01.png,I34,Contrast change,1,3.03,50.75,0,0,0,0,0
I34_25_02.png,I34,Contrast change,2,3.43,60.75,0,0,0,0,0
I34_25_03.png,I34,Contrast change,3,4.27,81.75,0,0,0,0,0
I34_25_04.png,I34,Contrast change,4,4.0,75.0,0,0,0,0,0
I34_25_05.png,I34,Contrast change,5,2.63,40.75,0,0,0,0,1
I34_17_01.png,I34,Darken,1,4.63,90.75,0,0,0,0,0
I34_17_02.png,I34,Darken,2,4.6,90.0,0,0,0,0,0
I34_17_03.png,I34,Darken,3,3.8,70.0,0,1,0,0,0
I34_17_04.png,I34,Darken,4,3.43,60.75,0,1,0,0,0
I34_17_05.png,I34,Darken,5,2.0,25.0,0,1,0,0,1
I34_15_01.png,I34,Denoise,1,3.13,53.25,0,0,0,0,0
I34_15_02.png,I34,Denoise,2,2.47,36.75,0,0,0,0,0
I34_15_03.png,I34,Denoise,3,1.87,21.75,0,0,0,1,0
I34_15_04.png,I34,Denoise,4,1.6,15.0,0,0,0,1,0
I34_15_05.png,I34,Denoise,5,1.4,10.0,0,0,0,1,1
I34_01_01.png,I34,Gaussian blur,1,4.6,90.0,0,0,0,0,0
I34_01_02.png,I34,Gaussian blur,2,4.37,84.25,0,0,0,0,0
I34_01_03.png,I34,Gaussian blur,3,2.97,49.25,1,0,0,0,0
I34_01_04.png,I34,Gaussian blur,4,1.7,17.5,1,0,0,0,0
I34_01_05.png,I34,Gaussian blur,5,1.3,7.5,1,0,0,0,1
I34_24_01.png,I34,High sharpen,1,3.7,67.5,0,0,0,0,0
I34_24_02.png,I34,High sharpen,2,2.83,45.75,0,0,0,0,0
I34_24_03.png,I34,High sharpen,3,2.43,35.75,0,0,0,0,0
I34_24_04.png,I34,High sharpen,4,1.6,15.0,0,0,0,0,0
I34_24_05.png,I34,High sharpen,5,1.27,6.75,0,0,0,0,1
I34_13_01.png,I34,Impulse noise,1,3.5,62.5,0,0,0,0,0
I34_13_02.png,I34,Impulse noise,2,2.57,39.25,0,0,0,0,0
I34_13_03.png,I34,Impulse noise,3,2.63,40.75,0,0,0,1,0
I34_13_04.png,I34,Impulse noise,4,2.07,26.75,0,0,0,1,0
I34_13_05.png,I34,Impulse noise,5,2.16,29.0,0,0,0,1,1
I34_10_01.png,I34,JPEG,1,4.5,87.5,0,0,0,0,0
I34_10_02.png,I34,JPEG,2,4.5,87.5,0,0,0,0,0
I34_10_03.png,I34,JPEG,3,3.8,70.0,0,0,0,0,1
I34_10_04.png,I34,JPEG,4,1.53,13.25,0,0,0,0,1
I34_10_05.png,I34,JPEG,5,1.17,4.25,0,0,0,0,1
I34_09_01.png,I34,JPEG2000,1,4.6,90.0,0,0,0,0,0
I34_09_02.png,I34,JPEG2000,2,4.23,80.75,0,0,0,0,0
I34_09_03.png,I34,JPEG2000,3,3.9,72.5,0,0,0,0,1
I34_09_04.png,I34,JPEG2000,4,2.58,39.5,0,0,0,0,1
I34_09_05.png,I34,JPEG2000,5,1.2,5.0,0,0,0,0,1
I34_19_01.png,I34,Jitter,1,4.4,85.0,0,0,0,0,0
I34_19_02.png,I34,Jitter,2,4.2,80.0,0,0,0,0,0
I34_19_03.png,I34,Jitter,3,3.65,66.25,0,0,0,0,0
I34_19_04.png,I34,Jitter,4,1.77,19.25,0,0,0,0,0
I34_19_05.png,I34,Jitter,5,1.37,9.25,0,0,0,0,1
I34_02_01.png,I34,Lens blur,1,3.83,70.75,0,0,0,0,0
I34_02_02.png,I34,Lens blur,2,2.67,41.75,0,0,0,0,0
I34_02_03.png,I34,Lens blur,3,1.8,20.0,1,0,0,0,0
I34_02_04.png,I34,Lens blur,4,1.37,9.25,1,0,0,0,0
I34_02_05.png,I34,Lens blur,5,1.33,8.25,1,0,0,0,1
I34_18_01.png,I34,Mean shift,1,3.83,70.75,0,0,0,0,0
I34_18_02.png,I34,Mean shift,2,4.63,90.75,0,0,0,0,0
I34_18_03.png,I34,Mean shift,3,4.66,91.5,0,0,0,0,0
I34_18_04.png,I34,Mean shift,4,4.33,83.25,0,0,0,0,0
I34_18_05.png,I34,Mean shift,5,3.67,66.75,0,0,0,0,1
I34_03_01.png,I34,Motion blur,1,4.43,85.75,0,0,0,0,0
I34_03_02.png,I34,Motion blur,2,4.03,75.75,0,0,0,0,0
I34_03_03.png,I34,Motion blur,3,2.9,47.5,1,0,0,0,0
I34_03_04.png,I34,Motion blur,4,2.17,29.25,1,0,0,0,0
I34_03_05.png,I34,Motion blur,5,1.7,17.5,1,0,0,0,1
I34_14_01.png,I34,Multiplicative noise,1,4.2,80.0,0,0,0,0,0
I34_14_02.png,I34,Multiplicative noise,2,3.27,56.75,0,0,0,0,0
I34_14_03.png,I34,Multiplicative noise,3,2.7,42.5,0,0,0,1,0
I34_14_04.png,I34,Multiplicative noise,4,2.63,40.75,0,0,0,1,0
I34_14_05.png,I34,Multiplicative noise,5,2.23,30.75,0,0,0,1,1
I34_20_01.png,I34,Non-eccentricity patch,1,4.5,87.5,0,0,0,0,0
I34_20_02.png,I34,Non-eccentricity patch,2,3.93,73.25,0,0,0,0,0
I34_20_03.png,I34,Non-eccentricity patch,3,4.07,76.75,0,0,0,0,0
I34_20_04.png,I34,Non-eccentricity patch,4,3.4,60.0,0,0,0,0,0
I34_20_05.png,I34,Non-eccentricity patch,5,3.4,60.0,0,0,0,0,1
I34_21_01.png,I34,Pixelate,1,4.17,79.25,0,0,0,0,0
I34_21_02.png,I34,Pixelate,2,3.4,60.0,0,0,0,0,0
I34_21_03.png,I34,Pixelate,3,2.83,45.75,0,0,0,0,0
I34_21_04.png,I34,Pixelate,4,2.67,41.75,0,0,0,0,0
I34_21_05.png,I34,Pixelate,5,1.5,12.5,0,0,0,0,1
I34_22_01.png,I34,Quantization,1,4.37,84.25,0,0,0,0,0
I34_22_02.png,I34,Quantization,2,4.47,86.75,0,0,0,0,0
I34_22_03.png,I34,Quantization,3,3.87,71.75,0,0,0,0,0
I34_22_04.png,I34,Quantization,4,3.43,60.75,0,0,0,0,0
I34_22_05.png,I34,Quantization,5,2.23,30.75,0,0,0,0,1
I34_11_01.png,I34,White noise,1,4.07,76.75,0,0,0,0,0
I34_11_02.png,I34,White noise,2,3.17,54.25,0,0,0,0,0
I34_11_03.png,I34,White noise,3,3.23,55.75,0,0,0,1,0
I34_11_04.png,I34,White noise,4,2.53,38.25,0,0,0,1,0
I34_11_05.png,I34,White noise,5,2.0,25.0,0,0,0,1,1
I34_12_01.png,I34,White noise in color component,1,4.43,85.75,0,0,0,0,0
I34_12_02.png,I34,White noise in color component,2,3.83,70.75,0,0,0,0,0
I34_12_03.png,I34,White noise in color component,3,2.97,49.25,0,0,0,1,0
I34_12_04.png,I34,White noise in color component,4,2.8,45.0,0,0,0,1,0
I34_12_05.png,I34,White noise in color component,5,2.33,33.25,0,0,0,1,1
I34.png,I34,none,0,,100.0,0,0,0,0,0
I35_16_01.png,I35,Brighten,1,4.73,93.25,0,0,0,0,0
I35_16_02.png,I35,Brighten,2,4.7,92.5,0,0,0,0,0
I35_16_03.png,I35,Brighten,3,3.8,70.0,0,0,1,0,0
I35_16_04.png,I35,Brighten,4,2.57,39.25,0,0,1,0,0
I35_16_05.png,I35,Brighten,5,1.73,18.25,0,0,1,0,1
I35_23_01.png,I35,Color block,1,2.6,40.0,0,0,0,0,0
I35_23_02.png,I35,Color block,2,3.17,54.25,0,0,0,0,0
I35_23_03.png,I35,Color block,3,2.63,40.75,0,0,0,0,1
I35_23_04.png,I35,Color block,4,2.57,39.25,0,0,0,0,1
I35_23_05.png,I35,Color block,5,2.3,32.5,0,0,0,0,1
I35_04_01.png,I35,Color diffusion,1,4.63,90.75,0,0,0,0,0
I35_04_02.png,I35,Color diffusion,2,2.43,35.75,0,0,0,0,0
I35_04_03.png,I35,Color diffusion,3,1.8,20.0,0,0,0,0,0
I35_04_04.png,I35,Color diffusion,4,1.97,24.25,0,0,0,0,0
I35_04_05.png,I35,Color diffusion,5,1.77,19.25,0,0,0,0,1
I35_06_01.png,I35,Color quantization,1,4.17,79.25,0,0,0,0,0
I35_06_02.png,I35,Color quantization,2,3.93,73.25,0,0,0,0,0
I35_06_03.png,I35,Color quantization,3,3.47,61.75,0,0,0,0,1
I35_06_04.png,I35,Color quantization,4,2.97,49.25,0,0,0,0,1
I35_06_05.png,I35,Color quantization,5,2.7,42.5,0,0,0,0,1
I35_07_01.png,I35,Color saturation 1,1,2.93,48.25,0,0,0,0,0
I35_07_02.png,I35,Color saturation 1,2,2.27,31.75,0,0,0,0,0
I35_07_03.png,I35,Color saturation 1,3,2.07,26.75,0,0,0,0,0
I35_07_04.png,I35,Color saturation 1,4,2.43,35.75,0,0,0,0,0
I35_07_05.png,I35,Color saturation 1,5,2.47,36.75,0,0,0,0,1
I35_08_01.png,I35,Color saturation 2,1,4.5,87.5,0,0,0,0,0
I35_08_02.png,I35,Color saturation 2,2,3.83,70.75,0,0,0,0,0
I35_08_03.png,I35,Color saturation 2,3,2.87,46.75,0,0,0,0,0
I35_08_04.png,I35,Color saturation 2,4,2.43,35.75,0,0,0,0,0
I35_08_05.png,I35,Color saturation 2,5,1.47,11.75,0,0,0,0,1
I35_05_01.png,I35,Color shift,1,4.23,80.75,0,0,0,0,0
I35_05_02.png,I35,Color shift,2,3.4,60.0,0,0,0,0,0
I35_05_03.png,I35,Color shift,3,2.3,32.5,0,0,0,0,0
I35_05_04.png,I35,Color shift,4,2.63,40.75,0,0,0,0,0
I35_05_05.png,I35,Color shift,5,2.8,45.0,0,0,0,0,1
I35_25_01.png,I35,Contrast change,1,3.53,63.25,0,0,0,0,0
I35_25_02.png,I35,Contrast change,2,4.37,84.25,0,0,0,0,0
I35_25_03.png,I35,Contrast change,3,4.6,90.0,0,0,0,0,0
I35_25_04.png,I35,Contrast change,4,4.47,86.75,0,0,0,0,0
I35_25_05.png,I35,Contrast change,5,3.8,70.0,0,0,0,0,1
I35_17_01.png,I35,Darken,1,4.8,95.0,0,0,0,0,0
I35_17_02.png,I35,Darken,2,4.77,94.25,0,0,0,0,0
I35_17_03.png,I35,Darken,3,4.63,90.75,0,1,0,0,0
I35_17_04.png,I35,Darken,4,4.13,78.25,0,1,0,0,0
I35_17_05.png,I35,Darken,5,2.57,39.25,0,1,0,0,1
I35_15_01.png,I35,Denoise,1,4.27,81.75,0,0,0,0,0
I35_15_02.png,I35,Denoise,2,3.13,53.25,0,0,0,0,0
I35_15_03.png,I35,Denoise,3,2.53,38.25,0,0,0,1,0
I35_15_04.png,I35,Denoise,4,2.1,27.5,0,0,0,1,0
I35_15_05.png,I35,Denoise,5,1.63,15.75,0,0,0,1,1
I35_01_01.png,I35,Gaussian blur,1,4.53,88.25,0,0,0,0,0
I35_01_02.png,I35,Gaussian blur,2,4.5,87.5,0,0,0,0,0
I35_01_03.png,I35,Gaussian blur,3,3.2,55.0,1,0,0,0,0
I35_01_04.png,I35,Gaussian blur,4,1.97,24.25,1,0,0,0,0
I35_01_05.png,I35,Gaussian blur,5,1.33,8.25,1,0,0,0,1
I35_24_01.png,I35,High sharpen,1,3.63,65.75,0,0,0,0,0
I35_24_02.png,I35,High sharpen,2,3.03,50.75,0,0,0,0,0
I35_24_03.png,I35,High sharpen,3,2.17,29.25,0,0,0,0,0
I35_24_04.png,I35,High sharpen,4,1.67,16.75,0,0,0,0,0
I35_24_05.png,I35,High sharpen,5,1.4,10.0,0,0,0,0,1
I35_13_01.png,I35,Impulse noise,1,3.53,63.25,0,0,0,0,0
I35_13_02.png,I35,Impulse noise,2,3.03,50.75,0,0,0,0,0
I35_13_03.png,I35,Impulse noise,3,2.73,43.25,0,0,0,1,0
I35_13_04.png,I35,Impulse noise,4,2.2,30.0,0,0,0,1,0
I35_13_05.png,I35,Impulse noise,5,2.3,32.5,0,0,0,1,1
I35_10_01.png,I35,JPEG,1,4.53,88.25,0,0,0,0,0
I35_10_02.png,I35,JPEG,2,4.43,85.75,0,0,0,0,0
I35_10_03.png,I35,JPEG,3,4.07,76.75,0,0,0,0,1
I35_10_04.png,I35,JPEG,4,1.8,20.0,0,0,0,0,1
I35_10_05.png,I35,JPEG,5,1.47,11.75,0,0,0,0,1
I35_09_01.png,I35,JPEG2000,1,4.77,94.25,0,0,0,0,0
I35_09_02.png,I35,JPEG2000,2,4.73,93.25,0,0,0,0,0
I35_09_03.png,I35,JPEG2000,3,4.0,75.0,0,0,0,0,1
I35_09_04.png,I35,JPEG2000,4,2.53,38.25,0,0,0,0,1
I35_09_05.png,I35,JPEG2000,5,1.3,7.5,0,0,0,0,1
I35_19_01.png,I35,Jitter,1,4.67,91.75,0,0,0,0,0
I35_19_02.png,I35,Jitter,2,4.43,85.75,0,0,0,0,0
I35_19_03.png,I35,Jitter,3,3.47,61.75,0,0,0,0,0
I35_19_04.png,I35,Jitter,4,2.17,29.25,0,0,0,0,0
I35_19_05.png,I35,Jitter,5,1.53,13.25,0,0,0,0,1
I35_02_01.png,I35,Lens blur,1,4.33,83.25,0,0,0,0,0
I35_02_02.png,I35,Lens blur,2,3.03,50.75,0,0,0,0,0
I35_02_03.png,I35,Lens blur,3,1.9,22.5,1,0,0,0,0
I35_02_04.png,I35,Lens blur,4,1.37,9.25,1,0,0,0,0
I35_02_05.png,I35,Lens blur,5,1.5,12.5,1,0,0,0,1
I35_18_01.png,I35,Mean shift,1,4.23,80.75,0,0,0,0,0
I35_18_02.png,I35,Mean shift,2,4.7,92.5,0,0,0,0,0
I35_18_03.png,I35,Mean shift,3,4.73,93.25,0,0,0,0,0
I35_18_04.png,I35,Mean shift,4,4.6,90.0,0,0,0,0,0
I35_18_05.png,I35,Mean shift,5,4.4,85.0,0,0,0,0,1
I35_03_01.png,I35,Motion blur,1,4.7,92.5,0,0,0,0,0
I35_03_02.png,I35,Motion blur,2,4.53,88.25,0,0,0,0,0
I35_03_03.png,I35,Motion blur,3,2.97,49.25,1,0,0,0,0
I35_03_04.png,I35,Motion blur,4,2.47,36.75,1,0,0,0,0
I35_03_05.png,I35,Motion blur,5,1.9,22.5,1,0,0,0,1
I35_14_01.png,I35,Multiplicative noise,1,4.27,81.75,0,0,0,0,0
I35_14_02.png,I35,Multiplicative noise,2,3.23,55.75,0,0,0,0,0
I35_14_03.png,I35,Multiplicative noise,3,2.77,44.25,0,0,0,1,0
I35_14_04.png,I35,Multiplicative noise,4,2.6,40.0,0,0,0,1,0
I35_14_05.png,I35,Multiplicative noise,5,2.0,25.0,0,0,0,1,1
I35_20_01.png,I35,Non-eccentricity patch,1,4.67,91.75,0,0,0,0,0
I35_20_02.png,I35,Non-eccentricity patch,2,3.87,71.75,0,0,0,0,0
I35_20_03.png,I35,Non-eccentricity patch,3,3.81,70.25,0,0,0,0,0
I35_20_04.png,I35,Non-eccentricity patch,4,3.67,66.75,0,0,0,0,0
I35_20_05.png,I35,Non-eccentricity patch,5,3.13,53.25,0,0,0,0,1
I35_21_01.png,I35,Pixelate,1,4.37,84.25,0,0,0,0,0
I35_21_02.png,I35,Pixelate,2,3.37,59.25,0,0,0,0,0
I35_21_03.png,I35,Pixelate,3,3.43,60.75,0,0,0,0,0
I35_21_04.png,I35,Pixelate,4,2.93,48.25,0,0,0,0,0
I35_21_05.png,I35,Pixelate,5,1.55,13.75,0,0,0,0,1
I35_22_01.png,I35,Quantization,1,3.83,70.75,0,0,0,0,0
I35_22_02.png,I35,Quantization,2,3.93,73.25,0,0,0,0,0
I35_22_03.png,I35,Quantization,3,3.13,53.25,0,0,0,0,0
I35_22_04.png,I35,Quantization,4,3.0,50.0,0,0,0,0,0
I35_22_05.png,I35,Quantization,5,2.37,34.25,0,0,0,0,1
I35_11_01.png,I35,White noise,1,3.8,70.0,0,0,0,0,0
I35_11_02.png,I35,White noise,2,3.23,55.75,0,0,0,0,0
I35_11_03.png,I35,White noise,3,3.2,55.0,0,0,0,1,0
I35_11_04.png,I35,White noise,4,2.47,36.75,0,0,0,1,0
I35_11_05.png,I35,White noise,5,2.4,35.0,0,0,0,1,1
I35_12_01.png,I35,White noise in color component,1,4.47,86.75,0,0,0,0,0
I35_12_02.png,I35,White noise in color component,2,3.63,65.75,0,0,0,0,0
I35_12_03.png,I35,White noise in color component,3,2.7,42.5,0,0,0,1,0
I35_12_04.png,I35,White noise in color component,4,2.6,40.0,0,0,0,1,0
I35_12_05.png,I35,White noise in color component,5,2.17,29.25,0,0,0,1,1
I35.png,I35,none,0,,100.0,0,0,0,0,0
I36_16_01.png,I36,Brighten,1,4.77,94.25,0,0,0,0,0
I36_16_02.png,I36,Brighten,2,4.67,91.75,0,0,0,0,0
I36_16_03.png,I36,Brighten,3,4.17,79.25,0,0,1,0,0
I36_16_04.png,I36,Brighten,4,3.53,63.25,0,0,1,0,0
I36_16_05.png,I36,Brighten,5,2.5,37.5,0,0,1,0,1
I36_23_01.png,I36,Color block,1,2.7,42.5,0,0,0,0,0
I36_23_02.png,I36,Color block,2,2.37,34.25,0,0,0,0,0
I36_23_03.png,I36,Color block,3,2.83,45.75,0,0,0,0,1
I36_23_04.png,I36,Color block,4,1.83,20.75,0,0,0,0,1
I36_23_05.png,I36,Color block,5,2.13,28.25,0,0,0,0,1
I36_04_01.png,I36,Color diffusion,1,4.53,88.25,0,0,0,0,0
I36_04_02.png,I36,Color diffusion,2,1.9,22.5,0,0,0,0,0
I36_04_03.png,I36,Color diffusion,3,1.29,7.25,0,0,0,0,0
I36_04_04.png,I36,Color diffusion,4,1.13,3.25,0,0,0,0,0
I36_04_05.png,I36,Color diffusion,5,1.2,5.0,0,0,0,0,1
I36_06_01.png,I36,Color quantization,1,4.2,80.0,0,0,0,0,0
I36_06_02.png,I36,Color quantization,2,4.23,80.75,0,0,0,0,0
I36_06_03.png,I36,Color quantization,3,4.03,75.75,0,0,0,0,1
I36_06_04.png,I36,Color quantization,4,3.23,55.75,0,0,0,0,1
I36_06_05.png,I36,Color quantization,5,2.87,46.75,0,0,0,0,1
I36_07_01.png,I36,Color saturation 1,1,2.47,36.75,0,0,0,0,0
I36_07_02.png,I36,Color saturation 1,2,1.93,23.25,0,0,0,0,0
I36_07_03.png,I36,Color saturation 1,3,2.03,25.75,0,0,0,0,0
I36_07_04.png,I36,Color saturation 1,4,2.4,35.0,0,0,0,0,0
I36_07_05.png,I36,Color saturation 1,5,2.1,27.5,0,0,0,0,1
I36_08_01.png,I36,Color saturation 2,1,4.73,93.25,0,0,0,0,0
I36_08_02.png,I36,Color saturation 2,2,3.23,55.75,0,0,0,0,0
I36_08_03.png,I36,Color saturation 2,3,2.3,32.5,0,0,0,0,0
I36_08_04.png,I36,Color saturation 2,4,1.8,20.0,0,0,0,0,0
I36_08_05.png,I36,Color saturation 2,5,1.73,18.25,0,0,0,0,1
I36_05_01.png,I36,Color shift,1,4.7,92.5,0,0,0,0,0
I36_05_02.png,I36,Color shift,2,3.87,71.75,0,0,0,0,0
I36_05_03.png,I36,Color shift,3,2.7,42.5,0,0,0,0,0
I36_05_04.png,I36,Color shift,4,2.87,46.75,0,0,0,0,0
I36_05_05.png,I36,Color shift,5,2.8,45.0,0,0,0,0,1
I36_25_01.png,I36,Contrast change,1,3.87,71.75,0,0,0,0,0
I36_25_02.png,I36,Contrast change,2,4.2,80.0,0,0,0,0,0
I36_25_03.png,I36,Contrast change,3,4.6,90.0,0,0,0,0,0
I36_25_04.png,I36,Contrast change,4,4.4,85.0,0,0,0,0,0
I36_25_05.png,I36,Contrast change,5,4.1,77.5,0,0,0,0,1
I36_17_01.png,I36,Darken,1,4.77,94.25,0,0,0,0,0
I36_17_02.png,I36,Darken,2,4.63,90.75,0,0,0,0,0
I36_17_03.png,I36,Darken,3,4.5,87.5,0,1,0,0,0
I36_17_04.png,I36,Darken,4,3.5,62.5,0,1,0,0,0
I36_17_05.png,I36,Darken,5,1.93,23.25,0,1,0,0,1
I36_15_01.png,I36,Denoise,1,4.23,80.75,0,0,0,0,0
I36_15_02.png,I36,Denoise,2,3.23,55.75,0,0,0,0,0
I36_15_03.png,I36,Denoise,3,2.43,35.75,0,0,0,1,0
I36_15_04.png,I36,Denoise,4,1.43,10.75,0,0,0,1,0
I36_15_05.png,I36,Denoise,5,1.42,10.5,0,0,0,1,1
I36_01_01.png,I36,Gaussian blur,1,4.63,90.75,0,0,0,0,0
I36_01_02.png,I36,Gaussian blur,2,4.53,88.25,0,0,0,0,0
I36_01_03.png,I36,Gaussian blur,3,3.5,62.5,1,0,0,0,0
I36_01_04.png,I36,Gaussian blur,4,2.1,27.5,1,0,0,0,0
I36_01_05.png,I36,Gaussian blur,5,1.27,6.75,1,0,0,0,1
I36_24_01.png,I36,High sharpen,1,3.9,72.5,0,0,0,0,0
I36_24_02.png,I36,High sharpen,2,2.9,47.5,0,0,0,0,0
I36_24_03.png,I36,High sharpen,3,2.47,36.75,0,0,0,0,0
I36_24_04.png,I36,High sharpen,4,1.4,10.0,0,0,0,0,0
I36_24_05.png,I36,High sharpen,5,1.33,8.25,0,0,0,0,1
I36_13_01.png,I36,Impulse noise,1,3.5,62.5,0,0,0,0,0
I36_13_02.png,I36,Impulse noise,2,2.67,41.75,0,0,0,0,0
I36_13_03.png,I36,Impulse noise,3,2.47,36.75,0,0,0,1,0
I36_13_04.png,I36,Impulse noise,4,2.23,30.75,0,0,0,1,0
I36_13_05.png,I36,Impulse noise,5,1.94,23.5,0,0,0,1,1
I36_10_01.png,I36,JPEG,1,4.33,83.25,0,0,0,0,0
I36_10_02.png,I36,JPEG,2,4.43,85.75,0,0,0,0,0
I36_10_03.png,I36,JPEG,3,4.17,79.25,0,0,0,0,1
I36_10_04.png,I36,JPEG,4,2.07,26.75,0,0,0,0,1
I36_10_05.png,I36,JPEG,5,1.43,10.75,0,0,0,0,1
I36_09_01.png,I36,JPEG2000,1,4.8,95.0,0,0,0,0,0
I36_09_02.png,I36,JPEG2000,2,4.27,81.75,0,0,0,0,0
I36_09_03.png,I36,JPEG2000,3,3.67,66.75,0,0,0,0,1
I36_09_04.png,I36,JPEG2000,4,1.97,24.25,0,0,0,0,1
I36_09_05.png,I36,JPEG2000,5,1.43,10.75,0,0,0,0,1
I36_19_01.png,I36,Jitter,1,4.77,94.25,0,0,0,0,0
I36_19_02.png,I36,Jitter,2,3.8,70.0,0,0,0,0,0
I36_19_03.png,I36,Jitter,3,3.07,51.75,0,0,0,0,0
I36_19_04.png,I36,Jitter,4,1.7,17.5,0,0,0,0,0
I36_19_05.png,I36,Jitter,5,1.37,9.25,0,0,0,0,1
I36_02_01.png,I36,Lens blur,1,4.23,80.75,0,0,0,0,0
I36_02_02.png,I36,Lens blur,2,3.07,51.75,0,0,0,0,0
I36_02_03.png,I36,Lens blur,3,2.07,26.75,1,0,0,0,0
I36_02_04.png,I36,Lens blur,4,1.57,14.25,1,0,0,0,0
I36_02_05.png,I36,Lens blur,5,1.26,6.5,1,0,0,0,1
I36_18_01.png,I36,Mean shift,1,4.57,89.25,0,0,0,0,0
I36_18_02.png,I36,Mean shift,2,4.77,94.25,0,0,0,0,0
I36_18_03.png,I36,Mean shift,3,4.67,91.75,0,0,0,0,0
I36_18_04.png,I36,Mean shift,4,4.3,82.5,0,0,0,0,0
I36_18_05.png,I36,Mean shift,5,4.27,81.75,0,0,0,0,1
I36_03_01.png,I36,Motion blur,1,4.7,92.5,0,0,0,0,0
I36_03_02.png,I36,Motion blur,2,4.5,87.5,0,0,0,0,0
I36_03_03.png,I36,Motion blur,3,3.13,53.25,1,0,0,0,0
I36_03_04.png,I36,Motion blur,4,2.07,26.75,1,0,0,0,0
I36_03_05.png,I36,Motion blur,5,2.03,25.75,1,0,0,0,1
I36_14_01.png,I36,Multiplicative noise,1,4.73,93.25,0,0,0,0,0
I36_14_02.png,I36,Multiplicative noise,2,3.93,73.25,0,0,0,0,0
I36_14_03.png,I36,Multiplicative noise,3,3.33,58.25,0,0,0,1,0
I36_14_04.png,I36,Multiplicative noise,4,3.17,54.25,0,0,0,1,0
I36_14_05.png,I36,Multiplicative noise,5,2.2,30.0,0,0,0,1,1
I36_20_01.png,I36,Non-eccentricity patch,1,4.67,91.75,0,0,0,0,0
I36_20_02.png,I36,Non-eccentricity patch,2,4.2,80.0,0,0,0,0,0
I36_20_03.png,I36,Non-eccentricity patch,3,4.6,90.0,0,0,0,0,0
I36_20_04.png,I36,Non-eccentricity patch,4,3.63,65.75,0,0,0,0,0
I36_20_05.png,I36,Non-eccentricity patch,5,3.63,65.75,0,0,0,0,1
I36_21_01.png,I36,Pixelate,1,4.27,81.75,0,0,0,0,0
I36_21_02.png,I36,Pixelate,2,3.67,66.75,0,0,0,0,0
I36_21_03.png,I36,Pixelate,3,3.1,52.5,0,0,0,0,0
I36_21_04.png,I36,Pixelate,4,3.07,51.75,0,0,0,0,0
I36_21_05.png,I36,Pixelate,5,1.5,12.5,0,0,0,0,1
I36_22_01.png,I36,Quantization,1,4.6,90.0,0,0,0,0,0
I36_22_02.png,I36,Quantization,2,4.6,90.0,0,0,0,0,0
I36_22_03.png,I36,Quantization,3,4.67,91.75,0,0,0,0,0
I36_22_04.png,I36,Quantization,4,4.37,84.25,0,0,0,0,0
I36_22_05.png,I36,Quantization,5,3.5,62.5,0,0,0,0,1
I36_11_01.png,I36,White noise,1,4.5,87.5,0,0,0,0,0
I36_11_02.png,I36,White noise,2,3.43,60.75,0,0,0,0,0
I36_11_03.png,I36,White noise,3,2.97,49.25,0,0,0,1,0
I36_11_04.png,I36,White noise,4,3.1,52.5,0,0,0,1,0
I36_11_05.png,I36,White noise,5,2.27,31.75,0,0,0,1,1
I36_12_01.png,I36,White noise in color component,1,4.73,93.25,0,0,0,0,0
I36_12_02.png,I36,White noise in color component,2,4.03,75.75,0,0,0,0,0
I36_12_03.png,I36,White noise in color component,3,3.4,60.0,0,0,0,1,0
I36_12_04.png,I36,White noise in color component,4,2.57,39.25,0,0,0,1,0
I36_12_05.png,I36,White noise in color component,5,2.53,38.25,0,0,0,1,1
I36.png,I36,none,0,,100.0,0,0,0,0,0
I37_16_01.png,I37,Brighten,1,4.43,85.75,0,0,0,0,0
I37_16_02.png,I37,Brighten,2,4.27,81.75,0,0,0,0,0
I37_16_03.png,I37,Brighten,3,3.1,52.5,0,0,1,0,0
I37_16_04.png,I37,Brighten,4,2.43,35.75,0,0,1,0,0
I37_16_05.png,I37,Brighten,5,1.23,5.75,0,0,1,0,1
I37_23_01.png,I37,Color block,1,2.73,43.25,0,0,0,0,0
I37_23_02.png,I37,Color block,2,2.37,34.25,0,0,0,0,0
I37_23_03.png,I37,Color block,3,2.2,30.0,0,0,0,0,1
I37_23_04.png,I37,Color block,4,2.17,29.25,0,0,0,0,1
I37_23_05.png,I37,Color block,5,2.1,27.5,0,0,0,0,1
I37_04_01.png,I37,Color diffusion,1,4.43,85.75,0,0,0,0,0
I37_04_02.png,I37,Color diffusion,2,2.87,46.75,0,0,0,0,0
I37_04_03.png,I37,Color diffusion,3,1.93,23.25,0,0,0,0,0
I37_04_04.png,I37,Color diffusion,4,1.83,20.75,0,0,0,0,0
I37_04_05.png,I37,Color diffusion,5,1.4,10.0,0,0,0,0,1
I37_06_01.png,I37,Color quantization,1,4.03,75.75,0,0,0,0,0
I37_06_02.png,I37,Color quantization,2,3.97,74.25,0,0,0,0,0
I37_06_03.png,I37,Color quantization,3,4.27,81.75,0,0,0,0,1
I37_06_04.png,I37,Color quantization,4,3.23,55.75,0,0,0,0,1
I37_06_05.png,I37,Color quantization,5,2.97,49.25,0,0,0,0,1
I37_07_01.png,I37,Color saturation 1,1,3.07,51.75,0,0,0,0,0
I37_07_02.png,I37,Color saturation 1,2,2.47,36.75,0,0,0,0,0
I37_07_03.png,I37,Color saturation 1,3,2.13,28.25,0,0,0,0,0
I37_07_04.png,I37,Color saturation 1,4,2.17,29.25,0,0,0,0,0
I37_07_05.png,I37,Color saturation 1,5,1.83,20.75,0,0,0,0,1
I37_08_01.png,I37,Color saturation 2,1,4.67,91.75,0,0,0,0,0
I37_08_02.png,I37,Color saturation 2,2,3.58,64.5,0,0,0,0,0
I37_08_03.png,I37,Color saturation 2,3,2.93,48.25,0,0,0,0,0
I37_08_04.png,I37,Color saturation 2,4,1.93,23.25,0,0,0,0,0
I37_08_05.png,I37,Color saturation 2,5,1.83,20.75,0,0,0,0,1
I37_05_01.png,I37,Color shift,1,4.3,82.5,0,0,0,0,0
I37_05_02.png,I37,Color shift,2,2.37,34.25,0,0,0,0,0
I37_05_03.png,I37,Color shift,3,1.63,15.75,0,0,0,0,0
I37_05_04.png,I37,Color shift,4,1.8,20.0,0,0,0,0,0
I37_05_05.png,I37,Color shift,5,1.83,20.75,0,0,0,0,1
I37_25_01.png,I37,Contrast change,1,3.9,72.5,0,0,0,0,0
I37_25_02.png,I37,Contrast change,2,4.17,79.25,0,0,0,0,0
I37_25_03.png,I37,Contrast change,3,4.63,90.75,0,0,0,0,0
I37_25_04.png,I37,Contrast change,4,4.17,79.25,0,0,0,0,0
I37_25_05.png,I37,Contrast change,5,2.97,49.25,0,0,0,0,1
I37_17_01.png,I37,Darken,1,4.67,91.75,0,0,0,0,0
I37_17_02.png,I37,Darken,2,4.27,81.75,0,0,0,0,0
I37_17_03.png,I37,Darken,3,4.2,80.0,0,1,0,0,0
I37_17_04.png,I37,Darken,4,3.27,56.75,0,1,0,0,0
I37_17_05.png,I37,Darken,5,2.63,40.75,0,1,0,0,1
I37_15_01.png,I37,Denoise,1,3.9,72.5,0,0,0,0,0
I37_15_02.png,I37,Denoise,2,2.5,37.5,0,0,0,0,0
I37_15_03.png,I37,Denoise,3,1.87,21.75,0,0,0,1,0
I37_15_04.png,I37,Denoise,4,1.37,9.25,0,0,0,1,0
I37_15_05.png,I37,Denoise,5,1.23,5.75,0,0,0,1,1
I37_01_01.png,I37,Gaussian blur,1,4.77,94.25,0,0,0,0,0
I37_01_02.png,I37,Gaussian blur,2,4.1,77.5,0,0,0,0,0
I37_01_03.png,I37,Gaussian blur,3,2.87,46.75,1,0,0,0,0
I37_01_04.png,I37,Gaussian blur,4,1.53,13.25,1,0,0,0,0
I37_01_05.png,I37,Gaussian blur,5,1.33,8.25,1,0,0,0,1
I37_24_01.png,I37,High sharpen,1,3.77,69.25,0,0,0,0,0
I37_24_02.png,I37,High sharpen,2,3.03,50.75,0,0,0,0,0
I37_24_03.png,I37,High sharpen,3,2.47,36.75,0,0,0,0,0
I37_24_04.png,I37,High sharpen,4,2.0,25.0,0,0,0,0,0
I37_24_05.png,I37,High sharpen,5,1.35,8.75,0,0,0,0,1
I37_13_01.png,I37,Impulse noise,1,3.47,61.75,0,0,0,0,0
I37_13_02.png,I37,Impulse noise,2,2.97,49.25,0,0,0,0,0
I37_13_03.png,I37,Impulse noise,3,2.3,32.5,0,0,0,1,0
I37_13_04.png,I37,Impulse noise,4,2.33,33.25,0,0,0,1,0
I37_13_05.png,I37,Impulse noise,5,2.1,27.5,0,0,0,1,1
I37_10_01.png,I37,JPEG,1,4.03,75.75,0,0,0,0,0
I37_10_02.png,I37,JPEG,2,3.9,72.5,0,0,0,0,0
I37_10_03.png,I37,JPEG,3,3.53,63.25,0,0,0,0,1
I37_10_04.png,I37,JPEG,4,1.77,19.25,0,0,0,0,1
I37_10_05.png,I37,JPEG,5,1.13,3.25,0,0,0,0,1
I37_09_01.png,I37,JPEG2000,1,4.47,86.75,0,0,0,0,0
I37_09_02.png,I37,JPEG2000,2,3.93,73.25,0,0,0,0,0
I37_09_03.png,I37,JPEG2000,3,3.3,57.5,0,0,0,0,1
I37_09_04.png,I37,JPEG2000,4,2.23,30.75,0,0,0,0,1
I37_09_05.png,I37,JPEG2000,5,1.17,4.25,0,0,0,0,1
I37_19_01.png,I37,Jitter,1,4.5,87.5,0,0,0,0,0
I37_19_02.png,I37,Jitter,2,4.3,82.5,0,0,0,0,0
I37_19_03.png,I37,Jitter,3,3.17,54.25,0,0,0,0,0
I37_19_04.png,I37,Jitter,4,1.53,13.25,0,0,0,0,0
I37_19_05.png,I37,Jitter,5,1.2,5.0,0,0,0,0,1
I37_02_01.png,I37,Lens blur,1,3.77,69.25,0,0,0,0,0
I37_02_02.png,I37,Lens blur,2,2.03,25.75,0,0,0,0,0
I37_02_03.png,I37,Lens blur,3,1.4,10.0,1,0,0,0,0
I37_02_04.png,I37,Lens blur,4,1.23,5.75,1,0,0,0,0
I37_02_05.png,I37,Lens blur,5,1.37,9.25,1,0,0,0,1
I37_18_01.png,I37,Mean shift,1,4.17,79.25,0,0,0,0,0
I37_18_02.png,I37,Mean shift,2,4.53,88.25,0,0,0,0,0
I37_18_03.png,I37,Mean shift,3,4.5,87.5,0,0,0,0,0
I37_18_04.png,I37,Mean shift,4,4.6,90.0,0,0,0,0,0
I37_18_05.png,I37,Mean shift,5,4.3,82.5,0,0,0,0,1
I37_03_01.png,I37,Motion blur,1,4.57,89.25,0,0,0,0,0
I37_03_02.png,I37,Motion blur,2,4.23,80.75,0,0,0,0,0
I37_03_03.png,I37,Motion blur,3,2.9,47.5,1,0,0,0,0
I37_03_04.png,I37,Motion blur,4,2.13,28.25,1,0,0,0,0
I37_03_05.png,I37,Motion blur,5,1.6,15.0,1,0,0,0,1
I37_14_01.png,I37,Multiplicative noise,1,3.63,65.75,0,0,0,0,0
I37_14_02.png,I37,Multiplicative noise,2,2.67,41.75,0,0,0,0,0
I37_14_03.png,I37,Multiplicative noise,3,2.67,41.75,0,0,0,1,0
I37_14_04.png,I37,Multiplicative noise,4,2.03,25.75,0,0,0,1,0
I37_14_05.png,I37,Multiplicative noise,5,1.6,15.0,0,0,0,1,1
I37_20_01.png,I37,Non-eccentricity patch,1,4.5,87.5,0,0,0,0,0
I37_20_02.png,I37,Non-eccentricity patch,2,3.97,74.25,0,0,0,0,0
I37_20_03.png,I37,Non-eccentricity patch,3,3.53,63.25,0,0,0,0,0
I37_20_04.png,I37,Non-eccentricity patch,4,4.1,77.5,0,0,0,0,0
I37_20_05.png,I37,Non-eccentricity patch,5,3.77,69.25,0,0,0,0,1
I37_21_01.png,I37,Pixelate,1,3.27,56.75,0,0,0,0,0
I37_21_02.png,I37,Pixelate,2,2.27,31.75,0,0,0,0,0
I37_21_03.png,I37,Pixelate,3,2.33,33.25,0,0,0,0,0
I37_21_04.png,I37,Pixelate,4,2.67,41.75,0,0,0,0,0
I37_21_05.png,I37,Pixelate,5,1.33,8.25,0,0,0,0,1
I37_22_01.png,I37,Quantization,1,3.43,60.75,0,0,0,0,0
I37_22_02.png,I37,Quantization,2,3.07,51.75,0,0,0,0,0
I37_22_03.png,I37,Quantization,3,2.87,46.75,0,0,0,0,0
I37_22_04.png,I37,Quantization,4,2.53,38.25,0,0,0,0,0
I37_22_05.png,I37,Quantization,5,2.23,30.75,0,0,0,0,1
I37_11_01.png,I37,White noise,1,3.07,51.75,0,0,0,0,0
I37_11_02.png,I37,White noise,2,3.0,50.0,0,0,0,0,0
I37_11_03.png,I37,White noise,3,2.83,45.75,0,0,0,1,0
I37_11_04.png,I37,White noise,4,2.37,34.25,0,0,0,1,0
I37_11_05.png,I37,White noise,5,1.83,20.75,0,0,0,1,1
I37_12_01.png,I37,White noise in color component,1,4.25,81.25,0,0,0,0,0
I37_12_02.png,I37,White noise in color component,2,3.27,56.75,0,0,0,0,0
I37_12_03.png,I37,White noise in color component,3,2.87,46.75,0,0,0,1,0
I37_12_04.png,I37,White noise in color component,4,2.3,32.5,0,0,0,1,0
I37_12_05.png,I37,White noise in color component,5,2.0,25.0,0,0,0,1,1
I37.png,I37,none,0,,100.0,0,0,0,0,0
I38_16_01.png,I38,Brighten,1,4.55,88.75,0,0,0,0,0
I38_16_02.png,I38,Brighten,2,4.2,80.0,0,0,0,0,0
I38_16_03.png,I38,Brighten,3,3.53,63.25,0,0,1,0,0
I38_16_04.png,I38,Brighten,4,3.0,50.0,0,0,1,0,0
I38_16_05.png,I38,Brighten,5,2.0,25.0,0,0,1,0,1
I38_23_01.png,I38,Color block,1,2.87,46.75,0,0,0,0,0
I38_23_02.png,I38,Color block,2,2.47,36.75,0,0,0,0,0
I38_23_03.png,I38,Color block,3,2.13,28.25,0,0,0,0,1
I38_23_04.png,I38,Color block,4,2.07,26.75,0,0,0,0,1
I38_23_05.png,I38,Color block,5,2.33,33.25,0,0,0,0,1
I38_04_01.png,I38,Color diffusion,1,4.57,89.25,0,0,0,0,0
I38_04_02.png,I38,Color diffusion,2,3.17,54.25,0,0,0,0,0
I38_04_03.png,I38,Color diffusion,3,1.87,21.75,0,0,0,0,0
I38_04_04.png,I38,Color diffusion,4,1.87,21.75,0,0,0,0,0
I38_04_05.png,I38,Color diffusion,5,1.53,13.25,0,0,0,0,1
I38_06_01.png,I38,Color quantization,1,4.5,87.5,0,0,0,0,0
I38_06_02.png,I38,Color quantization,2,4.43,85.75,0,0,0,0,0
I38_06_03.png,I38,Color quantization,3,4.0,75.0,0,0,0,0,1
I38_06_04.png,I38,Color quantization,4,3.7,67.5,0,0,0,0,1
I38_06_05.png,I38,Color quantization,5,2.37,34.25,0,0,0,0,1
I38_07_01.png,I38,Color saturation 1,1,3.67,66.75,0,0,0,0,0
I38_07_02.png,I38,Color saturation 1,2,2.35,33.75,0,0,0,0,0
I38_07_03.png,I38,Color saturation 1,3,2.67,41.75,0,0,0,0,0
I38_07_04.png,I38,Color saturation 1,4,2.8,45.0,0,0,0,0,0
I38_07_05.png,I38,Color saturation 1,5,2.37,34.25,0,0,0,0,1
I38_08_01.png,I38,Color saturation 2,1,4.67,91.75,0,0,0,0,0
I38_08_02.png,I38,Color saturation 2,2,3.57,64.25,0,0,0,0,0
I38_08_03.png,I38,Color saturation 2,3,2.77,44.25,0,0,0,0,0
I38_08_04.png,I38,Color saturation 2,4,2.17,29.25,0,0,0,0,0
I38_08_05.png,I38,Color saturation 2,5,1.43,10.75,0,0,0,0,1
I38_05_01.png,I38,Color shift,1,4.0,75.0,0,0,0,0,0
I38_05_02.png,I38,Color shift,2,1.93,23.25,0,0,0,0,0
I38_05_03.png,I38,Color shift,3,1.7,17.5,0,0,0,0,0
I38_05_04.png,I38,Color shift,4,1.57,14.25,0,0,0,0,0
I38_05_05.png,I38,Color shift,5,1.57,14.25,0,0,0,0,1
I38_25_01.png,I38,Contrast change,1,3.6,65.0,0,0,0,0,0
I38_25_02.png,I38,Contrast change,2,3.73,68.25,0,0,0,0,0
I38_25_03.png,I38,Contrast change,3,4.3,82.5,0,0,0,0,0
I38_25_04.png,I38,Contrast change,4,3.97,74.25,0,0,0,0,0
I38_25_05.png,I38,Contrast change,5,3.1,52.5,0,0,0,0,1
I38_17_01.png,I38,Darken,1,4.47,86.75,0,0,0,0,0
I38_17_02.png,I38,Darken,2,4.47,86.75,0,0,0,0,0
I38_17_03.png,I38,Darken,3,3.87,71.75,0,1,0,0,0
I38_17_04.png,I38,Darken,4,2.93,48.25,0,1,0,0,0
I38_17_05.png,I38,Darken,5,1.7,17.5,0,1,0,0,1
I38_15_01.png,I38,Denoise,1,3.33,58.25,0,0,0,0,0
I38_15_02.png,I38,Denoise,2,2.0,25.0,0,0,0,0,0
I38_15_03.png,I38,Denoise,3,1.83,20.75,0,0,0,1,0
I38_15_04.png,I38,Denoise,4,1.35,8.75,0,0,0,1,0
I38_15_05.png,I38,Denoise,5,1.17,4.25,0,0,0,1,1
I38_01_01.png,I38,Gaussian blur,1,4.7,92.5,0,0,0,0,0
I38_01_02.png,I38,Gaussian blur,2,4.63,90.75,0,0,0,0,0
I38_01_03.png,I38,Gaussian blur,3,3.4,60.0,1,0,0,0,0
I38_01_04.png,I38,Gaussian blur,4,1.87,21.75,1,0,0,0,0
I38_01_05.png,I38,Gaussian blur,5,1.43,10.75,1,0,0,0,1
I38_24_01.png,I38,High sharpen,1,3.7,67.5,0,0,0,0,0
I38_24_02.png,I38,High sharpen,2,2.73,43.25,0,0,0,0,0
I38_24_03.png,I38,High sharpen,3,1.87,21.75,0,0,0,0,0
I38_24_04.png,I38,High sharpen,4,1.6,15.0,0,0,0,0,0
I38_24_05.png,I38,High sharpen,5,1.27,6.75,0,0,0,0,1
I38_13_01.png,I38,Impulse noise,1,3.2,55.0,0,0,0,0,0
I38_13_02.png,I38,Impulse noise,2,2.67,41.75,0,0,0,0,0
I38_13_03.png,I38,Impulse noise,3,2.27,31.75,0,0,0,1,0
I38_13_04.png,I38,Impulse noise,4,2.23,30.75,0,0,0,1,0
I38_13_05.png,I38,Impulse noise,5,2.1,27.5,0,0,0,1,1
I38_10_01.png,I38,JPEG,1,4.2,80.0,0,0,0,0,0
I38_10_02.png,I38,JPEG,2,4.32,83.0,0,0,0,0,0
I38_10_03.png,I38,JPEG,3,3.2,55.0,0,0,0,0,1
I38_10_04.png,I38,JPEG,4,1.77,19.25,0,0,0,0,1
I38_10_05.png,I38,JPEG,5,1.17,4.25,0,0,0,0,1
I38_09_01.png,I38,JPEG2000,1,4.77,94.25,0,0,0,0,0
I38_09_02.png,I38,JPEG2000,2,4.77,94.25,0,0,0,0,0
I38_09_03.png,I38,JPEG2000,3,4.53,88.25,0,0,0,0,1
I38_09_04.png,I38,JPEG2000,4,3.7,67.5,0,0,0,0,1
I38_09_05.png,I38,JPEG2000,5,1.83,20.75,0,0,0,0,1
I38_19_01.png,I38,Jitter,1,4.5,87.5,0,0,0,0,0
I38_19_02.png,I38,Jitter,2,4.23,80.75,0,0,0,0,0
I38_19_03.png,I38,Jitter,3,3.17,54.25,0,0,0,0,0
I38_19_04.png,I38,Jitter,4,1.67,16.75,0,0,0,0,0
I38_19_05.png,I38,Jitter,5,1.23,5.75,0,0,0,0,1
I38_02_01.png,I38,Lens blur,1,3.93,73.25,0,0,0,0,0
I38_02_02.png,I38,Lens blur,2,2.43,35.75,0,0,0,0,0
I38_02_03.png,I38,Lens blur,3,1.93,23.25,1,0,0,0,0
I38_02_04.png,I38,Lens blur,4,1.4,10.0,1,0,0,0,0
I38_02_05.png,I38,Lens blur,5,1.27,6.75,1,0,0,0,1
I38_18_01.png,I38,Mean shift,1,4.07,76.75,0,0,0,0,0
I38_18_02.png,I38,Mean shift,2,4.65,91.25,0,0,0,0,0
I38_18_03.png,I38,Mean shift,3,4.73,93.25,0,0,0,0,0
I38_18_04.png,I38,Mean shift,4,4.03,75.75,0,0,0,0,0
I38_18_05.png,I38,Mean shift,5,4.1,77.5,0,0,0,0,1
I38_03_01.png,I38,Motion blur,1,4.67,91.75,0,0,0,0,0
I38_03_02.png,I38,Motion blur,2,4.2,80.0,0,0,0,0,0
I38_03_03.png,I38,Motion blur,3,3.23,55.75,1,0,0,0,0
I38_03_04.png,I38,Motion blur,4,2.3,32.5,1,0,0,0,0
I38_03_05.png,I38,Motion blur,5,1.77,19.25,1,0,0,0,1
I38_14_01.png,I38,Multiplicative noise,1,4.37,84.25,0,0,0,0,0
I38_14_02.png,I38,Multiplicative noise,2,3.27,56.75,0,0,0,0,0
I38_14_03.png,I38,Multiplicative noise,3,2.9,47.5,0,0,0,1,0
I38_14_04.png,I38,Multiplicative noise,4,2.43,35.75,0,0,0,1,0
I38_14_05.png,I38,Multiplicative noise,5,1.73,18.25,0,0,0,1,1
I38_20_01.png,I38,Non-eccentricity patch,1,4.53,88.25,0,0,0,0,0
I38_20_02.png,I38,Non-eccentricity patch,2,4.03,75.75,0,0,0,0,0
I38_20_03.png,I38,Non-eccentricity patch,3,4.27,81.75,0,0,0,0,0
I38_20_04.png,I38,Non-eccentricity patch,4,4.3,82.5,0,0,0,0,0
I38_20_05.png,I38,Non-eccentricity patch,5,3.4,60.0,0,0,0,0,1
I38_21_01.png,I38,Pixelate,1,2.53,38.25,0,0,0,0,0
I38_21_02.png,I38,Pixelate,2,2.27,31.75,0,0,0,0,0
I38_21_03.png,I38,Pixelate,3,2.3,32.5,0,0,0,0,0
I38_21_04.png,I38,Pixelate,4,2.73,43.25,0,0,0,0,0
I38_21_05.png,I38,Pixelate,5,1.57,14.25,0,0,0,0,1
I38_22_01.png,I38,Quantization,1,4.0,75.0,0,0,0,0,0
I38_22_02.png,I38,Quantization,2,2.9,47.5,0,0,0,0,0
I38_22_03.png,I38,Quantization,3,3.1,52.5,0,0,0,0,0
I38_22_04.png,I38,Quantization,4,2.77,44.25,0,0,0,0,0
I38_22_05.png,I38,Quantization,5,2.2,30.0,0,0,0,0,1
I38_11_01.png,I38,White noise,1,3.47,61.75,0,0,0,0,0
I38_11_02.png,I38,White noise,2,2.97,49.25,0,0,0,0,0
I38_11_03.png,I38,White noise,3,2.77,44.25,0,0,0,1,0
I38_11_04.png,I38,White noise,4,2.5,37.5,0,0,0,1,0
I38_11_05.png,I38,White noise,5,2.03,25.75,0,0,0,1,1
I38_12_01.png,I38,White noise in color component,1,4.3,82.5,0,0,0,0,0
I38_12_02.png,I38,White noise in color component,2,3.23,55.75,0,0,0,0,0
I38_12_03.png,I38,White noise in color component,3,2.6,40.0,0,0,0,1,0
I38_12_04.png,I38,White noise in color component,4,2.33,33.25,0,0,0,1,0
I38_12_05.png,I38,White noise in color component,5,2.2,30.0,0,0,0,1,1
I38.png,I38,none,0,,100.0,0,0,0,0,0
I39_16_01.png,I39,Brighten,1,4.53,88.25,0,0,0,0,0
I39_16_02.png,I39,Brighten,2,4.53,88.25,0,0,0,0,0
I39_16_03.png,I39,Brighten,3,4.3,82.5,0,0,1,0,0
I39_16_04.png,I39,Brighten,4,3.1,52.5,0,0,1,0,0
I39_16_05.png,I39,Brighten,5,1.5,12.5,0,0,1,0,1
I39_23_01.png,I39,Color block,1,2.5,37.5,0,0,0,0,0
I39_23_02.png,I39,Color block,2,2.39,34.75,0,0,0,0,0
I39_23_03.png,I39,Color block,3,2.33,33.25,0,0,0,0,1
I39_23_04.png,I39,Color block,4,2.1,27.5,0,0,0,0,1
I39_23_05.png,I39,Color block,5,1.97,24.25,0,0,0,0,1
I39_04_01.png,I39,Color diffusion,1,4.63,90.75,0,0,0,0,0
I39_04_02.png,I39,Color diffusion,2,1.67,16.75,0,0,0,0,0
I39_04_03.png,I39,Color diffusion,3,1.3,7.5,0,0,0,0,0
I39_04_04.png,I39,Color diffusion,4,1.2,5.0,0,0,0,0,0
I39_04_05.png,I39,Color diffusion,5,1.17,4.25,0,0,0,0,1
I39_06_01.png,I39,Color quantization,1,4.37,84.25,0,0,0,0,0
I39_06_02.png,I39,Color quantization,2,4.33,83.25,0,0,0,0,0
I39_06_03.png,I39,Color quantization,3,4.33,83.25,0,0,0,0,1
I39_06_04.png,I39,Color quantization,4,3.53,63.25,0,0,0,0,1
I39_06_05.png,I39,Color quantization,5,3.03,50.75,0,0,0,0,1
I39_07_01.png,I39,Color saturation 1,1,2.39,34.75,0,0,0,0,0
I39_07_02.png,I39,Color saturation 1,2,2.07,26.75,0,0,0,0,0
I39_07_03.png,I39,Color saturation 1,3,1.7,17.5,0,0,0,0,0
I39_07_04.png,I39,Color saturation 1,4,2.27,31.75,0,0,0,0,0
I39_07_05.png,I39,Color saturation 1,5,1.9,22.5,0,0,0,0,1
I39_08_01.png,I39,Color saturation 2,1,4.63,90.75,0,0,0,0,0
I39_08_02.png,I39,Color saturation 2,2,2.83,45.75,0,0,0,0,0
I39_08_03.png,I39,Color saturation 2,3,1.74,18.5,0,0,0,0,0
I39_08_04.png,I39,Color saturation 2,4,1.33,8.25,0,0,0,0,0
I39_08_05.png,I39,Color saturation 2,5,1.13,3.25,0,0,0,0,1
I39_05_01.png,I39,Color shift,1,4.23,80.75,0,0,0,0,0
I39_05_02.png,I39,Color shift,2,2.63,40.75,0,0,0,0,0
I39_05_03.png,I39,Color shift,3,1.53,13.25,0,0,0,0,0
I39_05_04.png,I39,Color shift,4,1.47,11.75,0,0,0,0,0
I39_05_05.png,I39,Color shift,5,1.5,12.5,0,0,0,0,1
I39_25_01.png,I39,Contrast change,1,3.77,69.25,0,0,0,0,0
I39_25_02.png,I39,Contrast change,2,4.23,80.75,0,0,0,0,0
I39_25_03.png,I39,Contrast change,3,4.67,91.75,0,0,0,0,0
I39_25_04.png,I39,Contrast change,4,4.37,84.25,0,0,0,0,0
I39_25_05.png,I39,Contrast change,5,3.77,69.25,0,0,0,0,1
I39_17_01.png,I39,Darken,1,4.63,90.75,0,0,0,0,0
I39_17_02.png,I39,Darken,2,4.77,94.25,0,0,0,0,0
I39_17_03.png,I39,Darken,3,4.6,90.0,0,1,0,0,0
I39_17_04.png,I39,Darken,4,3.77,69.25,0,1,0,0,0
I39_17_05.png,I39,Darken,5,2.1,27.5,0,1,0,0,1
I39_15_01.png,I39,Denoise,1,4.13,78.25,0,0,0,0,0
I39_15_02.png,I39,Denoise,2,3.4,60.0,0,0,0,0,0
I39_15_03.png,I39,Denoise,3,2.57,39.25,0,0,0,1,0
I39_15_04.png,I39,Denoise,4,1.77,19.25,0,0,0,1,0
I39_15_05.png,I39,Denoise,5,1.47,11.75,0,0,0,1,1
I39_01_01.png,I39,Gaussian blur,1,4.73,93.25,0,0,0,0,0
I39_01_02.png,I39,Gaussian blur,2,4.43,85.75,0,0,0,0,0
I39_01_03.png,I39,Gaussian blur,3,2.97,49.25,1,0,0,0,0
I39_01_04.png,I39,Gaussian blur,4,1.8,20.0,1,0,0,0,0
I39_01_05.png,I39,Gaussian blur,5,1.32,8.0,1,0,0,0,1
I39_24_01.png,I39,High sharpen,1,3.63,65.75,0,0,0,0,0
I39_24_02.png,I39,High sharpen,2,2.7,42.5,0,0,0,0,0
I39_24_03.png,I39,High sharpen,3,1.77,19.25,0,0,0,0,0
I39_24_04.png,I39,High sharpen,4,1.2,5.0,0,0,0,0,0
I39_24_05.png,I39,High sharpen,5,1.17,4.25,0,0,0,0,1
I39_13_01.png,I39,Impulse noise,1,3.23,55.75,0,0,0,0,0
I39_13_02.png,I39,Impulse noise,2,3.03,50.75,0,0,0,0,0
I39_13_03.png,I39,Impulse noise,3,2.77,44.25,0,0,0,1,0
I39_13_04.png,I39,Impulse noise,4,2.43,35.75,0,0,0,1,0
I39_13_05.png,I39,Impulse noise,5,2.07,26.75,0,0,0,1,1
I39_10_01.png,I39,JPEG,1,4.5,87.5,0,0,0,0,0
I39_10_02.png,I39,JPEG,2,4.53,88.25,0,0,0,0,0
I39_10_03.png,I39,JPEG,3,4.07,76.75,0,0,0,0,1
I39_10_04.png,I39,JPEG,4,2.13,28.25,0,0,0,0,1
I39_10_05.png,I39,JPEG,5,1.43,10.75,0,0,0,0,1
I39_09_01.png,I39,JPEG2000,1,4.74,93.5,0,0,0,0,0
I39_09_02.png,I39,JPEG2000,2,4.27,81.75,0,0,0,0,0
I39_09_03.png,I39,JPEG2000,3,4.0,75.0,0,0,0,0,1
I39_09_04.png,I39,JPEG2000,4,2.13,28.25,0,0,0,0,1
I39_09_05.png,I39,JPEG2000,5,1.27,6.75,0,0,0,0,1
I39_19_01.png,I39,Jitter,1,4.43,85.75,0,0,0,0,0
I39_19_02.png,I39,Jitter,2,3.7,67.5,0,0,0,0,0
I39_19_03.png,I39,Jitter,3,2.43,35.75,0,0,0,0,0
I39_19_04.png,I39,Jitter,4,1.5,12.5,0,0,0,0,0
I39_19_05.png,I39,Jitter,5,1.07,1.75,0,0,0,0,1
I39_02_01.png,I39,Lens blur,1,4.13,78.25,0,0,0,0,0
I39_02_02.png,I39,Lens blur,2,2.4,35.0,0,0,0,0,0
I39_02_03.png,I39,Lens blur,3,1.73,18.25,1,0,0,0,0
I39_02_04.png,I39,Lens blur,4,1.37,9.25,1,0,0,0,0
I39_02_05.png,I39,Lens blur,5,1.2,5.0,1,0,0,0,1
I39_18_01.png,I39,Mean shift,1,4.53,88.25,0,0,0,0,0
I39_18_02.png,I39,Mean shift,2,4.57,89.25,0,0,0,0,0
I39_18_03.png,I39,Mean shift,3,4.63,90.75,0,0,0,0,0
I39_18_04.png,I39,Mean shift,4,4.47,86.75,0,0,0,0,0
I39_18_05.png,I39,Mean shift,5,4.03,75.75,0,0,0,0,1
I39_03_01.png,I39,Motion blur,1,4.77,94.25,0,0,0,0,0
I39_03_02.png,I39,Motion blur,2,4.33,83.25,0,0,0,0,0
I39_03_03.png,I39,Motion blur,3,2.77,44.25,1,0,0,0,0
I39_03_04.png,I39,Motion blur,4,1.97,24.25,1,0,0,0,0
I39_03_05.png,I39,Motion blur,5,1.47,11.75,1,0,0,0,1
I39_14_01.png,I39,Multiplicative noise,1,4.6,90.0,0,0,0,0,0
I39_14_02.png,I39,Multiplicative noise,2,4.52,88.0,0,0,0,0,0
I39_14_03.png,I39,Multiplicative noise,3,3.33,58.25,0,0,0,1,0
I39_14_04.png,I39,Multiplicative noise,4,3.07,51.75,0,0,0,1,0
I39_14_05.png,I39,Multiplicative noise,5,2.07,26.75,0,0,0,1,1
I39_20_01.png,I39,Non-eccentricity patch,1,4.4,85.0,0,0,0,0,0
I39_20_02.png,I39,Non-eccentricity patch,2,4.23,80.75,0,0,0,0,0
I39_20_03.png,I39,Non-eccentricity patch,3,3.8,70.0,0,0,0,0,0
I39_20_04.png,I39,Non-eccentricity patch,4,3.23,55.75,0,0,0,0,0
I39_20_05.png,I39,Non-eccentricity patch,5,2.52,38.0,0,0,0,0,1
I39_21_01.png,I39,Pixelate,1,4.0,75.0,0,0,0,0,0
I39_21_02.png,I39,Pixelate,2,2.7,42.5,0,0,0,0,0
I39_21_03.png,I39,Pixelate,3,2.17,29.25,0,0,0,0,0
I39_21_04.png,I39,Pixelate,4,2.27,31.75,0,0,0,0,0
I39_21_05.png,I39,Pixelate,5,1.1,2.5,0,0,0,0,1
I39_22_01.png,I39,Quantization,1,4.53,88.25,0,0,0,0,0
I39_22_02.png,I39,Quantization,2,4.63,90.75,0,0,0,0,0
I39_22_03.png,I39,Quantization,3,4.63,90.75,0,0,0,0,0
I39_22_04.png,I39,Quantization,4,4.57,89.25,0,0,0,0,0
I39_22_05.png,I39,Quantization,5,4.37,84.25,0,0,0,0,1
I39_11_01.png,I39,White noise,1,4.53,88.25,0,0,0,0,0
I39_11_02.png,I39,White noise,2,4.07,76.75,0,0,0,0,0
I39_11_03.png,I39,White noise,3,3.73,68.25,0,0,0,1,0
I39_11_04.png,I39,White noise,4,3.17,54.25,0,0,0,1,0
I39_11_05.png,I39,White noise,5,2.47,36.75,0,0,0,1,1
I39_12_01.png,I39,White noise in color component,1,4.73,93.25,0,0,0,0,0
I39_12_02.png,I39,White noise in color component,2,4.33,83.25,0,0,0,0,0
I39_12_03.png,I39,White noise in color component,3,3.8,70.0,0,0,0,1,0
I39_12_04.png,I39,White noise in color component,4,3.27,56.75,0,0,0,1,0
I39_12_05.png,I39,White noise in color component,5,2.7,42.5,0,0,0,1,1
I39.png,I39,none,0,,100.0,0,0,0,0,0
I40_16_01.png,I40,Brighten,1,4.26,81.5,0,0,0,0,0
I40_16_02.png,I40,Brighten,2,4.0,75.0,0,0,0,0,0
I40_16_03.png,I40,Brighten,3,3.2,55.0,0,0,1,0,0
I40_16_04.png,I40,Brighten,4,2.43,35.75,0,0,1,0,0
I40_16_05.png,I40,Brighten,5,1.53,13.25,0,0,1,0,1
I40_23_01.png,I40,Color block,1,2.2,30.0,0,0,0,0,0
I40_23_02.png,I40,Color block,2,2.4,35.0,0,0,0,0,0
I40_23_03.png,I40,Color block,3,1.83,20.75,0,0,0,0,1
I40_23_04.png,I40,Color block,4,2.43,35.75,0,0,0,0,1
I40_23_05.png,I40,Color block,5,1.9,22.5,0,0,0,0,1
I40_04_01.png,I40,Color diffusion,1,4.13,78.25,0,0,0,0,0
I40_04_02.png,I40,Color diffusion,2,2.37,34.25,0,0,0,0,0
I40_04_03.png,I40,Color diffusion,3,1.73,18.25,0,0,0,0,0
I40_04_04.png,I40,Color diffusion,4,1.47,11.75,0,0,0,0,0
I40_04_05.png,I40,Color diffusion,5,1.43,10.75,0,0,0,0,1
I40_06_01.png,I40,Color quantization,1,4.13,78.25,0,0,0,0,0
I40_06_02.png,I40,Color quantization,2,4.27,81.75,0,0,0,0,0
I40_06_03.png,I40,Color quantization,3,3.77,69.25,0,0,0,0,1
I40_06_04.png,I40,Color quantization,4,3.97,74.25,0,0,0,0,1
I40_06_05.png,I40,Color quantization,5,2.68,42.0,0,0,0,0,1
I40_07_01.png,I40,Color saturation 1,1,2.6,40.0,0,0,0,0,0
I40_07_02.png,I40,Color saturation 1,2,2.23,30.75,0,0,0,0,0
I40_07_03.png,I40,Color saturation 1,3,2.0,25.0,0,0,0,0,0
I40_07_04.png,I40,Color saturation 1,4,2.0,25.0,0,0,0,0,0
I40_07_05.png,I40,Color saturation 1,5,1.87,21.75,0,0,0,0,1
I40_08_01.png,I40,Color saturation 2,1,4.47,86.75,0,0,0,0,0
I40_08_02.png,I40,Color saturation 2,2,3.23,55.75,0,0,0,0,0
I40_08_03.png,I40,Color saturation 2,3,2.27,31.75,0,0,0,0,0
I40_08_04.png,I40,Color saturation 2,4,1.67,16.75,0,0,0,0,0
I40_08_05.png,I40,Color saturation 2,5,1.37,9.25,0,0,0,0,1
I40_05_01.png,I40,Color shift,1,3.7,67.5,0,0,0,0,0
I40_05_02.png,I40,Color shift,2,1.73,18.25,0,0,0,0,0
I40_05_03.png,I40,Color shift,3,1.53,13.25,0,0,0,0,0
I40_05_04.png,I40,Color shift,4,1.33,8.25,0,0,0,0,0
I40_05_05.png,I40,Color shift,5,1.37,9.25,0,0,0,0,1
I40_25_01.png,I40,Contrast change,1,3.63,65.75,0,0,0,0,0
I40_25_02.png,I40,Contrast change,2,3.47,61.75,0,0,0,0,0
I40_25_03.png,I40,Contrast change,3,3.93,73.25,0,0,0,0,0
I40_25_04.png,I40,Contrast change,4,3.87,71.75,0,0,0,0,0
I40_25_05.png,I40,Contrast change,5,2.45,36.25,0,0,0,0,1
I40_17_01.png,I40,Darken,1,4.53,88.25,0,0,0,0,0
I40_17_02.png,I40,Darken,2,4.47,86.75,0,0,0,0,0
I40_17_03.png,I40,Darken,3,3.93,73.25,0,1,0,0,0
I40_17_04.png,I40,Darken,4,3.13,53.25,0,1,0,0,0
I40_17_05.png,I40,Darken,5,1.87,21.75,0,1,0,0,1
I40_15_01.png,I40,Denoise,1,3.1,52.5,0,0,0,0,0
I40_15_02.png,I40,Denoise,2,2.23,30.75,0,0,0,0,0
I40_15_03.png,I40,Denoise,3,1.83,20.75,0,0,0,1,0
I40_15_04.png,I40,Denoise,4,1.7,17.5,0,0,0,1,0
I40_15_05.png,I40,Denoise,5,1.7,17.5,0,0,0,1,1
I40_01_01.png,I40,Gaussian blur,1,4.27,81.75,0,0,0,0,0
I40_01_02.png,I40,Gaussian blur,2,3.83,70.75,0,0,0,0,0
I40_01_03.png,I40,Gaussian blur,3,2.17,29.25,1,0,0,0,0
I40_01_04.png,I40,Gaussian blur,4,1.57,14.25,1,0,0,0,0
I40_01_05.png,I40,Gaussian blur,5,1.1,2.5,1,0,0,0,1
I40_24_01.png,I40,High sharpen,1,3.23,55.75,0,0,0,0,0
I40_24_02.png,I40,High sharpen,2,1.97,24.25,0,0,0,0,0
I40_24_03.png,I40,High sharpen,3,1.8,20.0,0,0,0,0,0
I40_24_04.png,I40,High sharpen,4,1.33,8.25,0,0,0,0,0
I40_24_05.png,I40,High sharpen,5,1.17,4.25,0,0,0,0,1
I40_13_01.png,I40,Impulse noise,1,4.23,80.75,0,0,0,0,0
I40_13_02.png,I40,Impulse noise,2,3.27,56.75,0,0,0,0,0
I40_13_03.png,I40,Impulse noise,3,2.8,45.0,0,0,0,1,0
I40_13_04.png,I40,Impulse noise,4,2.6,40.0,0,0,0,1,0
I40_13_05.png,I40,Impulse noise,5,2.17,29.25,0,0,0,1,1
I40_10_01.png,I40,JPEG,1,4.2,80.0,0,0,0,0,0
I40_10_02.png,I40,JPEG,2,4.2,80.0,0,0,0,0,0
I40_10_03.png,I40,JPEG,3,3.97,74.25,0,0,0,0,1
I40_10_04.png,I40,JPEG,4,2.5,37.5,0,0,0,0,1
I40_10_05.png,I40,JPEG,5,1.57,14.25,0,0,0,0,1
I40_09_01.png,I40,JPEG2000,1,4.2,80.0,0,0,0,0,0
I40_09_02.png,I40,JPEG2000,2,3.33,58.25,0,0,0,0,0
I40_09_03.png,I40,JPEG2000,3,3.0,50.0,0,0,0,0,1
I40_09_04.png,I40,JPEG2000,4,1.5,12.5,0,0,0,0,1
I40_09_05.png,I40,JPEG2000,5,1.23,5.75,0,0,0,0,1
I40_19_01.png,I40,Jitter,1,4.1,77.5,0,0,0,0,0
I40_19_02.png,I40,Jitter,2,3.9,72.5,0,0,0,0,0
I40_19_03.png,I40,Jitter,3,2.37,34.25,0,0,0,0,0
I40_19_04.png,I40,Jitter,4,1.6,15.0,0,0,0,0,0
I40_19_05.png,I40,Jitter,5,1.2,5.0,0,0,0,0,1
I40_02_01.png,I40,Lens blur,1,2.83,45.75,0,0,0,0,0
I40_02_02.png,I40,Lens blur,2,2.0,25.0,0,0,0,0,0
I40_02_03.png,I40,Lens blur,3,1.5,12.5,1,0,0,0,0
I40_02_04.png,I40,Lens blur,4,1.4,10.0,1,0,0,0,0
I40_02_05.png,I40,Lens blur,5,1.1,2.5,1,0,0,0,1
I40_18_01.png,I40,Mean shift,1,4.13,78.25,0,0,0,0,0
I40_18_02.png,I40,Mean shift,2,4.4,85.0,0,0,0,0,0
I40_18_03.png,I40,Mean shift,3,4.6,90.0,0,0,0,0,0
I40_18_04.png,I40,Mean shift,4,4.03,75.75,0,0,0,0,0
I40_18_05.png,I40,Mean shift,5,3.83,70.75,0,0,0,0,1
I40_03_01.png,I40,Motion blur,1,4.3,82.5,0,0,0,0,0
I40_03_02.png,I40,Motion blur,2,3.27,56.75,0,0,0,0,0
I40_03_03.png,I40,Motion blur,3,2.23,30.75,1,0,0,0,0
I40_03_04.png,I40,Motion blur,4,1.37,9.25,1,0,0,0,0
I40_03_05.png,I40,Motion blur,5,1.17,4.25,1,0,0,0,1
I40_14_01.png,I40,Multiplicative noise,1,4.33,83.25,0,0,0,0,0
I40_14_02.png,I40,Multiplicative noise,2,4.3,82.5,0,0,0,0,0
I40_14_03.png,I40,Multiplicative noise,3,4.33,83.25,0,0,0,1,0
I40_14_04.png,I40,Multiplicative noise,4,3.8,70.0,0,0,0,1,0
I40_14_05.png,I40,Multiplicative noise,5,3.07,51.75,0,0,0,1,1
I40_20_01.png,I40,Non-eccentricity patch,1,4.47,86.75,0,0,0,0,0
I40_20_02.png,I40,Non-eccentricity patch,2,3.03,50.75,0,0,0,0,0
I40_20_03.png,I40,Non-eccentricity patch,3,3.23,55.75,0,0,0,0,0
I40_20_04.png,I40,Non-eccentricity patch,4,3.07,51.75,0,0,0,0,0
I40_20_05.png,I40,Non-eccentricity patch,5,3.64,66.0,0,0,0,0,1
I40_21_01.png,I40,Pixelate,1,3.9,72.5,0,0,0,0,0
I40_21_02.png,I40,Pixelate,2,3.03,50.75,0,0,0,0,0
I40_21_03.png,I40,Pixelate,3,2.67,41.75,0,0,0,0,0
I40_21_04.png,I40,Pixelate,4,3.0,50.0,0,0,0,0,0
I40_21_05.png,I40,Pixelate,5,1.33,8.25,0,0,0,0,1
I40_22_01.png,I40,Quantization,1,4.53,88.25,0,0,0,0,0
I40_22_02.png,I40,Quantization,2,4.33,83.25,0,0,0,0,0
I40_22_03.png,I40,Quantization,3,4.07,76.75,0,0,0,0,0
I40_22_04.png,I40,Quantization,4,4.37,84.25,0,0,0,0,0
I40_22_05.png,I40,Quantization,5,3.97,74.25,0,0,0,0,1
I40_11_01.png,I40,White noise,1,4.43,85.75,0,0,0,0,0
I40_11_02.png,I40,White noise,2,4.43,85.75,0,0,0,0,0
I40_11_03.png,I40,White noise,3,3.83,70.75,0,0,0,1,0
I40_11_04.png,I40,White noise,4,3.77,69.25,0,0,0,1,0
I40_11_05.png,I40,White noise,5,3.33,58.25,0,0,0,1,1
I40_12_01.png,I40,White noise in color component,1,4.57,89.25,0,0,0,0,0
I40_12_02.png,I40,White noise in color component,2,4.5,87.5,0,0,0,0,0
I40_12_03.png,I40,White noise in color component,3,3.77,69.25,0,0,0,1,0
I40_12_04.png,I40,White noise in color component,4,3.6,65.0,0,0,0,1,0
I40_12_05.png,I40,White noise in color component,5,3.43,60.75,0,0,0,1,1
I40.png,I40,none,0,,100.0,0,0,0,0,0
I41_16_01.png,I41,Brighten,1,4.6,90.0,0,0,0,0,0
I41_16_02.png,I41,Brighten,2,4.53,88.25,0,0,0,0,0
I41_16_03.png,I41,Brighten,3,3.33,58.25,0,0,1,0,0
I41_16_04.png,I41,Brighten,4,2.3,32.5,0,0,1,0,0
I41_16_05.png,I41,Brighten,5,1.4,10.0,0,0,1,0,1
I41_23_01.png,I41,Color block,1,2.93,48.25,0,0,0,0,0
I41_23_02.png,I41,Color block,2,3.13,53.25,0,0,0,0,0
I41_23_03.png,I41,Color block,3,2.33,33.25,0,0,0,0,1
I41_23_04.png,I41,Color block,4,2.27,31.75,0,0,0,0,1
I41_23_05.png,I41,Color block,5,2.17,29.25,0,0,0,0,1
I41_04_01.png,I41,Color diffusion,1,4.67,91.75,0,0,0,0,0
I41_04_02.png,I41,Color diffusion,2,2.63,40.75,0,0,0,0,0
I41_04_03.png,I41,Color diffusion,3,1.4,10.0,0,0,0,0,0
I41_04_04.png,I41,Color diffusion,4,1.37,9.25,0,0,0,0,0
I41_04_05.png,I41,Color diffusion,5,1.2,5.0,0,0,0,0,1
I41_06_01.png,I41,Color quantization,1,4.27,81.75,0,0,0,0,0
I41_06_02.png,I41,Color quantization,2,3.87,71.75,0,0,0,0,0
I41_06_03.png,I41,Color quantization,3,3.7,67.5,0,0,0,0,1
I41_06_04.png,I41,Color quantization,4,2.81,45.25,0,0,0,0,1
I41_06_05.png,I41,Color quantization,5,1.83,20.75,0,0,0,0,1
I41_07_01.png,I41,Color saturation 1,1,3.13,53.25,0,0,0,0,0
I41_07_02.png,I41,Color saturation 1,2,2.57,39.25,0,0,0,0,0
I41_07_03.png,I41,Color saturation 1,3,1.93,23.25,0,0,0,0,0
I41_07_04.png,I41,Color saturation 1,4,2.0,25.0,0,0,0,0,0
I41_07_05.png,I41,Color saturation 1,5,1.7,17.5,0,0,0,0,1
I41_08_01.png,I41,Color saturation 2,1,4.53,88.25,0,0,0,0,0
I41_08_02.png,I41,Color saturation 2,2,3.77,69.25,0,0,0,0,0
I41_08_03.png,I41,Color saturation 2,3,2.5,37.5,0,0,0,0,0
I41_08_04.png,I41,Color saturation 2,4,2.27,31.75,0,0,0,0,0
I41_08_05.png,I41,Color saturation 2,5,1.37,9.25,0,0,0,0,1
I41_05_01.png,I41,Color shift,1,4.8,95.0,0,0,0,0,0
I41_05_02.png,I41,Color shift,2,2.9,47.5,0,0,0,0,0
I41_05_03.png,I41,Color shift,3,2.8,45.0,0,0,0,0,0
I41_05_04.png,I41,Color shift,4,2.4,35.0,0,0,0,0,0
I41_05_05.png,I41,Color shift,5,2.5,37.5,0,0,0,0,1
I41_25_01.png,I41,Contrast change,1,3.73,68.25,0,0,0,0,0
I41_25_02.png,I41,Contrast change,2,4.23,80.75,0,0,0,0,0
I41_25_03.png,I41,Contrast change,3,4.53,88.25,0,0,0,0,0
I41_25_04.png,I41,Contrast change,4,4.6,90.0,0,0,0,0,0
I41_25_05.png,I41,Contrast change,5,3.97,74.25,0,0,0,0,1
I41_17_01.png,I41,Darken,1,4.5,87.5,0,0,0,0,0
I41_17_02.png,I41,Darken,2,4.73,93.25,0,0,0,0,0
I41_17_03.png,I41,Darken,3,4.27,81.75,0,1,0,0,0
I41_17_04.png,I41,Darken,4,3.6,65.0,0,1,0,0,0
I41_17_05.png,I41,Darken,5,2.87,46.75,0,1,0,0,1
I41_15_01.png,I41,Denoise,1,3.32,58.0,0,0,0,0,0
I41_15_02.png,I41,Denoise,2,2.33,33.25,0,0,0,0,0
I41_15_03.png,I41,Denoise,3,2.17,29.25,0,0,0,1,0
I41_15_04.png,I41,Denoise,4,1.43,10.75,0,0,0,1,0
I41_15_05.png,I41,Denoise,5,1.43,10.75,0,0,0,1,1
I41_01_01.png,I41,Gaussian blur,1,4.57,89.25,0,0,0,0,0
I41_01_02.png,I41,Gaussian blur,2,4.43,85.75,0,0,0,0,0
I41_01_03.png,I41,Gaussian blur,3,3.17,54.25,1,0,0,0,0
I41_01_04.png,I41,Gaussian blur,4,2.07,26.75,1,0,0,0,0
I41_01_05.png,I41,Gaussian blur,5,1.4,10.0,1,0,0,0,1
I41_24_01.png,I41,High sharpen,1,4.07,76.75,0,0,0,0,0
I41_24_02.png,I41,High sharpen,2,3.23,55.75,0,0,0,0,0
I41_24_03.png,I41,High sharpen,3,2.47,36.75,0,0,0,0,0
I41_24_04.png,I41,High sharpen,4,1.87,21.75,0,0,0,0,0
I41_24_05.png,I41,High sharpen,5,1.47,11.75,0,0,0,0,1
I41_13_01.png,I41,Impulse noise,1,4.2,80.0,0,0,0,0,0
I41_13_02.png,I41,Impulse noise,2,3.07,51.75,0,0,0,0,0
I41_13_03.png,I41,Impulse noise,3,2.9,47.5,0,0,0,1,0
I41_13_04.png,I41,Impulse noise,4,2.6,40.0,0,0,0,1,0
I41_13_05.png,I41,Impulse noise,5,2.43,35.75,0,0,0,1,1
I41_10_01.png,I41,JPEG,1,4.6,90.0,0,0,0,0,0
I41_10_02.png,I41,JPEG,2,4.17,79.25,0,0,0,0,0
I41_10_03.png,I41,JPEG,3,4.03,75.75,0,0,0,0,1
I41_10_04.png,I41,JPEG,4,1.77,19.25,0,0,0,0,1
I41_10_05.png,I41,JPEG,5,1.17,4.25,0,0,0,0,1
I41_09_01.png,I41,JPEG2000,1,4.67,91.75,0,0,0,0,0
I41_09_02.png,I41,JPEG2000,2,4.4,85.0,0,0,0,0,0
I41_09_03.png,I41,JPEG2000,3,3.97,74.25,0,0,0,0,1
I41_09_04.png,I41,JPEG2000,4,1.83,20.75,0,0,0,0,1
I41_09_05.png,I41,JPEG2000,5,1.4,10.0,0,0,0,0,1
I41_19_01.png,I41,Jitter,1,4.53,88.25,0,0,0,0,0
I41_19_02.png,I41,Jitter,2,4.7,92.5,0,0,0,0,0
I41_19_03.png,I41,Jitter,3,3.97,74.25,0,0,0,0,0
I41_19_04.png,I41,Jitter,4,1.93,23.25,0,0,0,0,0
I41_19_05.png,I41,Jitter,5,1.4,10.0,0,0,0,0,1
I41_02_01.png,I41,Lens blur,1,4.0,75.0,0,0,0,0,0
I41_02_02.png,I41,Lens blur,2,2.81,45.25,0,0,0,0,0
I41_02_03.png,I41,Lens blur,3,1.81,20.25,1,0,0,0,0
I41_02_04.png,I41,Lens blur,4,1.47,11.75,1,0,0,0,0
I41_02_05.png,I41,Lens blur,5,1.37,9.25,1,0,0,0,1
I41_18_01.png,I41,Mean shift,1,3.93,73.25,0,0,0,0,0
I41_18_02.png,I41,Mean shift,2,4.63,90.75,0,0,0,0,0
I41_18_03.png,I41,Mean shift,3,4.6,90.0,0,0,0,0,0
I41_18_04.png,I41,Mean shift,4,4.6,90.0,0,0,0,0,0
I41_18_05.png,I41,Mean shift,5,3.97,74.25,0,0,0,0,1
I41_03_01.png,I41,Motion blur,1,4.57,89.25,0,0,0,0,0
I41_03_02.png,I41,Motion blur,2,4.6,90.0,0,0,0,0,0
I41_03_03.png,I41,Motion blur,3,3.47,61.75,1,0,0,0,0
I41_03_04.png,I41,Motion blur,4,2.4,35.0,1,0,0,0,0
I41_03_05.png,I41,Motion blur,5,1.77,19.25,1,0,0,0,1
I41_14_01.png,I41,Multiplicative noise,1,4.77,94.25,0,0,0,0,0
I41_14_02.png,I41,Multiplicative noise,2,3.83,70.75,0,0,0,0,0
I41_14_03.png,I41,Multiplicative noise,3,3.1,52.5,0,0,0,1,0
I41_14_04.png,I41,Multiplicative noise,4,2.43,35.75,0,0,0,1,0
I41_14_05.png,I41,Multiplicative noise,5,1.8,20.0,0,0,0,1,1
I41_20_01.png,I41,Non-eccentricity patch,1,4.2,80.0,0,0,0,0,0
I41_20_02.png,I41,Non-eccentricity patch,2,4.4,85.0,0,0,0,0,0
I41_20_03.png,I41,Non-eccentricity patch,3,3.73,68.25,0,0,0,0,0
I41_20_04.png,I41,Non-eccentricity patch,4,3.03,50.75,0,0,0,0,0
I41_20_05.png,I41,Non-eccentricity patch,5,2.4,35.0,0,0,0,0,1
I41_21_01.png,I41,Pixelate,1,4.27,81.75,0,0,0,0,0
I41_21_02.png,I41,Pixelate,2,3.48,62.0,0,0,0,0,0
I41_21_03.png,I41,Pixelate,3,3.03,50.75,0,0,0,0,0
I41_21_04.png,I41,Pixelate,4,3.13,53.25,0,0,0,0,0
I41_21_05.png,I41,Pixelate,5,1.47,11.75,0,0,0,0,1
I41_22_01.png,I41,Quantization,1,4.73,93.25,0,0,0,0,0
I41_22_02.png,I41,Quantization,2,4.67,91.75,0,0,0,0,0
I41_22_03.png,I41,Quantization,3,4.27,81.75,0,0,0,0,0
I41_22_04.png,I41,Quantization,4,4.07,76.75,0,0,0,0,0
I41_22_05.png,I41,Quantization,5,3.2,55.0,0,0,0,0,1
I41_11_01.png,I41,White noise,1,4.27,81.75,0,0,0,0,0
I41_11_02.png,I41,White noise,2,3.63,65.75,0,0,0,0,0
I41_11_03.png,I41,White noise,3,3.07,51.75,0,0,0,1,0
I41_11_04.png,I41,White noise,4,2.67,41.75,0,0,0,1,0
I41_11_05.png,I41,White noise,5,2.4,35.0,0,0,0,1,1
I41_12_01.png,I41,White noise in color component,1,4.67,91.75,0,0,0,0,0
I41_12_02.png,I41,White noise in color component,2,3.97,74.25,0,0,0,0,0
I41_12_03.png,I41,White noise in color component,3,3.5,62.5,0,0,0,1,0
I41_12_04.png,I41,White noise in color component,4,2.73,43.25,0,0,0,1,0
I41_12_05.png,I41,White noise in color component,5,2.6,40.0,0,0,0,1,1
I41.png,I41,none,0,,100.0,0,0,0,0,0
I42_16_01.png,I42,Brighten,1,4.53,88.25,0,0,0,0,0
I42_16_02.png,I42,Brighten,2,4.33,83.25,0,0,0,0,0
I42_16_03.png,I42,Brighten,3,3.7,67.5,0,0,1,0,0
I42_16_04.png,I42,Brighten,4,2.93,48.25,0,0,1,0,0
I42_16_05.png,I42,Brighten,5,1.9,22.5,0,0,1,0,1
I42_23_01.png,I42,Color block,1,3.1,52.5,0,0,0,0,0
I42_23_02.png,I42,Color block,2,2.37,34.25,0,0,0,0,0
I42_23_03.png,I42,Color block,3,2.4,35.0,0,0,0,0,1
I42_23_04.png,I42,Color block,4,2.55,38.75,0,0,0,0,1
I42_23_05.png,I42,Color block,5,1.6,15.0,0,0,0,0,1
I42_04_01.png,I42,Color diffusion,1,4.73,93.25,0,0,0,0,0
I42_04_02.png,I42,Color diffusion,2,2.33,33.25,0,0,0,0,0
I42_04_03.png,I42,Color diffusion,3,1.37,9.25,0,0,0,0,0
I42_04_04.png,I42,Color diffusion,4,1.27,6.75,0,0,0,0,0
I42_04_05.png,I42,Color diffusion,5,1.2,5.0,0,0,0,0,1
I42_06_01.png,I42,Color quantization,1,3.83,70.75,0,0,0,0,0
I42_06_02.png,I42,Color quantization,2,3.63,65.75,0,0,0,0,0
I42_06_03.png,I42,Color quantization,3,2.87,46.75,0,0,0,0,1
I42_06_04.png,I42,Color quantization,4,2.77,44.25,0,0,0,0,1
I42_06_05.png,I42,Color quantization,5,2.13,28.25,0,0,0,0,1
I42_07_01.png,I42,Color saturation 1,1,2.73,43.25,0,0,0,0,0
I42_07_02.png,I42,Color saturation 1,2,2.4,35.0,0,0,0,0,0
I42_07_03.png,I42,Color saturation 1,3,2.03,25.75,0,0,0,0,0
I42_07_04.png,I42,Color saturation 1,4,2.13,28.25,0,0,0,0,0
I42_07_05.png,I42,Color saturation 1,5,2.2,30.0,0,0,0,0,1
I42_08_01.png,I42,Color saturation 2,1,4.7,92.5,0,0,0,0,0
I42_08_02.png,I42,Color saturation 2,2,3.17,54.25,0,0,0,0,0
I42_08_03.png,I42,Color saturation 2,3,2.63,40.75,0,0,0,0,0
I42_08_04.png,I42,Color saturation 2,4,1.67,16.75,0,0,0,0,0
I42_08_05.png,I42,Color saturation 2,5,1.47,11.75,0,0,0,0,1
I42_05_01.png,I42,Color shift,1,4.33,83.25,0,0,0,0,0
I42_05_02.png,I42,Color shift,2,3.1,52.5,0,0,0,0,0
I42_05_03.png,I42,Color shift,3,2.47,36.75,0,0,0,0,0
I42_05_04.png,I42,Color shift,4,2.03,25.75,0,0,0,0,0
I42_05_05.png,I42,Color shift,5,2.27,31.75,0,0,0,0,1
I42_25_01.png,I42,Contrast change,1,3.13,53.25,0,0,0,0,0
I42_25_02.png,I42,Contrast change,2,3.87,71.75,0,0,0,0,0
I42_25_03.png,I42,Contrast change,3,4.27,81.75,0,0,0,0,0
I42_25_04.png,I42,Contrast change,4,4.3,82.5,0,0,0,0,0
I42_25_05.png,I42,Contrast change,5,3.1,52.5,0,0,0,0,1
I42_17_01.png,I42,Darken,1,4.73,93.25,0,0,0,0,0
I42_17_02.png,I42,Darken,2,4.53,88.25,0,0,0,0,0
I42_17_03.png,I42,Darken,3,4.2,80.0,0,1,0,0,0
I42_17_04.png,I42,Darken,4,3.66,66.5,0,1,0,0,0
I42_17_05.png,I42,Darken,5,1.77,19.25,0,1,0,0,1
I42_15_01.png,I42,Denoise,1,4.03,75.75,0,0,0,0,0
I42_15_02.png,I42,Denoise,2,3.23,55.75,0,0,0,0,0
I42_15_03.png,I42,Denoise,3,2.13,28.25,0,0,0,1,0
I42_15_04.png,I42,Denoise,4,2.0,25.0,0,0,0,1,0
I42_15_05.png,I42,Denoise,5,1.5,12.5,0,0,0,1,1
I42_01_01.png,I42,Gaussian blur,1,4.57,89.25,0,0,0,0,0
I42_01_02.png,I42,Gaussian blur,2,4.63,90.75,0,0,0,0,0
I42_01_03.png,I42,Gaussian blur,3,3.23,55.75,1,0,0,0,0
I42_01_04.png,I42,Gaussian blur,4,2.07,26.75,1,0,0,0,0
I42_01_05.png,I42,Gaussian blur,5,1.4,10.0,1,0,0,0,1
I42_24_01.png,I42,High sharpen,1,3.23,55.75,0,0,0,0,0
I42_24_02.png,I42,High sharpen,2,2.9,47.5,0,0,0,0,0
I42_24_03.png,I42,High sharpen,3,2.3,32.5,0,0,0,0,0
I42_24_04.png,I42,High sharpen,4,1.5,12.5,0,0,0,0,0
I42_24_05.png,I42,High sharpen,5,1.47,11.75,0,0,0,0,1
I42_13_01.png,I42,Impulse noise,1,3.9,72.5,0,0,0,0,0
I42_13_02.png,I42,Impulse noise,2,3.17,54.25,0,0,0,0,0
I42_13_03.png,I42,Impulse noise,3,2.63,40.75,0,0,0,1,0
I42_13_04.png,I42,Impulse noise,4,2.43,35.75,0,0,0,1,0
I42_13_05.png,I42,Impulse noise,5,2.33,33.25,0,0,0,1,1
I42_10_01.png,I42,JPEG,1,4.3,82.5,0,0,0,0,0
I42_10_02.png,I42,JPEG,2,4.33,83.25,0,0,0,0,0
I42_10_03.png,I42,JPEG,3,3.8,70.0,0,0,0,0,1
I42_10_04.png,I42,JPEG,4,2.3,32.5,0,0,0,0,1
I42_10_05.png,I42,JPEG,5,1.43,10.75,0,0,0,0,1
I42_09_01.png,I42,JPEG2000,1,4.73,93.25,0,0,0,0,0
I42_09_02.png,I42,JPEG2000,2,4.23,80.75,0,0,0,0,0
I42_09_03.png,I42,JPEG2000,3,3.83,70.75,0,0,0,0,1
I42_09_04.png,I42,JPEG2000,4,2.39,34.75,0,0,0,0,1
I42_09_05.png,I42,JPEG2000,5,1.23,5.75,0,0,0,0,1
I42_19_01.png,I42,Jitter,1,4.37,84.25,0,0,0,0,0
I42_19_02.png,I42,Jitter,2,4.5,87.5,0,0,0,0,0
I42_19_03.png,I42,Jitter,3,3.47,61.75,0,0,0,0,0
I42_19_04.png,I42,Jitter,4,1.97,24.25,0,0,0,0,0
I42_19_05.png,I42,Jitter,5,1.43,10.75,0,0,0,0,1
I42_02_01.png,I42,Lens blur,1,4.07,76.75,0,0,0,0,0
I42_02_02.png,I42,Lens blur,2,3.13,53.25,0,0,0,0,0
I42_02_03.png,I42,Lens blur,3,1.63,15.75,1,0,0,0,0
I42_02_04.png,I42,Lens blur,4,1.6,15.0,1,0,0,0,0
I42_02_05.png,I42,Lens blur,5,1.33,8.25,1,0,0,0,1
I42_18_01.png,I42,Mean shift,1,4.5,87.5,0,0,0,0,0
I42_18_02.png,I42,Mean shift,2,4.7,92.5,0,0,0,0,0
I42_18_03.png,I42,Mean shift,3,4.77,94.25,0,0,0,0,0
I42_18_04.png,I42,Mean shift,4,4.43,85.75,0,0,0,0,0
I42_18_05.png,I42,Mean shift,5,3.93,73.25,0,0,0,0,1
I42_03_01.png,I42,Motion blur,1,4.77,94.25,0,0,0,0,0
I42_03_02.png,I42,Motion blur,2,4.43,85.75,0,0,0,0,0
I42_03_03.png,I42,Motion blur,3,3.07,51.75,1,0,0,0,0
I42_03_04.png,I42,Motion blur,4,2.33,33.25,1,0,0,0,0
I42_03_05.png,I42,Motion blur,5,1.7,17.5,1,0,0,0,1
I42_14_01.png,I42,Multiplicative noise,1,4.37,84.25,0,0,0,0,0
I42_14_02.png,I42,Multiplicative noise,2,4.07,76.75,0,0,0,0,0
I42_14_03.png,I42,Multiplicative noise,3,3.23,55.75,0,0,0,1,0
I42_14_04.png,I42,Multiplicative noise,4,2.93,48.25,0,0,0,1,0
I42_14_05.png,I42,Multiplicative noise,5,2.33,33.25,0,0,0,1,1
I42_20_01.png,I42,Non-eccentricity patch,1,4.37,84.25,0,0,0,0,0
I42_20_02.png,I42,Non-eccentricity patch,2,4.17,79.25,0,0,0,0,0
I42_20_03.png,I42,Non-eccentricity patch,3,3.3,57.5,0,0,0,0,0
I42_20_04.png,I42,Non-eccentricity patch,4,3.0,50.0,0,0,0,0,0
I42_20_05.png,I42,Non-eccentricity patch,5,2.5,37.5,0,0,0,0,1
I42_21_01.png,I42,Pixelate,1,3.42,60.5,0,0,0,0,0
I42_21_02.png,I42,Pixelate,2,3.06,51.5,0,0,0,0,0
I42_21_03.png,I42,Pixelate,3,2.77,44.25,0,0,0,0,0
I42_21_04.png,I42,Pixelate,4,2.67,41.75,0,0,0,0,0
I42_21_05.png,I42,Pixelate,5,1.43,10.75,0,0,0,0,1
I42_22_01.png,I42,Quantization,1,4.7,92.5,0,0,0,0,0
I42_22_02.png,I42,Quantization,2,4.77,94.25,0,0,0,0,0
I42_22_03.png,I42,Quantization,3,4.61,90.25,0,0,0,0,0
I42_22_04.png,I42,Quantization,4,4.2,80.0,0,0,0,0,0
I42_22_05.png,I42,Quantization,5,4.0,75.0,0,0,0,0,1
I42_11_01.png,I42,White noise,1,4.23,80.75,0,0,0,0,0
I42_11_02.png,I42,White noise,2,3.6,65.0,0,0,0,0,0
I42_11_03.png,I42,White noise,3,3.33,58.25,0,0,0,1,0
I42_11_04.png,I42,White noise,4,3.0,50.0,0,0,0,1,0
I42_11_05.png,I42,White noise,5,2.47,36.75,0,0,0,1,1
I42_12_01.png,I42,White noise in color component,1,4.73,93.25,0,0,0,0,0
I42_12_02.png,I42,White noise in color component,2,3.83,70.75,0,0,0,0,0
I42_12_03.png,I42,White noise in color component,3,3.37,59.25,0,0,0,1,0
I42_12_04.png,I42,White noise in color component,4,3.09,52.25,0,0,0,1,0
I42_12_05.png,I42,White noise in color component,5,2.7,42.5,0,0,0,1,1
I42.png,I42,none,0,,100.0,0,0,0,0,0
I43_16_01.png,I43,Brighten,1,4.42,85.5,0,0,0,0,0
I43_16_02.png,I43,Brighten,2,3.97,74.25,0,0,0,0,0
I43_16_03.png,I43,Brighten,3,3.67,66.75,0,0,1,0,0
I43_16_04.png,I43,Brighten,4,2.3,32.5,0,0,1,0,0
I43_16_05.png,I43,Brighten,5,1.63,15.75,0,0,1,0,1
I43_23_01.png,I43,Color block,1,2.43,35.75,0,0,0,0,0
I43_23_02.png,I43,Color block,2,2.13,28.25,0,0,0,0,0
I43_23_03.png,I43,Color block,3,2.53,38.25,0,0,0,0,1
I43_23_04.png,I43,Color block,4,2.07,26.75,0,0,0,0,1
I43_23_05.png,I43,Color block,5,2.33,33.25,0,0,0,0,1
I43_04_01.png,I43,Color diffusion,1,4.87,96.75,0,0,0,0,0
I43_04_02.png,I43,Color diffusion,2,2.83,45.75,0,0,0,0,0
I43_04_03.png,I43,Color diffusion,3,2.9,47.5,0,0,0,0,0
I43_04_04.png,I43,Color diffusion,4,2.97,49.25,0,0,0,0,0
I43_04_05.png,I43,Color diffusion,5,2.63,40.75,0,0,0,0,1
I43_06_01.png,I43,Color quantization,1,4.57,89.25,0,0,0,0,0
I43_06_02.png,I43,Color quantization,2,4.61,90.25,0,0,0,0,0
I43_06_03.png,I43,Color quantization,3,4.67,91.75,0,0,0,0,1
I43_06_04.png,I43,Color quantization,4,3.93,73.25,0,0,0,0,1
I43_06_05.png,I43,Color quantization,5,3.37,59.25,0,0,0,0,1
I43_07_01.png,I43,Color saturation 1,1,3.1,52.5,0,0,0,0,0
I43_07_02.png,I43,Color saturation 1,2,2.03,25.75,0,0,0,0,0
I43_07_03.png,I43,Color saturation 1,3,2.1,27.5,0,0,0,0,0
I43_07_04.png,I43,Color saturation 1,4,2.53,38.25,0,0,0,0,0
I43_07_05.png,I43,Color saturation 1,5,1.87,21.75,0,0,0,0,1
I43_08_01.png,I43,Color saturation 2,1,4.6,90.0,0,0,0,0,0
I43_08_02.png,I43,Color saturation 2,2,3.7,67.5,0,0,0,0,0
I43_08_03.png,I43,Color saturation 2,3,3.23,55.75,0,0,0,0,0
I43_08_04.png,I43,Color saturation 2,4,2.7,42.5,0,0,0,0,0
I43_08_05.png,I43,Color saturation 2,5,3.07,51.75,0,0,0,0,1
I43_05_01.png,I43,Color shift,1,4.33,83.25,0,0,0,0,0
I43_05_02.png,I43,Color shift,2,3.17,54.25,0,0,0,0,0
I43_05_03.png,I43,Color shift,3,1.97,24.25,0,0,0,0,0
I43_05_04.png,I43,Color shift,4,2.1,27.5,0,0,0,0,0
I43_05_05.png,I43,Color shift,5,1.84,21.0,0,0,0,0,1
I43_25_01.png,I43,Contrast change,1,3.8,70.0,0,0,0,0,0
I43_25_02.png,I43,Contrast change,2,4.2,80.0,0,0,0,0,0
I43_25_03.png,I43,Contrast change,3,4.53,88.25,0,0,0,0,0
I43_25_04.png,I43,Contrast change,4,4.13,78.25,0,0,0,0,0
I43_25_05.png,I43,Contrast change,5,3.1,52.5,0,0,0,0,1
I43_17_01.png,I43,Darken,1,4.47,86.75,0,0,0,0,0
I43_17_02.png,I43,Darken,2,4.67,91.75,0,0,0,0,0
I43_17_03.png,I43,Darken,3,4.4,85.0,0,1,0,0,0
I43_17_04.png,I43,Darken,4,3.9,72.5,0,1,0,0,0
I43_17_05.png,I43,Darken,5,3.2,55.0,0,1,0,0,1
I43_15_01.png,I43,Denoise,1,3.63,65.75,0,0,0,0,0
I43_15_02.png,I43,Denoise,2,3.0,50.0,0,0,0,0,0
I43_15_03.png,I43,Denoise,3,2.13,28.25,0,0,0,1,0
I43_15_04.png,I43,Denoise,4,1.73,18.25,0,0,0,1,0
I43_15_05.png,I43,Denoise,5,1.7,17.5,0,0,0,1,1
I43_01_01.png,I43,Gaussian blur,1,4.8,95.0,0,0,0,0,0
I43_01_02.png,I43,Gaussian blur,2,4.47,86.75,0,0,0,0,0
I43_01_03.png,I43,Gaussian blur,3,3.67,66.75,1,0,0,0,0
I43_01_04.png,I43,Gaussian blur,4,2.47,36.75,1,0,0,0,0
I43_01_05.png,I43,Gaussian blur,5,1.6,15.0,1,0,0,0,1
I43_24_01.png,I43,High sharpen,1,4.43,85.75,0,0,0,0,0
I43_24_02.png,I43,High sharpen,2,3.73,68.25,0,0,0,0,0
I43_24_03.png,I43,High sharpen,3,2.8,45.0,0,0,0,0,0
I43_24_04.png,I43,High sharpen,4,2.23,30.75,0,0,0,0,0
I43_24_05.png,I43,High sharpen,5,1.81,20.25,0,0,0,0,1
I43_13_01.png,I43,Impulse noise,1,3.4,60.0,0,0,0,0,0
I43_13_02.png,I43,Impulse noise,2,3.1,52.5,0,0,0,0,0
I43_13_03.png,I43,Impulse noise,3,2.6,40.0,0,0,0,1,0
I43_13_04.png,I43,Impulse noise,4,2.47,36.75,0,0,0,1,0
I43_13_05.png,I43,Impulse noise,5,2.3,32.5,0,0,0,1,1
I43_10_01.png,I43,JPEG,1,4.67,91.75,0,0,0,0,0
I43_10_02.png,I43,JPEG,2,4.6,90.0,0,0,0,0,0
I43_10_03.png,I43,JPEG,3,4.33,83.25,0,0,0,0,1
I43_10_04.png,I43,JPEG,4,2.07,26.75,0,0,0,0,1
I43_10_05.png,I43,JPEG,5,1.67,16.75,0,0,0,0,1
I43_09_01.png,I43,JPEG2000,1,4.87,96.75,0,0,0,0,0
I43_09_02.png,I43,JPEG2000,2,4.73,93.25,0,0,0,0,0
I43_09_03.png,I43,JPEG2000,3,4.37,84.25,0,0,0,0,1
I43_09_04.png,I43,JPEG2000,4,3.3,57.5,0,0,0,0,1
I43_09_05.png,I43,JPEG2000,5,1.53,13.25,0,0,0,0,1
I43_19_01.png,I43,Jitter,1,4.67,91.75,0,0,0,0,0
I43_19_02.png,I43,Jitter,2,4.57,89.25,0,0,0,0,0
I43_19_03.png,I43,Jitter,3,3.97,74.25,0,0,0,0,0
I43_19_04.png,I43,Jitter,4,2.8,45.0,0,0,0,0,0
I43_19_05.png,I43,Jitter,5,1.9,22.5,0,0,0,0,1
I43_02_01.png,I43,Lens blur,1,4.53,88.25,0,0,0,0,0
I43_02_02.png,I43,Lens blur,2,3.2,55.0,0,0,0,0,0
I43_02_03.png,I43,Lens blur,3,2.2,30.0,1,0,0,0,0
I43_02_04.png,I43,Lens blur,4,1.9,22.5,1,0,0,0,0
I43_02_05.png,I43,Lens blur,5,1.6,15.0,1,0,0,0,1
I43_18_01.png,I43,Mean shift,1,4.2,80.0,0,0,0,0,0
I43_18_02.png,I43,Mean shift,2,4.6,90.0,0,0,0,0,0
I43_18_03.png,I43,Mean shift,3,4.67,91.75,0,0,0,0,0
I43_18_04.png,I43,Mean shift,4,4.5,87.5,0,0,0,0,0
I43_18_05.png,I43,Mean shift,5,4.33,83.25,0,0,0,0,1
I43_03_01.png,I43,Motion blur,1,4.7,92.5,0,0,0,0,0
I43_03_02.png,I43,Motion blur,2,4.47,86.75,0,0,0,0,0
I43_03_03.png,I43,Motion blur,3,3.53,63.25,1,0,0,0,0
I43_03_04.png,I43,Motion blur,4,2.83,45.75,1,0,0,0,0
I43_03_05.png,I43,Motion blur,5,2.3,32.5,1,0,0,0,1
I43_14_01.png,I43,Multiplicative noise,1,4.87,96.75,0,0,0,0,0
I43_14_02.png,I43,Multiplicative noise,2,4.5,87.5,0,0,0,0,0
I43_14_03.png,I43,Multiplicative noise,3,3.97,74.25,0,0,0,1,0
I43_14_04.png,I43,Multiplicative noise,4,3.03,50.75,0,0,0,1,0
I43_14_05.png,I43,Multiplicative noise,5,2.35,33.75,0,0,0,1,1
I43_20_01.png,I43,Non-eccentricity patch,1,4.5,87.5,0,0,0,0,0
I43_20_02.png,I43,Non-eccentricity patch,2,4.53,88.25,0,0,0,0,0
I43_20_03.png,I43,Non-eccentricity patch,3,4.5,87.5,0,0,0,0,0
I43_20_04.png,I43,Non-eccentricity patch,4,4.07,76.75,0,0,0,0,0
I43_20_05.png,I43,Non-eccentricity patch,5,3.67,66.75,0,0,0,0,1
I43_21_01.png,I43,Pixelate,1,4.57,89.25,0,0,0,0,0
I43_21_02.png,I43,Pixelate,2,4.17,79.25,0,0,0,0,0
I43_21_03.png,I43,Pixelate,3,4.03,75.75,0,0,0,0,0
I43_21_04.png,I43,Pixelate,4,4.07,76.75,0,0,0,0,0
I43_21_05.png,I43,Pixelate,5,2.13,28.25,0,0,0,0,1
I43_22_01.png,I43,Quantization,1,3.57,64.25,0,0,0,0,0
I43_22_02.png,I43,Quantization,2,3.47,61.75,0,0,0,0,0
I43_22_03.png,I43,Quantization,3,3.23,55.75,0,0,0,0,0
I43_22_04.png,I43,Quantization,4,3.07,51.75,0,0,0,0,0
I43_22_05.png,I43,Quantization,5,3.0,50.0,0,0,0,0,1
I43_11_01.png,I43,White noise,1,3.87,71.75,0,0,0,0,0
I43_11_02.png,I43,White noise,2,3.63,65.75,0,0,0,0,0
I43_11_03.png,I43,White noise,3,3.53,63.25,0,0,0,1,0
I43_11_04.png,I43,White noise,4,3.2,55.0,0,0,0,1,0
I43_11_05.png,I43,White noise,5,2.7,42.5,0,0,0,1,1
I43_12_01.png,I43,White noise in color component,1,4.8,95.0,0,0,0,0,0
I43_12_02.png,I43,White noise in color component,2,3.73,68.25,0,0,0,0,0
I43_12_03.png,I43,White noise in color component,3,3.87,71.75,0,0,0,1,0
I43_12_04.png,I43,White noise in color component,4,2.9,47.5,0,0,0,1,0
I43_12_05.png,I43,White noise in color component,5,2.9,47.5,0,0,0,1,1
I43.png,I43,none,0,,100.0,0,0,0,0,0
I44_16_01.png,I44,Brighten,1,4.23,80.75,0,0,0,0,0
I44_16_02.png,I44,Brighten,2,4.13,78.25,0,0,0,0,0
I44_16_03.png,I44,Brighten,3,3.47,61.75,0,0,1,0,0
I44_16_04.png,I44,Brighten,4,2.3,32.5,0,0,1,0,0
I44_16_05.png,I44,Brighten,5,1.47,11.75,0,0,1,0,1
I44_23_01.png,I44,Color block,1,2.73,43.25,0,0,0,0,0
I44_23_02.png,I44,Color block,2,2.57,39.25,0,0,0,0,0
I44_23_03.png,I44,Color block,3,2.23,30.75,0,0,0,0,1
I44_23_04.png,I44,Color block,4,1.97,24.25,0,0,0,0,1
I44_23_05.png,I44,Color block,5,1.97,24.25,0,0,0,0,1
I44_04_01.png,I44,Color diffusion,1,4.57,89.25,0,0,0,0,0
I44_04_02.png,I44,Color diffusion,2,2.2,30.0,0,0,0,0,0
I44_04_03.png,I44,Color diffusion,3,1.43,10.75,0,0,0,0,0
I44_04_04.png,I44,Color diffusion,4,1.48,12.0,0,0,0,0,0
I44_04_05.png,I44,Color diffusion,5,1.17,4.25,0,0,0,0,1
I44_06_01.png,I44,Color quantization,1,4.23,80.75,0,0,0,0,0
I44_06_02.png,I44,Color quantization,2,4.2,80.0,0,0,0,0,0
I44_06_03.png,I44,Color quantization,3,3.9,72.5,0,0,0,0,1
I44_06_04.png,I44,Color quantization,4,3.87,71.75,0,0,0,0,1
I44_06_05.png,I44,Color quantization,5,2.93,48.25,0,0,0,0,1
I44_07_01.png,I44,Color saturation 1,1,2.57,39.25,0,0,0,0,0
I44_07_02.png,I44,Color saturation 1,2,1.9,22.5,0,0,0,0,0
I44_07_03.png,I44,Color saturation 1,3,1.94,23.5,0,0,0,0,0
I44_07_04.png,I44,Color saturation 1,4,2.13,28.25,0,0,0,0,0
I44_07_05.png,I44,Color saturation 1,5,2.0,25.0,0,0,0,0,1
I44_08_01.png,I44,Color saturation 2,1,4.6,90.0,0,0,0,0,0
I44_08_02.png,I44,Color saturation 2,2,3.23,55.75,0,0,0,0,0
I44_08_03.png,I44,Color saturation 2,3,2.2,30.0,0,0,0,0,0
I44_08_04.png,I44,Color saturation 2,4,1.37,9.25,0,0,0,0,0
I44_08_05.png,I44,Color saturation 2,5,1.27,6.75,0,0,0,0,1
I44_05_01.png,I44,Color shift,1,4.73,93.25,0,0,0,0,0
I44_05_02.png,I44,Color shift,2,2.52,38.0,0,0,0,0,0
I44_05_03.png,I44,Color shift,3,1.93,23.25,0,0,0,0,0
I44_05_04.png,I44,Color shift,4,1.53,13.25,0,0,0,0,0
I44_05_05.png,I44,Color shift,5,1.37,9.25,0,0,0,0,1
I44_25_01.png,I44,Contrast change,1,3.17,54.25,0,0,0,0,0
I44_25_02.png,I44,Contrast change,2,3.57,64.25,0,0,0,0,0
I44_25_03.png,I44,Contrast change,3,4.17,79.25,0,0,0,0,0
I44_25_04.png,I44,Contrast change,4,3.4,60.0,0,0,0,0,0
I44_25_05.png,I44,Contrast change,5,2.97,49.25,0,0,0,0,1
I44_17_01.png,I44,Darken,1,4.6,90.0,0,0,0,0,0
I44_17_02.png,I44,Darken,2,4.5,87.5,0,0,0,0,0
I44_17_03.png,I44,Darken,3,3.9,72.5,0,1,0,0,0
I44_17_04.png,I44,Darken,4,3.57,64.25,0,1,0,0,0
I44_17_05.png,I44,Darken,5,1.7,17.5,0,1,0,0,1
I44_15_01.png,I44,Denoise,1,3.77,69.25,0,0,0,0,0
I44_15_02.png,I44,Denoise,2,2.97,49.25,0,0,0,0,0
I44_15_03.png,I44,Denoise,3,2.23,30.75,0,0,0,1,0
I44_15_04.png,I44,Denoise,4,1.63,15.75,0,0,0,1,0
I44_15_05.png,I44,Denoise,5,1.2,5.0,0,0,0,1,1
I44_01_01.png,I44,Gaussian blur,1,4.43,85.75,0,0,0,0,0
I44_01_02.png,I44,Gaussian blur,2,4.07,76.75,0,0,0,0,0
I44_01_03.png,I44,Gaussian blur,3,3.63,65.75,1,0,0,0,0
I44_01_04.png,I44,Gaussian blur,4,1.87,21.75,1,0,0,0,0
I44_01_05.png,I44,Gaussian blur,5,1.13,3.25,1,0,0,0,1
I44_24_01.png,I44,High sharpen,1,3.6,65.0,0,0,0,0,0
I44_24_02.png,I44,High sharpen,2,2.45,36.25,0,0,0,0,0
I44_24_03.png,I44,High sharpen,3,2.0,25.0,0,0,0,0,0
I44_24_04.png,I44,High sharpen,4,1.73,18.25,0,0,0,0,0
I44_24_05.png,I44,High sharpen,5,1.2,5.0,0,0,0,0,1
I44_13_01.png,I44,Impulse noise,1,3.7,67.5,0,0,0,0,0
I44_13_02.png,I44,Impulse noise,2,3.0,50.0,0,0,0,0,0
I44_13_03.png,I44,Impulse noise,3,2.53,38.25,0,0,0,1,0
I44_13_04.png,I44,Impulse noise,4,2.47,36.75,0,0,0,1,0
I44_13_05.png,I44,Impulse noise,5,2.3,32.5,0,0,0,1,1
I44_10_01.png,I44,JPEG,1,4.53,88.25,0,0,0,0,0
I44_10_02.png,I44,JPEG,2,4.4,85.0,0,0,0,0,0
I44_10_03.png,I44,JPEG,3,3.87,71.75,0,0,0,0,1
I44_10_04.png,I44,JPEG,4,2.33,33.25,0,0,0,0,1
I44_10_05.png,I44,JPEG,5,1.37,9.25,0,0,0,0,1
I44_09_01.png,I44,JPEG2000,1,4.73,93.25,0,0,0,0,0
I44_09_02.png,I44,JPEG2000,2,4.57,89.25,0,0,0,0,0
I44_09_03.png,I44,JPEG2000,3,4.4,85.0,0,0,0,0,1
I44_09_04.png,I44,JPEG2000,4,3.1,52.5,0,0,0,0,1
I44_09_05.png,I44,JPEG2000,5,1.33,8.25,0,0,0,0,1
I44_19_01.png,I44,Jitter,1,4.47,86.75,0,0,0,0,0
I44_19_02.png,I44,Jitter,2,4.23,80.75,0,0,0,0,0
I44_19_03.png,I44,Jitter,3,3.8,70.0,0,0,0,0,0
I44_19_04.png,I44,Jitter,4,2.2,30.0,0,0,0,0,0
I44_19_05.png,I44,Jitter,5,1.43,10.75,0,0,0,0,1
I44_02_01.png,I44,Lens blur,1,4.33,83.25,0,0,0,0,0
I44_02_02.png,I44,Lens blur,2,2.93,48.25,0,0,0,0,0
I44_02_03.png,I44,Lens blur,3,1.67,16.75,1,0,0,0,0
I44_02_04.png,I44,Lens blur,4,1.3,7.5,1,0,0,0,0
I44_02_05.png,I44,Lens blur,5,1.13,3.25,1,0,0,0,1
I44_18_01.png,I44,Mean shift,1,4.03,75.75,0,0,0,0,0
I44_18_02.png,I44,Mean shift,2,4.43,85.75,0,0,0,0,0
I44_18_03.png,I44,Mean shift,3,4.4,85.0,0,0,0,0,0
I44_18_04.png,I44,Mean shift,4,4.26,81.5,0,0,0,0,0
I44_18_05.png,I44,Mean shift,5,3.67,66.75,0,0,0,0,1
I44_03_01.png,I44,Motion blur,1,4.47,86.75,0,0,0,0,0
I44_03_02.png,I44,Motion blur,2,4.47,86.75,0,0,0,0,0
I44_03_03.png,I44,Motion blur,3,3.37,59.25,1,0,0,0,0
I44_03_04.png,I44,Motion blur,4,2.0,25.0,1,0,0,0,0
I44_03_05.png,I44,Motion blur,5,1.57,14.25,1,0,0,0,1
I44_14_01.png,I44,Multiplicative noise,1,4.4,85.0,0,0,0,0,0
I44_14_02.png,I44,Multiplicative noise,2,3.87,71.75,0,0,0,0,0
I44_14_03.png,I44,Multiplicative noise,3,3.07,51.75,0,0,0,1,0
I44_14_04.png,I44,Multiplicative noise,4,2.8,45.0,0,0,0,1,0
I44_14_05.png,I44,Multiplicative noise,5,2.27,31.75,0,0,0,1,1
I44_20_01.png,I44,Non-eccentricity patch,1,4.23,80.75,0,0,0,0,0
I44_20_02.png,I44,Non-eccentricity patch,2,3.67,66.75,0,0,0,0,0
I44_20_03.png,I44,Non-eccentricity patch,3,4.2,80.0,0,0,0,0,0
I44_20_04.png,I44,Non-eccentricity patch,4,3.53,63.25,0,0,0,0,0
I44_20_05.png,I44,Non-eccentricity patch,5,3.27,56.75,0,0,0,0,1
I44_21_01.png,I44,Pixelate,1,4.07,76.75,0,0,0,0,0
I44_21_02.png,I44,Pixelate,2,3.13,53.25,0,0,0,0,0
I44_21_03.png,I44,Pixelate,3,3.03,50.75,0,0,0,0,0
I44_21_04.png,I44,Pixelate,4,3.52,63.0,0,0,0,0,0
I44_21_05.png,I44,Pixelate,5,1.43,10.75,0,0,0,0,1
I44_22_01.png,I44,Quantization,1,4.53,88.25,0,0,0,0,0
I44_22_02.png,I44,Quantization,2,4.33,83.25,0,0,0,0,0
I44_22_03.png,I44,Quantization,3,4.2,80.0,0,0,0,0,0
I44_22_04.png,I44,Quantization,4,3.22,55.5,0,0,0,0,0
I44_22_05.png,I44,Quantization,5,2.33,33.25,0,0,0,0,1
I44_11_01.png,I44,White noise,1,4.07,76.75,0,0,0,0,0
I44_11_02.png,I44,White noise,2,3.57,64.25,0,0,0,0,0
I44_11_03.png,I44,White noise,3,3.2,55.0,0,0,0,1,0
I44_11_04.png,I44,White noise,4,2.77,44.25,0,0,0,1,0
I44_11_05.png,I44,White noise,5,2.33,33.25,0,0,0,1,1
I44_12_01.png,I44,White noise in color component,1,4.37,84.25,0,0,0,0,0
I44_12_02.png,I44,White noise in color component,2,4.03,75.75,0,0,0,0,0
I44_12_03.png,I44,White noise in color component,3,3.27,56.75,0,0,0,1,0
I44_12_04.png,I44,White noise in color component,4,2.84,46.0,0,0,0,1,0
I44_12_05.png,I44,White noise in color component,5,2.23,30.75,0,0,0,1,1
I44.png,I44,none,0,,100.0,0,0,0,0,0
I45_16_01.png,I45,Brighten,1,4.63,90.75,0,0,0,0,0
I45_16_02.png,I45,Brighten,2,4.4,85.0,0,0,0,0,0
I45_16_03.png,I45,Brighten,3,3.7,67.5,0,0,1,0,0
I45_16_04.png,I45,Brighten,4,2.3,32.5,0,0,1,0,0
I45_16_05.png,I45,Brighten,5,1.47,11.75,0,0,1,0,1
I45_23_01.png,I45,Color block,1,4.03,75.75,0,0,0,0,0
I45_23_02.png,I45,Color block,2,2.77,44.25,0,0,0,0,0
I45_23_03.png,I45,Color block,3,2.4,35.0,0,0,0,0,1
I45_23_04.png,I45,Color block,4,1.97,24.25,0,0,0,0,1
I45_23_05.png,I45,Color block,5,1.97,24.25,0,0,0,0,1
I45_04_01.png,I45,Color diffusion,1,4.7,92.5,0,0,0,0,0
I45_04_02.png,I45,Color diffusion,2,2.8,45.0,0,0,0,0,0
I45_04_03.png,I45,Color diffusion,3,1.5,12.5,0,0,0,0,0
I45_04_04.png,I45,Color diffusion,4,1.6,15.0,0,0,0,0,0
I45_04_05.png,I45,Color diffusion,5,1.3,7.5,0,0,0,0,1
I45_06_01.png,I45,Color quantization,1,3.33,58.25,0,0,0,0,0
I45_06_02.png,I45,Color quantization,2,3.0,50.0,0,0,0,0,0
I45_06_03.png,I45,Color quantization,3,2.5,37.5,0,0,0,0,1
I45_06_04.png,I45,Color quantization,4,2.47,36.75,0,0,0,0,1
I45_06_05.png,I45,Color quantization,5,1.53,13.25,0,0,0,0,1
I45_07_01.png,I45,Color saturation 1,1,2.93,48.25,0,0,0,0,0
I45_07_02.png,I45,Color saturation 1,2,2.67,41.75,0,0,0,0,0
I45_07_03.png,I45,Color saturation 1,3,2.3,32.5,0,0,0,0,0
I45_07_04.png,I45,Color saturation 1,4,2.57,39.25,0,0,0,0,0
I45_07_05.png,I45,Color saturation 1,5,1.93,23.25,0,0,0,0,1
I45_08_01.png,I45,Color saturation 2,1,4.53,88.25,0,0,0,0,0
I45_08_02.png,I45,Color saturation 2,2,3.4,60.0,0,0,0,0,0
I45_08_03.png,I45,Color saturation 2,3,2.63,40.75,0,0,0,0,0
I45_08_04.png,I45,Color saturation 2,4,1.37,9.25,0,0,0,0,0
I45_08_05.png,I45,Color saturation 2,5,1.3,7.5,0,0,0,0,1
I45_05_01.png,I45,Color shift,1,3.8,70.0,0,0,0,0,0
I45_05_02.png,I45,Color shift,2,2.69,42.25,0,0,0,0,0
I45_05_03.png,I45,Color shift,3,1.63,15.75,0,0,0,0,0
I45_05_04.png,I45,Color shift,4,1.53,13.25,0,0,0,0,0
I45_05_05.png,I45,Color shift,5,1.63,15.75,0,0,0,0,1
I45_25_01.png,I45,Contrast change,1,3.4,60.0,0,0,0,0,0
I45_25_02.png,I45,Contrast change,2,3.8,70.0,0,0,0,0,0
I45_25_03.png,I45,Contrast change,3,4.27,81.75,0,0,0,0,0
I45_25_04.png,I45,Contrast change,4,4.27,81.75,0,0,0,0,0
I45_25_05.png,I45,Contrast change,5,3.2,55.0,0,0,0,0,1
I45_17_01.png,I45,Darken,1,4.67,91.75,0,0,0,0,0
I45_17_02.png,I45,Darken,2,4.63,90.75,0,0,0,0,0
I45_17_03.png,I45,Darken,3,4.17,79.25,0,1,0,0,0
I45_17_04.png,I45,Darken,4,3.97,74.25,0,1,0,0,0
I45_17_05.png,I45,Darken,5,2.87,46.75,0,1,0,0,1
I45_15_01.png,I45,Denoise,1,3.6,65.0,0,0,0,0,0
I45_15_02.png,I45,Denoise,2,2.27,31.75,0,0,0,0,0
I45_15_03.png,I45,Denoise,3,1.63,15.75,0,0,0,1,0
I45_15_04.png,I45,Denoise,4,1.47,11.75,0,0,0,1,0
I45_15_05.png,I45,Denoise,5,1.3,7.5,0,0,0,1,1
I45_01_01.png,I45,Gaussian blur,1,4.57,89.25,0,0,0,0,0
I45_01_02.png,I45,Gaussian blur,2,4.3,82.5,0,0,0,0,0
I45_01_03.png,I45,Gaussian blur,3,2.63,40.75,1,0,0,0,0
I45_01_04.png,I45,Gaussian blur,4,1.45,11.25,1,0,0,0,0
I45_01_05.png,I45,Gaussian blur,5,1.23,5.75,1,0,0,0,1
I45_24_01.png,I45,High sharpen,1,3.4,60.0,0,0,0,0,0
I45_24_02.png,I45,High sharpen,2,2.53,38.25,0,0,0,0,0
I45_24_03.png,I45,High sharpen,3,2.1,27.5,0,0,0,0,0
I45_24_04.png,I45,High sharpen,4,1.53,13.25,0,0,0,0,0
I45_24_05.png,I45,High sharpen,5,1.37,9.25,0,0,0,0,1
I45_13_01.png,I45,Impulse noise,1,3.37,59.25,0,0,0,0,0
I45_13_02.png,I45,Impulse noise,2,2.8,45.0,0,0,0,0,0
I45_13_03.png,I45,Impulse noise,3,2.71,42.75,0,0,0,1,0
I45_13_04.png,I45,Impulse noise,4,2.37,34.25,0,0,0,1,0
I45_13_05.png,I45,Impulse noise,5,2.03,25.75,0,0,0,1,1
I45_10_01.png,I45,JPEG,1,4.1,77.5,0,0,0,0,0
I45_10_02.png,I45,JPEG,2,4.06,76.5,0,0,0,0,0
I45_10_03.png,I45,JPEG,3,3.58,64.5,0,0,0,0,1
I45_10_04.png,I45,JPEG,4,1.53,13.25,0,0,0,0,1
I45_10_05.png,I45,JPEG,5,1.13,3.25,0,0,0,0,1
I45_09_01.png,I45,JPEG2000,1,4.5,87.5,0,0,0,0,0
I45_09_02.png,I45,JPEG2000,2,4.47,86.75,0,0,0,0,0
I45_09_03.png,I45,JPEG2000,3,3.23,55.75,0,0,0,0,1
I45_09_04.png,I45,JPEG2000,4,2.03,25.75,0,0,0,0,1
I45_09_05.png,I45,JPEG2000,5,1.13,3.25,0,0,0,0,1
I45_19_01.png,I45,Jitter,1,4.4,85.0,0,0,0,0,0
I45_19_02.png,I45,Jitter,2,4.3,82.5,0,0,0,0,0
I45_19_03.png,I45,Jitter,3,2.9,47.5,0,0,0,0,0
I45_19_04.png,I45,Jitter,4,1.57,14.25,0,0,0,0,0
I45_19_05.png,I45,Jitter,5,1.4,10.0,0,0,0,0,1
I45_02_01.png,I45,Lens blur,1,3.63,65.75,0,0,0,0,0
I45_02_02.png,I45,Lens blur,2,2.13,28.25,0,0,0,0,0
I45_02_03.png,I45,Lens blur,3,1.5,12.5,1,0,0,0,0
I45_02_04.png,I45,Lens blur,4,1.4,10.0,1,0,0,0,0
I45_02_05.png,I45,Lens blur,5,1.17,4.25,1,0,0,0,1
I45_18_01.png,I45,Mean shift,1,4.3,82.5,0,0,0,0,0
I45_18_02.png,I45,Mean shift,2,4.43,85.75,0,0,0,0,0
I45_18_03.png,I45,Mean shift,3,4.53,88.25,0,0,0,0,0
I45_18_04.png,I45,Mean shift,4,4.43,85.75,0,0,0,0,0
I45_18_05.png,I45,Mean shift,5,4.03,75.75,0,0,0,0,1
I45_03_01.png,I45,Motion blur,1,4.6,90.0,0,0,0,0,0
I45_03_02.png,I45,Motion blur,2,3.8,70.0,0,0,0,0,0
I45_03_03.png,I45,Motion blur,3,2.53,38.25,1,0,0,0,0
I45_03_04.png,I45,Motion blur,4,1.9,22.5,1,0,0,0,0
I45_03_05.png,I45,Motion blur,5,1.6,15.0,1,0,0,0,1
I45_14_01.png,I45,Multiplicative noise,1,4.27,81.75,0,0,0,0,0
I45_14_02.png,I45,Multiplicative noise,2,3.23,55.75,0,0,0,0,0
I45_14_03.png,I45,Multiplicative noise,3,2.77,44.25,0,0,0,1,0
I45_14_04.png,I45,Multiplicative noise,4,2.3,32.5,0,0,0,1,0
I45_14_05.png,I45,Multiplicative noise,5,1.73,18.25,0,0,0,1,1
I45_20_01.png,I45,Non-eccentricity patch,1,4.27,81.75,0,0,0,0,0
I45_20_02.png,I45,Non-eccentricity patch,2,3.27,56.75,0,0,0,0,0
I45_20_03.png,I45,Non-eccentricity patch,3,2.67,41.75,0,0,0,0,0
I45_20_04.png,I45,Non-eccentricity patch,4,3.13,53.25,0,0,0,0,0
I45_20_05.png,I45,Non-eccentricity patch,5,2.07,26.75,0,0,0,0,1
I45_21_01.png,I45,Pixelate,1,3.77,69.25,0,0,0,0,0
I45_21_02.png,I45,Pixelate,2,2.43,35.75,0,0,0,0,0
I45_21_03.png,I45,Pixelate,3,2.6,40.0,0,0,0,0,0
I45_21_04.png,I45,Pixelate,4,2.4,35.0,0,0,0,0,0
I45_21_05.png,I45,Pixelate,5,1.23,5.75,0,0,0,0,1
I45_22_01.png,I45,Quantization,1,4.23,80.75,0,0,0,0,0
I45_22_02.png,I45,Quantization,2,4.1,77.5,0,0,0,0,0
I45_22_03.png,I45,Quantization,3,3.73,68.25,0,0,0,0,0
I45_22_04.png,I45,Quantization,4,3.3,57.5,0,0,0,0,0
I45_22_05.png,I45,Quantization,5,2.47,36.75,0,0,0,0,1
I45_11_01.png,I45,White noise,1,3.97,74.25,0,0,0,0,0
I45_11_02.png,I45,White noise,2,3.17,54.25,0,0,0,0,0
I45_11_03.png,I45,White noise,3,2.67,41.75,0,0,0,1,0
I45_11_04.png,I45,White noise,4,2.4,35.0,0,0,0,1,0
I45_11_05.png,I45,White noise,5,2.33,33.25,0,0,0,1,1
I45_12_01.png,I45,White noise in color component,1,4.47,86.75,0,0,0,0,0
I45_12_02.png,I45,White noise in color component,2,3.43,60.75,0,0,0,0,0
I45_12_03.png,I45,White noise in color component,3,2.94,48.5,0,0,0,1,0
I45_12_04.png,I45,White noise in color component,4,2.27,31.75,0,0,0,1,0
I45_12_05.png,I45,White noise in color component,5,2.23,30.75,0,0,0,1,1
I45.png,I45,none,0,,100.0,0,0,0,0,0
I46_16_01.png,I46,Brighten,1,4.63,90.75,0,0,0,0,0
I46_16_02.png,I46,Brighten,2,4.4,85.0,0,0,0,0,0
I46_16_03.png,I46,Brighten,3,3.67,66.75,0,0,1,0,0
I46_16_04.png,I46,Brighten,4,2.43,35.75,0,0,1,0,0
I46_16_05.png,I46,Brighten,5,1.67,16.75,0,0,1,0,1
I46_23_01.png,I46,Color block,1,2.83,45.75,0,0,0,0,0
I46_23_02.png,I46,Color block,2,2.57,39.25,0,0,0,0,0
I46_23_03.png,I46,Color block,3,2.1,27.5,0,0,0,0,1
I46_23_04.png,I46,Color block,4,2.17,29.25,0,0,0,0,1
I46_23_05.png,I46,Color block,5,1.87,21.75,0,0,0,0,1
I46_04_01.png,I46,Color diffusion,1,4.53,88.25,0,0,0,0,0
I46_04_02.png,I46,Color diffusion,2,2.47,36.75,0,0,0,0,0
I46_04_03.png,I46,Color diffusion,3,1.73,18.25,0,0,0,0,0
I46_04_04.png,I46,Color diffusion,4,1.45,11.25,0,0,0,0,0
I46_04_05.png,I46,Color diffusion,5,1.5,12.5,0,0,0,0,1
I46_06_01.png,I46,Color quantization,1,4.07,76.75,0,0,0,0,0
I46_06_02.png,I46,Color quantization,2,3.9,72.5,0,0,0,0,0
I46_06_03.png,I46,Color quantization,3,3.67,66.75,0,0,0,0,1
I46_06_04.png,I46,Color quantization,4,3.1,52.5,0,0,0,0,1
I46_06_05.png,I46,Color quantization,5,2.37,34.25,0,0,0,0,1
I46_07_01.png,I46,Color saturation 1,1,2.35,33.75,0,0,0,0,0
I46_07_02.png,I46,Color saturation 1,2,2.57,39.25,0,0,0,0,0
I46_07_03.png,I46,Color saturation 1,3,2.13,28.25,0,0,0,0,0
I46_07_04.png,I46,Color saturation 1,4,1.7,17.5,0,0,0,0,0
I46_07_05.png,I46,Color saturation 1,5,1.63,15.75,0,0,0,0,1
I46_08_01.png,I46,Color saturation 2,1,4.6,90.0,0,0,0,0,0
I46_08_02.png,I46,Color saturation 2,2,3.33,58.25,0,0,0,0,0
I46_08_03.png,I46,Color saturation 2,3,2.47,36.75,0,0,0,0,0
I46_08_04.png,I46,Color saturation 2,4,1.37,9.25,0,0,0,0,0
I46_08_05.png,I46,Color saturation 2,5,1.3,7.5,0,0,0,0,1
I46_05_01.png,I46,Color shift,1,4.53,88.25,0,0,0,0,0
I46_05_02.png,I46,Color shift,2,2.8,45.0,0,0,0,0,0
I46_05_03.png,I46,Color shift,3,2.37,34.25,0,0,0,0,0
I46_05_04.png,I46,Color shift,4,2.43,35.75,0,0,0,0,0
I46_05_05.png,I46,Color shift,5,2.67,41.75,0,0,0,0,1
I46_25_01.png,I46,Contrast change,1,3.53,63.25,0,0,0,0,0
I46_25_02.png,I46,Contrast change,2,4.23,80.75,0,0,0,0,0
I46_25_03.png,I46,Contrast change,3,4.57,89.25,0,0,0,0,0
I46_25_04.png,I46,Contrast change,4,4.33,83.25,0,0,0,0,0
I46_25_05.png,I46,Contrast change,5,3.47,61.75,0,0,0,0,1
I46_17_01.png,I46,Darken,1,4.67,91.75,0,0,0,0,0
I46_17_02.png,I46,Darken,2,4.63,90.75,0,0,0,0,0
I46_17_03.png,I46,Darken,3,4.27,81.75,0,1,0,0,0
I46_17_04.png,I46,Darken,4,3.6,65.0,0,1,0,0,0
I46_17_05.png,I46,Darken,5,2.33,33.25,0,1,0,0,1
I46_15_01.png,I46,Denoise,1,4.23,80.75,0,0,0,0,0
I46_15_02.png,I46,Denoise,2,3.3,57.5,0,0,0,0,0
I46_15_03.png,I46,Denoise,3,2.8,45.0,0,0,0,1,0
I46_15_04.png,I46,Denoise,4,1.72,18.0,0,0,0,1,0
I46_15_05.png,I46,Denoise,5,1.3,7.5,0,0,0,1,1
I46_01_01.png,I46,Gaussian blur,1,4.65,91.25,0,0,0,0,0
I46_01_02.png,I46,Gaussian blur,2,4.33,83.25,0,0,0,0,0
I46_01_03.png,I46,Gaussian blur,3,2.97,49.25,1,0,0,0,0
I46_01_04.png,I46,Gaussian blur,4,1.63,15.75,1,0,0,0,0
I46_01_05.png,I46,Gaussian blur,5,1.17,4.25,1,0,0,0,1
I46_24_01.png,I46,High sharpen,1,3.1,52.5,0,0,0,0,0
I46_24_02.png,I46,High sharpen,2,2.33,33.25,0,0,0,0,0
I46_24_03.png,I46,High sharpen,3,1.9,22.5,0,0,0,0,0
I46_24_04.png,I46,High sharpen,4,1.43,10.75,0,0,0,0,0
I46_24_05.png,I46,High sharpen,5,1.3,7.5,0,0,0,0,1
I46_13_01.png,I46,Impulse noise,1,4.4,85.0,0,0,0,0,0
I46_13_02.png,I46,Impulse noise,2,3.6,65.0,0,0,0,0,0
I46_13_03.png,I46,Impulse noise,3,3.37,59.25,0,0,0,1,0
I46_13_04.png,I46,Impulse noise,4,2.73,43.25,0,0,0,1,0
I46_13_05.png,I46,Impulse noise,5,2.3,32.5,0,0,0,1,1
I46_10_01.png,I46,JPEG,1,4.67,91.75,0,0,0,0,0
I46_10_02.png,I46,JPEG,2,4.43,85.75,0,0,0,0,0
I46_10_03.png,I46,JPEG,3,4.13,78.25,0,0,0,0,1
I46_10_04.png,I46,JPEG,4,2.03,25.75,0,0,0,0,1
I46_10_05.png,I46,JPEG,5,1.4,10.0,0,0,0,0,1
I46_09_01.png,I46,JPEG2000,1,4.53,88.25,0,0,0,0,0
I46_09_02.png,I46,JPEG2000,2,4.1,77.5,0,0,0,0,0
I46_09_03.png,I46,JPEG2000,3,3.67,66.75,0,0,0,0,1
I46_09_04.png,I46,JPEG2000,4,1.97,24.25,0,0,0,0,1
I46_09_05.png,I46,JPEG2000,5,1.17,4.25,0,0,0,0,1
I46_19_01.png,I46,Jitter,1,4.53,88.25,0,0,0,0,0
I46_19_02.png,I46,Jitter,2,4.1,77.5,0,0,0,0,0
I46_19_03.png,I46,Jitter,3,3.33,58.25,0,0,0,0,0
I46_19_04.png,I46,Jitter,4,1.87,21.75,0,0,0,0,0
I46_19_05.png,I46,Jitter,5,1.33,8.25,0,0,0,0,1
I46_02_01.png,I46,Lens blur,1,4.03,75.75,0,0,0,0,0
I46_02_02.png,I46,Lens blur,2,2.5,37.5,0,0,0,0,0
I46_02_03.png,I46,Lens blur,3,1.73,18.25,1,0,0,0,0
I46_02_04.png,I46,Lens blur,4,1.33,8.25,1,0,0,0,0
I46_02_05.png,I46,Lens blur,5,1.2,5.0,1,0,0,0,1
I46_18_01.png,I46,Mean shift,1,3.97,74.25,0,0,0,0,0
I46_18_02.png,I46,Mean shift,2,4.57,89.25,0,0,0,0,0
I46_18_03.png,I46,Mean shift,3,4.73,93.25,0,0,0,0,0
I46_18_04.png,I46,Mean shift,4,4.67,91.75,0,0,0,0,0
I46_18_05.png,I46,Mean shift,5,3.97,74.25,0,0,0,0,1
I46_03_01.png,I46,Motion blur,1,4.67,91.75,0,0,0,0,0
I46_03_02.png,I46,Motion blur,2,4.1,77.5,0,0,0,0,0
I46_03_03.png,I46,Motion blur,3,3.3,57.5,1,0,0,0,0
I46_03_04.png,I46,Motion blur,4,2.0,25.0,1,0,0,0,0
I46_03_05.png,I46,Motion blur,5,1.53,13.25,1,0,0,0,1
I46_14_01.png,I46,Multiplicative noise,1,4.53,88.25,0,0,0,0,0
I46_14_02.png,I46,Multiplicative noise,2,3.77,69.25,0,0,0,0,0
I46_14_03.png,I46,Multiplicative noise,3,3.07,51.75,0,0,0,1,0
I46_14_04.png,I46,Multiplicative noise,4,2.5,37.5,0,0,0,1,0
I46_14_05.png,I46,Multiplicative noise,5,1.87,21.75,0,0,0,1,1
I46_20_01.png,I46,Non-eccentricity patch,1,4.6,90.0,0,0,0,0,0
I46_20_02.png,I46,Non-eccentricity patch,2,4.5,87.5,0,0,0,0,0
I46_20_03.png,I46,Non-eccentricity patch,3,4.43,85.75,0,0,0,0,0
I46_20_04.png,I46,Non-eccentricity patch,4,4.23,80.75,0,0,0,0,0
I46_20_05.png,I46,Non-eccentricity patch,5,4.37,84.25,0,0,0,0,1
I46_21_01.png,I46,Pixelate,1,3.7,67.5,0,0,0,0,0
I46_21_02.png,I46,Pixelate,2,2.9,47.5,0,0,0,0,0
I46_21_03.png,I46,Pixelate,3,2.43,35.75,0,0,0,0,0
I46_21_04.png,I46,Pixelate,4,2.47,36.75,0,0,0,0,0
I46_21_05.png,I46,Pixelate,5,1.6,15.0,0,0,0,0,1
I46_22_01.png,I46,Quantization,1,4.57,89.25,0,0,0,0,0
I46_22_02.png,I46,Quantization,2,4.67,91.75,0,0,0,0,0
I46_22_03.png,I46,Quantization,3,4.43,85.75,0,0,0,0,0
I46_22_04.png,I46,Quantization,4,4.5,87.5,0,0,0,0,0
I46_22_05.png,I46,Quantization,5,3.93,73.25,0,0,0,0,1
I46_11_01.png,I46,White noise,1,4.23,80.75,0,0,0,0,0
I46_11_02.png,I46,White noise,2,3.8,70.0,0,0,0,0,0
I46_11_03.png,I46,White noise,3,3.6,65.0,0,0,0,1,0
I46_11_04.png,I46,White noise,4,3.03,50.75,0,0,0,1,0
I46_11_05.png,I46,White noise,5,2.3,32.5,0,0,0,1,1
I46_12_01.png,I46,White noise in color component,1,4.63,90.75,0,0,0,0,0
I46_12_02.png,I46,White noise in color component,2,4.17,79.25,0,0,0,0,0
I46_12_03.png,I46,White noise in color component,3,3.7,67.5,0,0,0,1,0
I46_12_04.png,I46,White noise in color component,4,3.13,53.25,0,0,0,1,0
I46_12_05.png,I46,White noise in color component,5,2.77,44.25,0,0,0,1,1
I46.png,I46,none,0,,100.0,0,0,0,0,0
I47_16_01.png,I47,Brighten,1,4.65,91.25,0,0,0,0,0
I47_16_02.png,I47,Brighten,2,4.53,88.25,0,0,0,0,0
I47_16_03.png,I47,Brighten,3,3.73,68.25,0,0,1,0,0
I47_16_04.png,I47,Brighten,4,2.17,29.25,0,0,1,0,0
I47_16_05.png,I47,Brighten,5,1.9,22.5,0,0,1,0,1
I47_23_01.png,I47,Color block,1,2.47,36.75,0,0,0,0,0
I47_23_02.png,I47,Color block,2,2.1,27.5,0,0,0,0,0
I47_23_03.png,I47,Color block,3,2.47,36.75,0,0,0,0,1
I47_23_04.png,I47,Color block,4,1.8,20.0,0,0,0,0,1
I47_23_05.png,I47,Color block,5,1.8,20.0,0,0,0,0,1
I47_04_01.png,I47,Color diffusion,1,4.67,91.75,0,0,0,0,0
I47_04_02.png,I47,Color diffusion,2,2.57,39.25,0,0,0,0,0
I47_04_03.png,I47,Color diffusion,3,1.6,15.0,0,0,0,0,0
I47_04_04.png,I47,Color diffusion,4,1.23,5.75,0,0,0,0,0
I47_04_05.png,I47,Color diffusion,5,1.2,5.0,0,0,0,0,1
I47_06_01.png,I47,Color quantization,1,3.83,70.75,0,0,0,0,0
I47_06_02.png,I47,Color quantization,2,3.4,60.0,0,0,0,0,0
I47_06_03.png,I47,Color quantization,3,3.13,53.25,0,0,0,0,1
I47_06_04.png,I47,Color quantization,4,3.0,50.0,0,0,0,0,1
I47_06_05.png,I47,Color quantization,5,2.33,33.25,0,0,0,0,1
I47_07_01.png,I47,Color saturation 1,1,2.47,36.75,0,0,0,0,0
I47_07_02.png,I47,Color saturation 1,2,2.0,25.0,0,0,0,0,0
I47_07_03.png,I47,Color saturation 1,3,1.93,23.25,0,0,0,0,0
I47_07_04.png,I47,Color saturation 1,4,2.27,31.75,0,0,0,0,0
I47_07_05.png,I47,Color saturation 1,5,1.73,18.25,0,0,0,0,1
I47_08_01.png,I47,Color saturation 2,1,4.6,90.0,0,0,0,0,0
I47_08_02.png,I47,Color saturation 2,2,3.23,55.75,0,0,0,0,0
I47_08_03.png,I47,Color saturation 2,3,2.53,38.25,0,0,0,0,0
I47_08_04.png,I47,Color saturation 2,4,1.23,5.75,0,0,0,0,0
I47_08_05.png,I47,Color saturation 2,5,1.03,0.75,0,0,0,0,1
I47_05_01.png,I47,Color shift,1,4.47,86.75,0,0,0,0,0
I47_05_02.png,I47,Color shift,2,2.47,36.75,0,0,0,0,0
I47_05_03.png,I47,Color shift,3,1.93,23.25,0,0,0,0,0
I47_05_04.png,I47,Color shift,4,1.68,17.0,0,0,0,0,0
I47_05_05.png,I47,Color shift,5,1.63,15.75,0,0,0,0,1
I47_25_01.png,I47,Contrast change,1,3.63,65.75,0,0,0,0,0
I47_25_02.png,I47,Contrast change,2,4.13,78.25,0,0,0,0,0
I47_25_03.png,I47,Contrast change,3,4.6,90.0,0,0,0,0,0
I47_25_04.png,I47,Contrast change,4,4.2,80.0,0,0,0,0,0
I47_25_05.png,I47,Contrast change,5,2.97,49.25,0,0,0,0,1
I47_17_01.png,I47,Darken,1,4.67,91.75,0,0,0,0,0
I47_17_02.png,I47,Darken,2,4.4,85.0,0,0,0,0,0
I47_17_03.png,I47,Darken,3,4.3,82.5,0,1,0,0,0
I47_17_04.png,I47,Darken,4,3.8,70.0,0,1,0,0,0
I47_17_05.png,I47,Darken,5,2.57,39.25,0,1,0,0,1
I47_15_01.png,I47,Denoise,1,3.73,68.25,0,0,0,0,0
I47_15_02.png,I47,Denoise,2,2.77,44.25,0,0,0,0,0
I47_15_03.png,I47,Denoise,3,2.13,28.25,0,0,0,1,0
I47_15_04.png,I47,Denoise,4,1.6,15.0,0,0,0,1,0
I47_15_05.png,I47,Denoise,5,1.23,5.75,0,0,0,1,1
I47_01_01.png,I47,Gaussian blur,1,4.5,87.5,0,0,0,0,0
I47_01_02.png,I47,Gaussian blur,2,4.27,81.75,0,0,0,0,0
I47_01_03.png,I47,Gaussian blur,3,3.13,53.25,1,0,0,0,0
I47_01_04.png,I47,Gaussian blur,4,2.07,26.75,1,0,0,0,0
I47_01_05.png,I47,Gaussian blur,5,1.47,11.75,1,0,0,0,1
I47_24_01.png,I47,High sharpen,1,4.0,75.0,0,0,0,0,0
I47_24_02.png,I47,High sharpen,2,2.83,45.75,0,0,0,0,0
I47_24_03.png,I47,High sharpen,3,2.6,40.0,0,0,0,0,0
I47_24_04.png,I47,High sharpen,4,1.5,12.5,0,0,0,0,0
I47_24_05.png,I47,High sharpen,5,1.3,7.5,0,0,0,0,1
I47_13_01.png,I47,Impulse noise,1,3.67,66.75,0,0,0,0,0
I47_13_02.png,I47,Impulse noise,2,2.8,45.0,0,0,0,0,0
I47_13_03.png,I47,Impulse noise,3,2.47,36.75,0,0,0,1,0
I47_13_04.png,I47,Impulse noise,4,2.1,27.5,0,0,0,1,0
I47_13_05.png,I47,Impulse noise,5,1.83,20.75,0,0,0,1,1
I47_10_01.png,I47,JPEG,1,4.37,84.25,0,0,0,0,0
I47_10_02.png,I47,JPEG,2,4.3,82.5,0,0,0,0,0
I47_10_03.png,I47,JPEG,3,3.87,71.75,0,0,0,0,1
I47_10_04.png,I47,JPEG,4,1.93,23.25,0,0,0,0,1
I47_10_05.png,I47,JPEG,5,1.3,7.5,0,0,0,0,1
I47_09_01.png,I47,JPEG2000,1,4.67,91.75,0,0,0,0,0
I47_09_02.png,I47,JPEG2000,2,4.2,80.0,0,0,0,0,0
I47_09_03.png,I47,JPEG2000,3,4.4,85.0,0,0,0,0,1
I47_09_04.png,I47,JPEG2000,4,3.13,53.25,0,0,0,0,1
I47_09_05.png,I47,JPEG2000,5,1.47,11.75,0,0,0,0,1
I47_19_01.png,I47,Jitter,1,4.53,88.25,0,0,0,0,0
I47_19_02.png,I47,Jitter,2,4.33,83.25,0,0,0,0,0
I47_19_03.png,I47,Jitter,3,3.2,55.0,0,0,0,0,0
I47_19_04.png,I47,Jitter,4,1.97,24.25,0,0,0,0,0
I47_19_05.png,I47,Jitter,5,1.27,6.75,0,0,0,0,1
I47_02_01.png,I47,Lens blur,1,4.27,81.75,0,0,0,0,0
I47_02_02.png,I47,Lens blur,2,3.13,53.25,0,0,0,0,0
I47_02_03.png,I47,Lens blur,3,2.33,33.25,1,0,0,0,0
I47_02_04.png,I47,Lens blur,4,1.5,12.5,1,0,0,0,0
I47_02_05.png,I47,Lens blur,5,1.37,9.25,1,0,0,0,1
I47_18_01.png,I47,Mean shift,1,4.53,88.25,0,0,0,0,0
I47_18_02.png,I47,Mean shift,2,4.53,88.25,0,0,0,0,0
I47_18_03.png,I47,Mean shift,3,4.63,90.75,0,0,0,0,0
I47_18_04.png,I47,Mean shift,4,4.5,87.5,0,0,0,0,0
I47_18_05.png,I47,Mean shift,5,4.3,82.5,0,0,0,0,1
I47_03_01.png,I47,Motion blur,1,4.63,90.75,0,0,0,0,0
I47_03_02.png,I47,Motion blur,2,4.27,81.75,0,0,0,0,0
I47_03_03.png,I47,Motion blur,3,3.17,54.25,1,0,0,0,0
I47_03_04.png,I47,Motion blur,4,2.4,35.0,1,0,0,0,0
I47_03_05.png,I47,Motion blur,5,1.7,17.5,1,0,0,0,1
I47_14_01.png,I47,Multiplicative noise,1,4.83,95.75,0,0,0,0,0
I47_14_02.png,I47,Multiplicative noise,2,3.73,68.25,0,0,0,0,0
I47_14_03.png,I47,Multiplicative noise,3,2.7,42.5,0,0,0,1,0
I47_14_04.png,I47,Multiplicative noise,4,2.7,42.5,0,0,0,1,0
I47_14_05.png,I47,Multiplicative noise,5,1.87,21.75,0,0,0,1,1
I47_20_01.png,I47,Non-eccentricity patch,1,4.43,85.75,0,0,0,0,0
I47_20_02.png,I47,Non-eccentricity patch,2,3.81,70.25,0,0,0,0,0
I47_20_03.png,I47,Non-eccentricity patch,3,3.43,60.75,0,0,0,0,0
I47_20_04.png,I47,Non-eccentricity patch,4,3.57,64.25,0,0,0,0,0
I47_20_05.png,I47,Non-eccentricity patch,5,3.07,51.75,0,0,0,0,1
I47_21_01.png,I47,Pixelate,1,3.8,70.0,0,0,0,0,0
I47_21_02.png,I47,Pixelate,2,2.97,49.25,0,0,0,0,0
I47_21_03.png,I47,Pixelate,3,3.53,63.25,0,0,0,0,0
I47_21_04.png,I47,Pixelate,4,2.93,48.25,0,0,0,0,0
I47_21_05.png,I47,Pixelate,5,1.83,20.75,0,0,0,0,1
I47_22_01.png,I47,Quantization,1,4.17,79.25,0,0,0,0,0
I47_22_02.png,I47,Quantization,2,4.39,84.75,0,0,0,0,0
I47_22_03.png,I47,Quantization,3,3.63,65.75,0,0,0,0,0
I47_22_04.png,I47,Quantization,4,3.43,60.75,0,0,0,0,0
I47_22_05.png,I47,Quantization,5,2.37,34.25,0,0,0,0,1
I47_11_01.png,I47,White noise,1,3.9,72.5,0,0,0,0,0
I47_11_02.png,I47,White noise,2,3.5,62.5,0,0,0,0,0
I47_11_03.png,I47,White noise,3,3.17,54.25,0,0,0,1,0
I47_11_04.png,I47,White noise,4,2.63,40.75,0,0,0,1,0
I47_11_05.png,I47,White noise,5,2.1,27.5,0,0,0,1,1
I47_12_01.png,I47,White noise in color component,1,4.73,93.25,0,0,0,0,0
I47_12_02.png,I47,White noise in color component,2,3.73,68.25,0,0,0,0,0
I47_12_03.png,I47,White noise in color component,3,3.17,54.25,0,0,0,1,0
I47_12_04.png,I47,White noise in color component,4,2.67,41.75,0,0,0,1,0
I47_12_05.png,I47,White noise in color component,5,2.39,34.75,0,0,0,1,1
I47.png,I47,none,0,,100.0,0,0,0,0,0
I48_16_01.png,I48,Brighten,1,4.43,85.75,0,0,0,0,0
I48_16_02.png,I48,Brighten,2,4.6,90.0,0,0,0,0,0
I48_16_03.png,I48,Brighten,3,3.9,72.5,0,0,1,0,0
I48_16_04.png,I48,Brighten,4,2.6,40.0,0,0,1,0,0
I48_16_05.png,I48,Brighten,5,1.7,17.5,0,0,1,0,1
I48_23_01.png,I48,Color block,1,3.23,55.75,0,0,0,0,0
I48_23_02.png,I48,Color block,2,2.47,36.75,0,0,0,0,0
I48_23_03.png,I48,Color block,3,2.3,32.5,0,0,0,0,1
I48_23_04.png,I48,Color block,4,2.1,27.5,0,0,0,0,1
I48_23_05.png,I48,Color block,5,1.97,24.25,0,0,0,0,1
I48_04_01.png,I48,Color diffusion,1,4.63,90.75,0,0,0,0,0
I48_04_02.png,I48,Color diffusion,2,2.27,31.75,0,0,0,0,0
I48_04_03.png,I48,Color diffusion,3,1.57,14.25,0,0,0,0,0
I48_04_04.png,I48,Color diffusion,4,1.43,10.75,0,0,0,0,0
I48_04_05.png,I48,Color diffusion,5,1.5,12.5,0,0,0,0,1
I48_06_01.png,I48,Color quantization,1,4.07,76.75,0,0,0,0,0
I48_06_02.png,I48,Color quantization,2,4.1,77.5,0,0,0,0,0
I48_06_03.png,I48,Color quantization,3,3.57,64.25,0,0,0,0,1
I48_06_04.png,I48,Color quantization,4,3.03,50.75,0,0,0,0,1
I48_06_05.png,I48,Color quantization,5,2.07,26.75,0,0,0,0,1
I48_07_01.png,I48,Color saturation 1,1,2.77,44.25,0,0,0,0,0
I48_07_02.png,I48,Color saturation 1,2,2.6,40.0,0,0,0,0,0
I48_07_03.png,I48,Color saturation 1,3,2.13,28.25,0,0,0,0,0
I48_07_04.png,I48,Color saturation 1,4,2.27,31.75,0,0,0,0,0
I48_07_05.png,I48,Color saturation 1,5,2.37,34.25,0,0,0,0,1
I48_08_01.png,I48,Color saturation 2,1,4.47,86.75,0,0,0,0,0
I48_08_02.png,I48,Color saturation 2,2,3.0,50.0,0,0,0,0,0
I48_08_03.png,I48,Color saturation 2,3,2.63,40.75,0,0,0,0,0
I48_08_04.png,I48,Color saturation 2,4,1.57,14.25,0,0,0,0,0
I48_08_05.png,I48,Color saturation 2,5,1.2,5.0,0,0,0,0,1
I48_05_01.png,I48,Color shift,1,4.53,88.25,0,0,0,0,0
I48_05_02.png,I48,Color shift,2,2.7,42.5,0,0,0,0,0
I48_05_03.png,I48,Color shift,3,1.8,20.0,0,0,0,0,0
I48_05_04.png,I48,Color shift,4,1.77,19.25,0,0,0,0,0
I48_05_05.png,I48,Color shift,5,1.9,22.5,0,0,0,0,1
I48_25_01.png,I48,Contrast change,1,3.1,52.5,0,0,0,0,0
I48_25_02.png,I48,Contrast change,2,3.67,66.75,0,0,0,0,0
I48_25_03.png,I48,Contrast change,3,4.13,78.25,0,0,0,0,0
I48_25_04.png,I48,Contrast change,4,4.5,87.5,0,0,0,0,0
I48_25_05.png,I48,Contrast change,5,3.9,72.5,0,0,0,0,1
I48_17_01.png,I48,Darken,1,4.47,86.75,0,0,0,0,0
I48_17_02.png,I48,Darken,2,4.77,94.25,0,0,0,0,0
I48_17_03.png,I48,Darken,3,4.47,86.75,0,1,0,0,0
I48_17_04.png,I48,Darken,4,3.37,59.25,0,1,0,0,0
I48_17_05.png,I48,Darken,5,2.4,35.0,0,1,0,0,1
I48_15_01.png,I48,Denoise,1,3.3,57.5,0,0,0,0,0
I48_15_02.png,I48,Denoise,2,2.63,40.75,0,0,0,0,0
I48_15_03.png,I48,Denoise,3,2.03,25.75,0,0,0,1,0
I48_15_04.png,I48,Denoise,4,1.63,15.75,0,0,0,1,0
I48_15_05.png,I48,Denoise,5,1.73,18.25,0,0,0,1,1
I48_01_01.png,I48,Gaussian blur,1,4.53,88.25,0,0,0,0,0
I48_01_02.png,I48,Gaussian blur,2,4.75,93.75,0,0,0,0,0
I48_01_03.png,I48,Gaussian blur,3,3.5,62.5,1,0,0,0,0
I48_01_04.png,I48,Gaussian blur,4,2.2,30.0,1,0,0,0,0
I48_01_05.png,I48,Gaussian blur,5,1.23,5.75,1,0,0,0,1
I48_24_01.png,I48,High sharpen,1,3.57,64.25,0,0,0,0,0
I48_24_02.png,I48,High sharpen,2,2.55,38.75,0,0,0,0,0
I48_24_03.png,I48,High sharpen,3,2.37,34.25,0,0,0,0,0
I48_24_04.png,I48,High sharpen,4,1.4,10.0,0,0,0,0,0
I48_24_05.png,I48,High sharpen,5,1.5,12.5,0,0,0,0,1
I48_13_01.png,I48,Impulse noise,1,3.13,53.25,0,0,0,0,0
I48_13_02.png,I48,Impulse noise,2,2.8,45.0,0,0,0,0,0
I48_13_03.png,I48,Impulse noise,3,2.47,36.75,0,0,0,1,0
I48_13_04.png,I48,Impulse noise,4,2.06,26.5,0,0,0,1,0
I48_13_05.png,I48,Impulse noise,5,2.27,31.75,0,0,0,1,1
I48_10_01.png,I48,JPEG,1,4.7,92.5,0,0,0,0,0
I48_10_02.png,I48,JPEG,2,4.5,87.5,0,0,0,0,0
I48_10_03.png,I48,JPEG,3,4.17,79.25,0,0,0,0,1
I48_10_04.png,I48,JPEG,4,1.8,20.0,0,0,0,0,1
I48_10_05.png,I48,JPEG,5,1.17,4.25,0,0,0,0,1
I48_09_01.png,I48,JPEG2000,1,4.5,87.5,0,0,0,0,0
I48_09_02.png,I48,JPEG2000,2,4.57,89.25,0,0,0,0,0
I48_09_03.png,I48,JPEG2000,3,4.63,90.75,0,0,0,0,1
I48_09_04.png,I48,JPEG2000,4,3.55,63.75,0,0,0,0,1
I48_09_05.png,I48,JPEG2000,5,1.47,11.75,0,0,0,0,1
I48_19_01.png,I48,Jitter,1,4.7,92.5,0,0,0,0,0
I48_19_02.png,I48,Jitter,2,4.5,87.5,0,0,0,0,0
I48_19_03.png,I48,Jitter,3,3.6,65.0,0,0,0,0,0
I48_19_04.png,I48,Jitter,4,2.3,32.5,0,0,0,0,0
I48_19_05.png,I48,Jitter,5,1.5,12.5,0,0,0,0,1
I48_02_01.png,I48,Lens blur,1,4.13,78.25,0,0,0,0,0
I48_02_02.png,I48,Lens blur,2,3.03,50.75,0,0,0,0,0
I48_02_03.png,I48,Lens blur,3,1.87,21.75,1,0,0,0,0
I48_02_04.png,I48,Lens blur,4,1.7,17.5,1,0,0,0,0
I48_02_05.png,I48,Lens blur,5,1.23,5.75,1,0,0,0,1
I48_18_01.png,I48,Mean shift,1,4.53,88.25,0,0,0,0,0
I48_18_02.png,I48,Mean shift,2,4.63,90.75,0,0,0,0,0
I48_18_03.png,I48,Mean shift,3,4.53,88.25,0,0,0,0,0
I48_18_04.png,I48,Mean shift,4,4.3,82.5,0,0,0,0,0
I48_18_05.png,I48,Mean shift,5,3.87,71.75,0,0,0,0,1
I48_03_01.png,I48,Motion blur,1,4.53,88.25,0,0,0,0,0
I48_03_02.png,I48,Motion blur,2,4.27,81.75,0,0,0,0,0
I48_03_03.png,I48,Motion blur,3,3.23,55.75,1,0,0,0,0
I48_03_04.png,I48,Motion blur,4,2.48,37.0,1,0,0,0,0
I48_03_05.png,I48,Motion blur,5,2.13,28.25,1,0,0,0,1
I48_14_01.png,I48,Multiplicative noise,1,4.5,87.5,0,0,0,0,0
I48_14_02.png,I48,Multiplicative noise,2,2.97,49.25,0,0,0,0,0
I48_14_03.png,I48,Multiplicative noise,3,2.9,47.5,0,0,0,1,0
I48_14_04.png,I48,Multiplicative noise,4,2.33,33.25,0,0,0,1,0
I48_14_05.png,I48,Multiplicative noise,5,2.06,26.5,0,0,0,1,1
I48_20_01.png,I48,Non-eccentricity patch,1,4.33,83.25,0,0,0,0,0
I48_20_02.png,I48,Non-eccentricity patch,2,3.17,54.25,0,0,0,0,0
I48_20_03.png,I48,Non-eccentricity patch,3,2.73,43.25,0,0,0,0,0
I48_20_04.png,I48,Non-eccentricity patch,4,2.4,35.0,0,0,0,0,0
I48_20_05.png,I48,Non-eccentricity patch,5,2.67,41.75,0,0,0,0,1
I48_21_01.png,I48,Pixelate,1,3.87,71.75,0,0,0,0,0
I48_21_02.png,I48,Pixelate,2,3.5,62.5,0,0,0,0,0
I48_21_03.png,I48,Pixelate,3,2.93,48.25,0,0,0,0,0
I48_21_04.png,I48,Pixelate,4,3.44,61.0,0,0,0,0,0
I48_21_05.png,I48,Pixelate,5,1.6,15.0,0,0,0,0,1
I48_22_01.png,I48,Quantization,1,3.23,55.75,0,0,0,0,0
I48_22_02.png,I48,Quantization,2,3.03,50.75,0,0,0,0,0
I48_22_03.png,I48,Quantization,3,2.7,42.5,0,0,0,0,0
I48_22_04.png,I48,Quantization,4,2.3,32.5,0,0,0,0,0
I48_22_05.png,I48,Quantization,5,1.97,24.25,0,0,0,0,1
I48_11_01.png,I48,White noise,1,3.77,69.25,0,0,0,0,0
I48_11_02.png,I48,White noise,2,3.07,51.75,0,0,0,0,0
I48_11_03.png,I48,White noise,3,2.9,47.5,0,0,0,1,0
I48_11_04.png,I48,White noise,4,2.67,41.75,0,0,0,1,0
I48_11_05.png,I48,White noise,5,2.1,27.5,0,0,0,1,1
I48_12_01.png,I48,White noise in color component,1,4.5,87.5,0,0,0,0,0
I48_12_02.png,I48,White noise in color component,2,3.67,66.75,0,0,0,0,0
I48_12_03.png,I48,White noise in color component,3,2.93,48.25,0,0,0,1,0
I48_12_04.png,I48,White noise in color component,4,2.77,44.25,0,0,0,1,0
I48_12_05.png,I48,White noise in color component,5,2.27,31.75,0,0,0,1,1
I48.png,I48,none,0,,100.0,0,0,0,0,0
I49_16_01.png,I49,Brighten,1,4.57,89.25,0,0,0,0,0
I49_16_02.png,I49,Brighten,2,4.7,92.5,0,0,0,0,0
I49_16_03.png,I49,Brighten,3,3.93,73.25,0,0,1,0,0
I49_16_04.png,I49,Brighten,4,3.5,62.5,0,0,1,0,0
I49_16_05.png,I49,Brighten,5,3.2,55.0,0,0,1,0,1
I49_23_01.png,I49,Color block,1,3.33,58.25,0,0,0,0,0
I49_23_02.png,I49,Color block,2,2.47,36.75,0,0,0,0,0
I49_23_03.png,I49,Color block,3,2.4,35.0,0,0,0,0,1
I49_23_04.png,I49,Color block,4,2.13,28.25,0,0,0,0,1
I49_23_05.png,I49,Color block,5,2.07,26.75,0,0,0,0,1
I49_04_01.png,I49,Color diffusion,1,4.77,94.25,0,0,0,0,0
I49_04_02.png,I49,Color diffusion,2,3.13,53.25,0,0,0,0,0
I49_04_03.png,I49,Color diffusion,3,1.93,23.25,0,0,0,0,0
I49_04_04.png,I49,Color diffusion,4,2.23,30.75,0,0,0,0,0
I49_04_05.png,I49,Color diffusion,5,2.33,33.25,0,0,0,0,1
I49_06_01.png,I49,Color quantization,1,4.53,88.25,0,0,0,0,0
I49_06_02.png,I49,Color quantization,2,4.6,90.0,0,0,0,0,0
I49_06_03.png,I49,Color quantization,3,4.4,85.0,0,0,0,0,1
I49_06_04.png,I49,Color quantization,4,3.9,72.5,0,0,0,0,1
I49_06_05.png,I49,Color quantization,5,2.93,48.25,0,0,0,0,1
I49_07_01.png,I49,Color saturation 1,1,3.27,56.75,0,0,0,0,0
I49_07_02.png,I49,Color saturation 1,2,2.97,49.25,0,0,0,0,0
I49_07_03.png,I49,Color saturation 1,3,3.23,55.75,0,0,0,0,0
I49_07_04.png,I49,Color saturation 1,4,2.73,43.25,0,0,0,0,0
I49_07_05.png,I49,Color saturation 1,5,2.83,45.75,0,0,0,0,1
I49_08_01.png,I49,Color saturation 2,1,4.53,88.25,0,0,0,0,0
I49_08_02.png,I49,Color saturation 2,2,3.83,70.75,0,0,0,0,0
I49_08_03.png,I49,Color saturation 2,3,3.0,50.0,0,0,0,0,0
I49_08_04.png,I49,Color saturation 2,4,2.5,37.5,0,0,0,0,0
I49_08_05.png,I49,Color saturation 2,5,2.1,27.5,0,0,0,0,1
I49_05_01.png,I49,Color shift,1,4.5,87.5,0,0,0,0,0
I49_05_02.png,I49,Color shift,2,3.4,60.0,0,0,0,0,0
I49_05_03.png,I49,Color shift,3,2.43,35.75,0,0,0,0,0
I49_05_04.png,I49,Color shift,4,2.7,42.5,0,0,0,0,0
I49_05_05.png,I49,Color shift,5,2.63,40.75,0,0,0,0,1
I49_25_01.png,I49,Contrast change,1,3.63,65.75,0,0,0,0,0
I49_25_02.png,I49,Contrast change,2,4.0,75.0,0,0,0,0,0
I49_25_03.png,I49,Contrast change,3,4.47,86.75,0,0,0,0,0
I49_25_04.png,I49,Contrast change,4,4.07,76.75,0,0,0,0,0
I49_25_05.png,I49,Contrast change,5,3.97,74.25,0,0,0,0,1
I49_17_01.png,I49,Darken,1,4.63,90.75,0,0,0,0,0
I49_17_02.png,I49,Darken,2,4.67,91.75,0,0,0,0,0
I49_17_03.png,I49,Darken,3,4.47,86.75,0,1,0,0,0
I49_17_04.png,I49,Darken,4,3.3,57.5,0,1,0,0,0
I49_17_05.png,I49,Darken,5,1.63,15.75,0,1,0,0,1
I49_15_01.png,I49,Denoise,1,3.5,62.5,0,0,0,0,0
I49_15_02.png,I49,Denoise,2,2.6,40.0,0,0,0,0,0
I49_15_03.png,I49,Denoise,3,1.8,20.0,0,0,0,1,0
I49_15_04.png,I49,Denoise,4,1.23,5.75,0,0,0,1,0
I49_15_05.png,I49,Denoise,5,1.37,9.25,0,0,0,1,1
I49_01_01.png,I49,Gaussian blur,1,4.63,90.75,0,0,0,0,0
I49_01_02.png,I49,Gaussian blur,2,4.63,90.75,0,0,0,0,0
I49_01_03.png,I49,Gaussian blur,3,3.3,57.5,1,0,0,0,0
I49_01_04.png,I49,Gaussian blur,4,2.47,36.75,1,0,0,0,0
I49_01_05.png,I49,Gaussian blur,5,1.37,9.25,1,0,0,0,1
I49_24_01.png,I49,High sharpen,1,4.1,77.5,0,0,0,0,0
I49_24_02.png,I49,High sharpen,2,3.5,62.5,0,0,0,0,0
I49_24_03.png,I49,High sharpen,3,2.93,48.25,0,0,0,0,0
I49_24_04.png,I49,High sharpen,4,2.07,26.75,0,0,0,0,0
I49_24_05.png,I49,High sharpen,5,1.6,15.0,0,0,0,0,1
I49_13_01.png,I49,Impulse noise,1,2.97,49.25,0,0,0,0,0
I49_13_02.png,I49,Impulse noise,2,2.52,38.0,0,0,0,0,0
I49_13_03.png,I49,Impulse noise,3,2.37,34.25,0,0,0,1,0
I49_13_04.png,I49,Impulse noise,4,1.83,20.75,0,0,0,1,0
I49_13_05.png,I49,Impulse noise,5,1.97,24.25,0,0,0,1,1
I49_10_01.png,I49,JPEG,1,4.57,89.25,0,0,0,0,0
I49_10_02.png,I49,JPEG,2,4.47,86.75,0,0,0,0,0
I49_10_03.png,I49,JPEG,3,4.3,82.5,0,0,0,0,1
I49_10_04.png,I49,JPEG,4,1.8,20.0,0,0,0,0,1
I49_10_05.png,I49,JPEG,5,1.37,9.25,0,0,0,0,1
I49_09_01.png,I49,JPEG2000,1,4.7,92.5,0,0,0,0,0
I49_09_02.png,I49,JPEG2000,2,4.63,90.75,0,0,0,0,0
I49_09_03.png,I49,JPEG2000,3,4.52,88.0,0,0,0,0,1
I49_09_04.png,I49,JPEG2000,4,3.63,65.75,0,0,0,0,1
I49_09_05.png,I49,JPEG2000,5,1.67,16.75,0,0,0,0,1
I49_19_01.png,I49,Jitter,1,4.57,89.25,0,0,0,0,0
I49_19_02.png,I49,Jitter,2,4.2,80.0,0,0,0,0,0
I49_19_03.png,I49,Jitter,3,3.7,67.5,0,0,0,0,0
I49_19_04.png,I49,Jitter,4,1.87,21.75,0,0,0,0,0
I49_19_05.png,I49,Jitter,5,1.3,7.5,0,0,0,0,1
I49_02_01.png,I49,Lens blur,1,4.27,81.75,0,0,0,0,0
I49_02_02.png,I49,Lens blur,2,3.27,56.75,0,0,0,0,0
I49_02_03.png,I49,Lens blur,3,2.26,31.5,1,0,0,0,0
I49_02_04.png,I49,Lens blur,4,1.6,15.0,1,0,0,0,0
I49_02_05.png,I49,Lens blur,5,1.77,19.25,1,0,0,0,1
I49_18_01.png,I49,Mean shift,1,4.6,90.0,0,0,0,0,0
I49_18_02.png,I49,Mean shift,2,4.63,90.75,0,0,0,0,0
I49_18_03.png,I49,Mean shift,3,4.7,92.5,0,0,0,0,0
I49_18_04.png,I49,Mean shift,4,4.1,77.5,0,0,0,0,0
I49_18_05.png,I49,Mean shift,5,3.73,68.25,0,0,0,0,1
I49_03_01.png,I49,Motion blur,1,4.73,93.25,0,0,0,0,0
I49_03_02.png,I49,Motion blur,2,4.47,86.75,0,0,0,0,0
I49_03_03.png,I49,Motion blur,3,3.0,50.0,1,0,0,0,0
I49_03_04.png,I49,Motion blur,4,2.5,37.5,1,0,0,0,0
I49_03_05.png,I49,Motion blur,5,1.8,20.0,1,0,0,0,1
I49_14_01.png,I49,Multiplicative noise,1,4.83,95.75,0,0,0,0,0
I49_14_02.png,I49,Multiplicative noise,2,4.47,86.75,0,0,0,0,0
I49_14_03.png,I49,Multiplicative noise,3,4.1,77.5,0,0,0,1,0
I49_14_04.png,I49,Multiplicative noise,4,3.77,69.25,0,0,0,1,0
I49_14_05.png,I49,Multiplicative noise,5,3.13,53.25,0,0,0,1,1
I49_20_01.png,I49,Non-eccentricity patch,1,4.33,83.25,0,0,0,0,0
I49_20_02.png,I49,Non-eccentricity patch,2,3.8,70.0,0,0,0,0,0
I49_20_03.png,I49,Non-eccentricity patch,3,3.77,69.25,0,0,0,0,0
I49_20_04.png,I49,Non-eccentricity patch,4,3.57,64.25,0,0,0,0,0
I49_20_05.png,I49,Non-eccentricity patch,5,3.23,55.75,0,0,0,0,1
I49_21_01.png,I49,Pixelate,1,4.13,78.25,0,0,0,0,0
I49_21_02.png,I49,Pixelate,2,3.47,61.75,0,0,0,0,0
I49_21_03.png,I49,Pixelate,3,3.07,51.75,0,0,0,0,0
I49_21_04.png,I49,Pixelate,4,2.9,47.5,0,0,0,0,0
I49_21_05.png,I49,Pixelate,5,1.43,10.75,0,0,0,0,1
I49_22_01.png,I49,Quantization,1,4.3,82.5,0,0,0,0,0
I49_22_02.png,I49,Quantization,2,3.57,64.25,0,0,0,0,0
I49_22_03.png,I49,Quantization,3,3.53,63.25,0,0,0,0,0
I49_22_04.png,I49,Quantization,4,2.83,45.75,0,0,0,0,0
I49_22_05.png,I49,Quantization,5,2.47,36.75,0,0,0,0,1
I49_11_01.png,I49,White noise,1,3.8,70.0,0,0,0,0,0
I49_11_02.png,I49,White noise,2,3.27,56.75,0,0,0,0,0
I49_11_03.png,I49,White noise,3,3.0,50.0,0,0,0,1,0
I49_11_04.png,I49,White noise,4,2.8,45.0,0,0,0,1,0
I49_11_05.png,I49,White noise,5,2.63,40.75,0,0,0,1,1
I49_12_01.png,I49,White noise in color component,1,4.57,89.25,0,0,0,0,0
I49_12_02.png,I49,White noise in color component,2,3.9,72.5,0,0,0,0,0
I49_12_03.png,I49,White noise in color component,3,3.17,54.25,0,0,0,1,0
I49_12_04.png,I49,White noise in color component,4,2.73,43.25,0,0,0,1,0
I49_12_05.png,I49,White noise in color component,5,2.5,37.5,0,0,0,1,1
I49.png,I49,none,0,,100.0,0,0,0,0,0
I50_16_01.png,I50,Brighten,1,4.47,86.75,0,0,0,0,0
I50_16_02.png,I50,Brighten,2,4.23,80.75,0,0,0,0,0
I50_16_03.png,I50,Brighten,3,3.3,57.5,0,0,1,0,0
I50_16_04.png,I50,Brighten,4,1.7,17.5,0,0,1,0,0
I50_16_05.png,I50,Brighten,5,1.5,12.5,0,0,1,0,1
I50_23_01.png,I50,Color block,1,2.57,39.25,0,0,0,0,0
I50_23_02.png,I50,Color block,2,2.23,30.75,0,0,0,0,0
I50_23_03.png,I50,Color block,3,2.2,30.0,0,0,0,0,1
I50_23_04.png,I50,Color block,4,1.53,13.25,0,0,0,0,1
I50_23_05.png,I50,Color block,5,1.87,21.75,0,0,0,0,1
I50_04_01.png,I50,Color diffusion,1,4.52,88.0,0,0,0,0,0
I50_04_02.png,I50,Color diffusion,2,2.57,39.25,0,0,0,0,0
I50_04_03.png,I50,Color diffusion,3,1.93,23.25,0,0,0,0,0
I50_04_04.png,I50,Color diffusion,4,1.53,13.25,0,0,0,0,0
I50_04_05.png,I50,Color diffusion,5,1.47,11.75,0,0,0,0,1
I50_06_01.png,I50,Color quantization,1,3.7,67.5,0,0,0,0,0
I50_06_02.png,I50,Color quantization,2,3.83,70.75,0,0,0,0,0
I50_06_03.png,I50,Color quantization,3,3.43,60.75,0,0,0,0,1
I50_06_04.png,I50,Color quantization,4,3.07,51.75,0,0,0,0,1
I50_06_05.png,I50,Color quantization,5,2.67,41.75,0,0,0,0,1
I50_07_01.png,I50,Color saturation 1,1,2.6,40.0,0,0,0,0,0
I50_07_02.png,I50,Color saturation 1,2,2.27,31.75,0,0,0,0,0
I50_07_03.png,I50,Color saturation 1,3,1.93,23.25,0,0,0,0,0
I50_07_04.png,I50,Color saturation 1,4,2.2,30.0,0,0,0,0,0
I50_07_05.png,I50,Color saturation 1,5,2.03,25.75,0,0,0,0,1
I50_08_01.png,I50,Color saturation 2,1,4.47,86.75,0,0,0,0,0
I50_08_02.png,I50,Color saturation 2,2,3.13,53.25,0,0,0,0,0
I50_08_03.png,I50,Color saturation 2,3,2.63,40.75,0,0,0,0,0
I50_08_04.png,I50,Color saturation 2,4,1.63,15.75,0,0,0,0,0
I50_08_05.png,I50,Color saturation 2,5,1.27,6.75,0,0,0,0,1
I50_05_01.png,I50,Color shift,1,3.83,70.75,0,0,0,0,0
I50_05_02.png,I50,Color shift,2,2.1,27.5,0,0,0,0,0
I50_05_03.png,I50,Color shift,3,1.7,17.5,0,0,0,0,0
I50_05_04.png,I50,Color shift,4,1.47,11.75,0,0,0,0,0
I50_05_05.png,I50,Color shift,5,1.67,16.75,0,0,0,0,1
I50_25_01.png,I50,Contrast change,1,3.0,50.0,0,0,0,0,0
I50_25_02.png,I50,Contrast change,2,3.6,65.0,0,0,0,0,0
I50_25_03.png,I50,Contrast change,3,4.17,79.25,0,0,0,0,0
I50_25_04.png,I50,Contrast change,4,4.33,83.25,0,0,0,0,0
I50_25_05.png,I50,Contrast change,5,3.57,64.25,0,0,0,0,1
I50_17_01.png,I50,Darken,1,4.33,83.25,0,0,0,0,0
I50_17_02.png,I50,Darken,2,4.2,80.0,0,0,0,0,0
I50_17_03.png,I50,Darken,3,4.13,78.25,0,1,0,0,0
I50_17_04.png,I50,Darken,4,3.63,65.75,0,1,0,0,0
I50_17_05.png,I50,Darken,5,2.57,39.25,0,1,0,0,1
I50_15_01.png,I50,Denoise,1,3.6,65.0,0,0,0,0,0
I50_15_02.png,I50,Denoise,2,2.77,44.25,0,0,0,0,0
I50_15_03.png,I50,Denoise,3,2.23,30.75,0,0,0,1,0
I50_15_04.png,I50,Denoise,4,1.8,20.0,0,0,0,1,0
I50_15_05.png,I50,Denoise,5,1.53,13.25,0,0,0,1,1
I50_01_01.png,I50,Gaussian blur,1,4.57,89.25,0,0,0,0,0
I50_01_02.png,I50,Gaussian blur,2,4.13,78.25,0,0,0,0,0
I50_01_03.png,I50,Gaussian blur,3,2.73,43.25,1,0,0,0,0
I50_01_04.png,I50,Gaussian blur,4,1.83,20.75,1,0,0,0,0
I50_01_05.png,I50,Gaussian blur,5,1.2,5.0,1,0,0,0,1
I50_24_01.png,I50,High sharpen,1,3.33,58.25,0,0,0,0,0
I50_24_02.png,I50,High sharpen,2,2.6,40.0,0,0,0,0,0
I50_24_03.png,I50,High sharpen,3,2.16,29.0,0,0,0,0,0
I50_24_04.png,I50,High sharpen,4,1.35,8.75,0,0,0,0,0
I50_24_05.png,I50,High sharpen,5,1.23,5.75,0,0,0,0,1
I50_13_01.png,I50,Impulse noise,1,3.63,65.75,0,0,0,0,0
I50_13_02.png,I50,Impulse noise,2,2.93,48.25,0,0,0,0,0
I50_13_03.png,I50,Impulse noise,3,2.87,46.75,0,0,0,1,0
I50_13_04.png,I50,Impulse noise,4,2.07,26.75,0,0,0,1,0
I50_13_05.png,I50,Impulse noise,5,2.03,25.75,0,0,0,1,1
I50_10_01.png,I50,JPEG,1,4.17,79.25,0,0,0,0,0
I50_10_02.png,I50,JPEG,2,4.4,85.0,0,0,0,0,0
I50_10_03.png,I50,JPEG,3,4.03,75.75,0,0,0,0,1
I50_10_04.png,I50,JPEG,4,2.27,31.75,0,0,0,0,1
I50_10_05.png,I50,JPEG,5,1.1,2.5,0,0,0,0,1
I50_09_01.png,I50,JPEG2000,1,4.43,85.75,0,0,0,0,0
I50_09_02.png,I50,JPEG2000,2,4.3,82.5,0,0,0,0,0
I50_09_03.png,I50,JPEG2000,3,3.83,70.75,0,0,0,0,1
I50_09_04.png,I50,JPEG2000,4,2.63,40.75,0,0,0,0,1
I50_09_05.png,I50,JPEG2000,5,1.27,6.75,0,0,0,0,1
I50_19_01.png,I50,Jitter,1,4.57,89.25,0,0,0,0,0
I50_19_02.png,I50,Jitter,2,4.37,84.25,0,0,0,0,0
I50_19_03.png,I50,Jitter,3,3.83,70.75,0,0,0,0,0
I50_19_04.png,I50,Jitter,4,2.27,31.75,0,0,0,0,0
I50_19_05.png,I50,Jitter,5,1.37,9.25,0,0,0,0,1
I50_02_01.png,I50,Lens blur,1,3.9,72.5,0,0,0,0,0
I50_02_02.png,I50,Lens blur,2,2.6,40.0,0,0,0,0,0
I50_02_03.png,I50,Lens blur,3,1.8,20.0,1,0,0,0,0
I50_02_04.png,I50,Lens blur,4,1.33,8.25,1,0,0,0,0
I50_02_05.png,I50,Lens blur,5,1.17,4.25,1,0,0,0,1
I50_18_01.png,I50,Mean shift,1,4.27,81.75,0,0,0,0,0
I50_18_02.png,I50,Mean shift,2,4.17,79.25,0,0,0,0,0
I50_18_03.png,I50,Mean shift,3,4.57,89.25,0,0,0,0,0
I50_18_04.png,I50,Mean shift,4,4.27,81.75,0,0,0,0,0
I50_18_05.png,I50,Mean shift,5,3.67,66.75,0,0,0,0,1
I50_03_01.png,I50,Motion blur,1,4.6,90.0,0,0,0,0,0
I50_03_02.png,I50,Motion blur,2,3.8,70.0,0,0,0,0,0
I50_03_03.png,I50,Motion blur,3,2.77,44.25,1,0,0,0,0
I50_03_04.png,I50,Motion blur,4,2.2,30.0,1,0,0,0,0
I50_03_05.png,I50,Motion blur,5,1.53,13.25,1,0,0,0,1
I50_14_01.png,I50,Multiplicative noise,1,4.07,76.75,0,0,0,0,0
I50_14_02.png,I50,Multiplicative noise,2,3.16,54.0,0,0,0,0,0
I50_14_03.png,I50,Multiplicative noise,3,2.67,41.75,0,0,0,1,0
I50_14_04.png,I50,Multiplicative noise,4,2.13,28.25,0,0,0,1,0
I50_14_05.png,I50,Multiplicative noise,5,1.9,22.5,0,0,0,1,1
I50_20_01.png,I50,Non-eccentricity patch,1,3.87,71.75,0,0,0,0,0
I50_20_02.png,I50,Non-eccentricity patch,2,3.87,71.75,0,0,0,0,0
I50_20_03.png,I50,Non-eccentricity patch,3,3.33,58.25,0,0,0,0,0
I50_20_04.png,I50,Non-eccentricity patch,4,2.37,34.25,0,0,0,0,0
I50_20_05.png,I50,Non-eccentricity patch,5,2.17,29.25,0,0,0,0,1
I50_21_01.png,I50,Pixelate,1,4.37,84.25,0,0,0,0,0
I50_21_02.png,I50,Pixelate,2,3.47,61.75,0,0,0,0,0
I50_21_03.png,I50,Pixelate,3,3.53,63.25,0,0,0,0,0
I50_21_04.png,I50,Pixelate,4,3.03,50.75,0,0,0,0,0
I50_21_05.png,I50,Pixelate,5,1.52,13.0,0,0,0,0,1
I50_22_01.png,I50,Quantization,1,3.87,71.75,0,0,0,0,0
I50_22_02.png,I50,Quantization,2,3.93,73.25,0,0,0,0,0
I50_22_03.png,I50,Quantization,3,3.83,70.75,0,0,0,0,0
I50_22_04.png,I50,Quantization,4,3.73,68.25,0,0,0,0,0
I50_22_05.png,I50,Quantization,5,2.73,43.25,0,0,0,0,1
I50_11_01.png,I50,White noise,1,3.9,72.5,0,0,0,0,0
I50_11_02.png,I50,White noise,2,3.43,60.75,0,0,0,0,0
I50_11_03.png,I50,White noise,3,3.17,54.25,0,0,0,1,0
I50_11_04.png,I50,White noise,4,2.53,38.25,0,0,0,1,0
I50_11_05.png,I50,White noise,5,2.37,34.25,0,0,0,1,1
I50_12_01.png,I50,White noise in color component,1,4.4,85.0,0,0,0,0,0
I50_12_02.png,I50,White noise in color component,2,3.17,54.25,0,0,0,0,0
I50_12_03.png,I50,White noise in color component,3,3.27,56.75,0,0,0,1,0
I50_12_04.png,I50,White noise in color component,4,2.3,32.5,0,0,0,1,0
I50_12_05.png,I50,White noise in color component,5,2.2,30.0,0,0,0,1,1
I50.png,I50,none,0,,100.0,0,0,0,0,0
I51_16_01.png,I51,Brighten,1,4.4,85.0,0,0,0,0,0
I51_16_02.png,I51,Brighten,2,4.27,81.75,0,0,0,0,0
I51_16_03.png,I51,Brighten,3,3.7,67.5,0,0,1,0,0
I51_16_04.png,I51,Brighten,4,2.73,43.25,0,0,1,0,0
I51_16_05.png,I51,Brighten,5,2.07,26.75,0,0,1,0,1
I51_23_01.png,I51,Color block,1,2.53,38.25,0,0,0,0,0
I51_23_02.png,I51,Color block,2,2.43,35.75,0,0,0,0,0
I51_23_03.png,I51,Color block,3,2.53,38.25,0,0,0,0,1
I51_23_04.png,I51,Color block,4,2.2,30.0,0,0,0,0,1
I51_23_05.png,I51,Color block,5,2.07,26.75,0,0,0,0,1
I51_04_01.png,I51,Color diffusion,1,4.7,92.5,0,0,0,0,0
I51_04_02.png,I51,Color diffusion,2,2.97,49.25,0,0,0,0,0
I51_04_03.png,I51,Color diffusion,3,1.7,17.5,0,0,0,0,0
I51_04_04.png,I51,Color diffusion,4,1.4,10.0,0,0,0,0,0
I51_04_05.png,I51,Color diffusion,5,1.17,4.25,0,0,0,0,1
I51_06_01.png,I51,Color quantization,1,3.93,73.25,0,0,0,0,0
I51_06_02.png,I51,Color quantization,2,3.9,72.5,0,0,0,0,0
I51_06_03.png,I51,Color quantization,3,3.77,69.25,0,0,0,0,1
I51_06_04.png,I51,Color quantization,4,3.3,57.5,0,0,0,0,1
I51_06_05.png,I51,Color quantization,5,2.63,40.75,0,0,0,0,1
I51_07_01.png,I51,Color saturation 1,1,2.87,46.75,0,0,0,0,0
I51_07_02.png,I51,Color saturation 1,2,2.27,31.75,0,0,0,0,0
I51_07_03.png,I51,Color saturation 1,3,2.3,32.5,0,0,0,0,0
I51_07_04.png,I51,Color saturation 1,4,2.43,35.75,0,0,0,0,0
I51_07_05.png,I51,Color saturation 1,5,2.03,25.75,0,0,0,0,1
I51_08_01.png,I51,Color saturation 2,1,4.67,91.75,0,0,0,0,0
I51_08_02.png,I51,Color saturation 2,2,3.3,57.5,0,0,0,0,0
I51_08_03.png,I51,Color saturation 2,3,2.97,49.25,0,0,0,0,0
I51_08_04.png,I51,Color saturation 2,4,2.07,26.75,0,0,0,0,0
I51_08_05.png,I51,Color saturation 2,5,1.5,12.5,0,0,0,0,1
I51_05_01.png,I51,Color shift,1,3.87,71.75,0,0,0,0,0
I51_05_02.png,I51,Color shift,2,2.23,30.75,0,0,0,0,0
I51_05_03.png,I51,Color shift,3,1.53,13.25,0,0,0,0,0
I51_05_04.png,I51,Color shift,4,1.5,12.5,0,0,0,0,0
I51_05_05.png,I51,Color shift,5,1.77,19.25,0,0,0,0,1
I51_25_01.png,I51,Contrast change,1,3.67,66.75,0,0,0,0,0
I51_25_02.png,I51,Contrast change,2,4.13,78.25,0,0,0,0,0
I51_25_03.png,I51,Contrast change,3,4.5,87.5,0,0,0,0,0
I51_25_04.png,I51,Contrast change,4,4.07,76.75,0,0,0,0,0
I51_25_05.png,I51,Contrast change,5,3.57,64.25,0,0,0,0,1
I51_17_01.png,I51,Darken,1,4.63,90.75,0,0,0,0,0
I51_17_02.png,I51,Darken,2,4.67,91.75,0,0,0,0,0
I51_17_03.png,I51,Darken,3,4.37,84.25,0,1,0,0,0
I51_17_04.png,I51,Darken,4,3.77,69.25,0,1,0,0,0
I51_17_05.png,I51,Darken,5,2.07,26.75,0,1,0,0,1
I51_15_01.png,I51,Denoise,1,3.97,74.25,0,0,0,0,0
I51_15_02.png,I51,Denoise,2,3.0,50.0,0,0,0,0,0
I51_15_03.png,I51,Denoise,3,2.2,30.0,0,0,0,1,0
I51_15_04.png,I51,Denoise,4,1.69,17.25,0,0,0,1,0
I51_15_05.png,I51,Denoise,5,1.33,8.25,0,0,0,1,1
I51_01_01.png,I51,Gaussian blur,1,4.53,88.25,0,0,0,0,0
I51_01_02.png,I51,Gaussian blur,2,4.37,84.25,0,0,0,0,0
I51_01_03.png,I51,Gaussian blur,3,2.5,37.5,1,0,0,0,0
I51_01_04.png,I51,Gaussian blur,4,1.53,13.25,1,0,0,0,0
I51_01_05.png,I51,Gaussian blur,5,1.33,8.25,1,0,0,0,1
I51_24_01.png,I51,High sharpen,1,3.2,55.0,0,0,0,0,0
I51_24_02.png,I51,High sharpen,2,2.17,29.25,0,0,0,0,0
I51_24_03.png,I51,High sharpen,3,1.43,10.75,0,0,0,0,0
I51_24_04.png,I51,High sharpen,4,1.43,10.75,0,0,0,0,0
I51_24_05.png,I51,High sharpen,5,1.17,4.25,0,0,0,0,1
I51_13_01.png,I51,Impulse noise,1,3.73,68.25,0,0,0,0,0
I51_13_02.png,I51,Impulse noise,2,2.53,38.25,0,0,0,0,0
I51_13_03.png,I51,Impulse noise,3,2.3,32.5,0,0,0,1,0
I51_13_04.png,I51,Impulse noise,4,2.2,30.0,0,0,0,1,0
I51_13_05.png,I51,Impulse noise,5,2.2,30.0,0,0,0,1,1
I51_10_01.png,I51,JPEG,1,4.2,80.0,0,0,0,0,0
I51_10_02.png,I51,JPEG,2,4.13,78.25,0,0,0,0,0
I51_10_03.png,I51,JPEG,3,3.67,66.75,0,0,0,0,1
I51_10_04.png,I51,JPEG,4,1.7,17.5,0,0,0,0,1
I51_10_05.png,I51,JPEG,5,1.23,5.75,0,0,0,0,1
I51_09_01.png,I51,JPEG2000,1,4.8,95.0,0,0,0,0,0
I51_09_02.png,I51,JPEG2000,2,4.47,86.75,0,0,0,0,0
I51_09_03.png,I51,JPEG2000,3,3.77,69.25,0,0,0,0,1
I51_09_04.png,I51,JPEG2000,4,1.93,23.25,0,0,0,0,1
I51_09_05.png,I51,JPEG2000,5,1.37,9.25,0,0,0,0,1
I51_19_01.png,I51,Jitter,1,4.43,85.75,0,0,0,0,0
I51_19_02.png,I51,Jitter,2,4.13,78.25,0,0,0,0,0
I51_19_03.png,I51,Jitter,3,2.93,48.25,0,0,0,0,0
I51_19_04.png,I51,Jitter,4,1.57,14.25,0,0,0,0,0
I51_19_05.png,I51,Jitter,5,1.37,9.25,0,0,0,0,1
I51_02_01.png,I51,Lens blur,1,4.03,75.75,0,0,0,0,0
I51_02_02.png,I51,Lens blur,2,2.48,37.0,0,0,0,0,0
I51_02_03.png,I51,Lens blur,3,1.73,18.25,1,0,0,0,0
I51_02_04.png,I51,Lens blur,4,1.37,9.25,1,0,0,0,0
I51_02_05.png,I51,Lens blur,5,1.13,3.25,1,0,0,0,1
I51_18_01.png,I51,Mean shift,1,4.3,82.5,0,0,0,0,0
I51_18_02.png,I51,Mean shift,2,4.45,86.25,0,0,0,0,0
I51_18_03.png,I51,Mean shift,3,4.43,85.75,0,0,0,0,0
I51_18_04.png,I51,Mean shift,4,4.48,87.0,0,0,0,0,0
I51_18_05.png,I51,Mean shift,5,4.03,75.75,0,0,0,0,1
I51_03_01.png,I51,Motion blur,1,4.77,94.25,0,0,0,0,0
I51_03_02.png,I51,Motion blur,2,4.03,75.75,0,0,0,0,0
I51_03_03.png,I51,Motion blur,3,1.93,23.25,1,0,0,0,0
I51_03_04.png,I51,Motion blur,4,2.0,25.0,1,0,0,0,0
I51_03_05.png,I51,Motion blur,5,1.23,5.75,1,0,0,0,1
I51_14_01.png,I51,Multiplicative noise,1,4.4,85.0,0,0,0,0,0
I51_14_02.png,I51,Multiplicative noise,2,3.0,50.0,0,0,0,0,0
I51_14_03.png,I51,Multiplicative noise,3,2.97,49.25,0,0,0,1,0
I51_14_04.png,I51,Multiplicative noise,4,2.63,40.75,0,0,0,1,0
I51_14_05.png,I51,Multiplicative noise,5,1.93,23.25,0,0,0,1,1
I51_20_01.png,I51,Non-eccentricity patch,1,4.27,81.75,0,0,0,0,0
I51_20_02.png,I51,Non-eccentricity patch,2,3.83,70.75,0,0,0,0,0
I51_20_03.png,I51,Non-eccentricity patch,3,4.13,78.25,0,0,0,0,0
I51_20_04.png,I51,Non-eccentricity patch,4,3.67,66.75,0,0,0,0,0
I51_20_05.png,I51,Non-eccentricity patch,5,2.67,41.75,0,0,0,0,1
I51_21_01.png,I51,Pixelate,1,4.0,75.0,0,0,0,0,0
I51_21_02.png,I51,Pixelate,2,3.0,50.0,0,0,0,0,0
I51_21_03.png,I51,Pixelate,3,2.47,36.75,0,0,0,0,0
I51_21_04.png,I51,Pixelate,4,2.47,36.75,0,0,0,0,0
I51_21_05.png,I51,Pixelate,5,1.23,5.75,0,0,0,0,1
I51_22_01.png,I51,Quantization,1,4.07,76.75,0,0,0,0,0
I51_22_02.png,I51,Quantization,2,3.53,63.25,0,0,0,0,0
I51_22_03.png,I51,Quantization,3,3.45,61.25,0,0,0,0,0
I51_22_04.png,I51,Quantization,4,3.03,50.75,0,0,0,0,0
I51_22_05.png,I51,Quantization,5,2.33,33.25,0,0,0,0,1
I51_11_01.png,I51,White noise,1,3.6,65.0,0,0,0,0,0
I51_11_02.png,I51,White noise,2,2.93,48.25,0,0,0,0,0
I51_11_03.png,I51,White noise,3,3.03,50.75,0,0,0,1,0
I51_11_04.png,I51,White noise,4,2.53,38.25,0,0,0,1,0
I51_11_05.png,I51,White noise,5,2.23,30.75,0,0,0,1,1
I51_12_01.png,I51,White noise in color component,1,4.43,85.75,0,0,0,0,0
I51_12_02.png,I51,White noise in color component,2,3.3,57.5,0,0,0,0,0
I51_12_03.png,I51,White noise in color component,3,2.57,39.25,0,0,0,1,0
I51_12_04.png,I51,White noise in color component,4,2.4,35.0,0,0,0,1,0
I51_12_05.png,I51,White noise in color component,5,2.27,31.75,0,0,0,1,1
I51.png,I51,none,0,,100.0,0,0,0,0,0
I52_16_01.png,I52,Brighten,1,4.67,91.75,0,0,0,0,0
I52_16_02.png,I52,Brighten,2,4.4,85.0,0,0,0,0,0
I52_16_03.png,I52,Brighten,3,3.87,71.75,0,0,1,0,0
I52_16_04.png,I52,Brighten,4,3.1,52.5,0,0,1,0,0
I52_16_05.png,I52,Brighten,5,1.7,17.5,0,0,1,0,1
I52_23_01.png,I52,Color block,1,2.43,35.75,0,0,0,0,0
I52_23_02.png,I52,Color block,2,2.53,38.25,0,0,0,0,0
I52_23_03.png,I52,Color block,3,2.27,31.75,0,0,0,0,1
I52_23_04.png,I52,Color block,4,1.93,23.25,0,0,0,0,1
I52_23_05.png,I52,Color block,5,2.2,30.0,0,0,0,0,1
I52_04_01.png,I52,Color diffusion,1,4.33,83.25,0,0,0,0,0
I52_04_02.png,I52,Color diffusion,2,2.97,49.25,0,0,0,0,0
I52_04_03.png,I52,Color diffusion,3,1.93,23.25,0,0,0,0,0
I52_04_04.png,I52,Color diffusion,4,1.5,12.5,0,0,0,0,0
I52_04_05.png,I52,Color diffusion,5,1.37,9.25,0,0,0,0,1
I52_06_01.png,I52,Color quantization,1,4.23,80.75,0,0,0,0,0
I52_06_02.png,I52,Color quantization,2,4.2,80.0,0,0,0,0,0
I52_06_03.png,I52,Color quantization,3,3.9,72.5,0,0,0,0,1
I52_06_04.png,I52,Color quantization,4,2.93,48.25,0,0,0,0,1
I52_06_05.png,I52,Color quantization,5,2.53,38.25,0,0,0,0,1
I52_07_01.png,I52,Color saturation 1,1,2.43,35.75,0,0,0,0,0
I52_07_02.png,I52,Color saturation 1,2,2.2,30.0,0,0,0,0,0
I52_07_03.png,I52,Color saturation 1,3,1.93,23.25,0,0,0,0,0
I52_07_04.png,I52,Color saturation 1,4,2.0,25.0,0,0,0,0,0
I52_07_05.png,I52,Color saturation 1,5,1.83,20.75,0,0,0,0,1
I52_08_01.png,I52,Color saturation 2,1,4.7,92.5,0,0,0,0,0
I52_08_02.png,I52,Color saturation 2,2,3.93,73.25,0,0,0,0,0
I52_08_03.png,I52,Color saturation 2,3,3.73,68.25,0,0,0,0,0
I52_08_04.png,I52,Color saturation 2,4,2.2,30.0,0,0,0,0,0
I52_08_05.png,I52,Color saturation 2,5,1.9,22.5,0,0,0,0,1
I52_05_01.png,I52,Color shift,1,4.63,90.75,0,0,0,0,0
I52_05_02.png,I52,Color shift,2,2.83,45.75,0,0,0,0,0
I52_05_03.png,I52,Color shift,3,2.37,34.25,0,0,0,0,0
I52_05_04.png,I52,Color shift,4,2.53,38.25,0,0,0,0,0
I52_05_05.png,I52,Color shift,5,3.03,50.75,0,0,0,0,1
I52_25_01.png,I52,Contrast change,1,4.03,75.75,0,0,0,0,0
I52_25_02.png,I52,Contrast change,2,4.3,82.5,0,0,0,0,0
I52_25_03.png,I52,Contrast change,3,4.37,84.25,0,0,0,0,0
I52_25_04.png,I52,Contrast change,4,4.4,85.0,0,0,0,0,0
I52_25_05.png,I52,Contrast change,5,3.57,64.25,0,0,0,0,1
I52_17_01.png,I52,Darken,1,4.67,91.75,0,0,0,0,0
I52_17_02.png,I52,Darken,2,4.7,92.5,0,0,0,0,0
I52_17_03.png,I52,Darken,3,4.67,91.75,0,1,0,0,0
I52_17_04.png,I52,Darken,4,3.57,64.25,0,1,0,0,0
I52_17_05.png,I52,Darken,5,2.5,37.5,0,1,0,0,1
I52_15_01.png,I52,Denoise,1,3.8,70.0,0,0,0,0,0
I52_15_02.png,I52,Denoise,2,2.67,41.75,0,0,0,0,0
I52_15_03.png,I52,Denoise,3,1.8,20.0,0,0,0,1,0
I52_15_04.png,I52,Denoise,4,1.4,10.0,0,0,0,1,0
I52_15_05.png,I52,Denoise,5,1.33,8.25,0,0,0,1,1
I52_01_01.png,I52,Gaussian blur,1,4.77,94.25,0,0,0,0,0
I52_01_02.png,I52,Gaussian blur,2,4.47,86.75,0,0,0,0,0
I52_01_03.png,I52,Gaussian blur,3,2.73,43.25,1,0,0,0,0
I52_01_04.png,I52,Gaussian blur,4,1.87,21.75,1,0,0,0,0
I52_01_05.png,I52,Gaussian blur,5,1.27,6.75,1,0,0,0,1
I52_24_01.png,I52,High sharpen,1,3.83,70.75,0,0,0,0,0
I52_24_02.png,I52,High sharpen,2,2.83,45.75,0,0,0,0,0
I52_24_03.png,I52,High sharpen,3,2.1,27.5,0,0,0,0,0
I52_24_04.png,I52,High sharpen,4,1.67,16.75,0,0,0,0,0
I52_24_05.png,I52,High sharpen,5,1.47,11.75,0,0,0,0,1
I52_13_01.png,I52,Impulse noise,1,3.2,55.0,0,0,0,0,0
I52_13_02.png,I52,Impulse noise,2,2.77,44.25,0,0,0,0,0
I52_13_03.png,I52,Impulse noise,3,2.67,41.75,0,0,0,1,0
I52_13_04.png,I52,Impulse noise,4,2.17,29.25,0,0,0,1,0
I52_13_05.png,I52,Impulse noise,5,2.0,25.0,0,0,0,1,1
I52_10_01.png,I52,JPEG,1,3.93,73.25,0,0,0,0,0
I52_10_02.png,I52,JPEG,2,3.7,67.5,0,0,0,0,0
I52_10_03.png,I52,JPEG,3,3.37,59.25,0,0,0,0,1
I52_10_04.png,I52,JPEG,4,1.7,17.5,0,0,0,0,1
I52_10_05.png,I52,JPEG,5,1.2,5.0,0,0,0,0,1
I52_09_01.png,I52,JPEG2000,1,4.53,88.25,0,0,0,0,0
I52_09_02.png,I52,JPEG2000,2,3.5,62.5,0,0,0,0,0
I52_09_03.png,I52,JPEG2000,3,2.53,38.25,0,0,0,0,1
I52_09_04.png,I52,JPEG2000,4,1.5,12.5,0,0,0,0,1
I52_09_05.png,I52,JPEG2000,5,1.23,5.75,0,0,0,0,1
I52_19_01.png,I52,Jitter,1,4.5,87.5,0,0,0,0,0
I52_19_02.png,I52,Jitter,2,4.33,83.25,0,0,0,0,0
I52_19_03.png,I52,Jitter,3,2.7,42.5,0,0,0,0,0
I52_19_04.png,I52,Jitter,4,1.53,13.25,0,0,0,0,0
I52_19_05.png,I52,Jitter,5,1.13,3.25,0,0,0,0,1
I52_02_01.png,I52,Lens blur,1,4.07,76.75,0,0,0,0,0
I52_02_02.png,I52,Lens blur,2,2.94,48.5,0,0,0,0,0
I52_02_03.png,I52,Lens blur,3,1.8,20.0,1,0,0,0,0
I52_02_04.png,I52,Lens blur,4,1.37,9.25,1,0,0,0,0
I52_02_05.png,I52,Lens blur,5,1.26,6.5,1,0,0,0,1
I52_18_01.png,I52,Mean shift,1,4.63,90.75,0,0,0,0,0
I52_18_02.png,I52,Mean shift,2,4.83,95.75,0,0,0,0,0
I52_18_03.png,I52,Mean shift,3,4.6,90.0,0,0,0,0,0
I52_18_04.png,I52,Mean shift,4,4.73,93.25,0,0,0,0,0
I52_18_05.png,I52,Mean shift,5,4.23,80.75,0,0,0,0,1
I52_03_01.png,I52,Motion blur,1,4.7,92.5,0,0,0,0,0
I52_03_02.png,I52,Motion blur,2,4.2,80.0,0,0,0,0,0
I52_03_03.png,I52,Motion blur,3,2.67,41.75,1,0,0,0,0
I52_03_04.png,I52,Motion blur,4,1.77,19.25,1,0,0,0,0
I52_03_05.png,I52,Motion blur,5,1.6,15.0,1,0,0,0,1
I52_14_01.png,I52,Multiplicative noise,1,4.33,83.25,0,0,0,0,0
I52_14_02.png,I52,Multiplicative noise,2,3.47,61.75,0,0,0,0,0
I52_14_03.png,I52,Multiplicative noise,3,2.8,45.0,0,0,0,1,0
I52_14_04.png,I52,Multiplicative noise,4,2.3,32.5,0,0,0,1,0
I52_14_05.png,I52,Multiplicative noise,5,2.27,31.75,0,0,0,1,1
I52_20_01.png,I52,Non-eccentricity patch,1,4.53,88.25,0,0,0,0,0
I52_20_02.png,I52,Non-eccentricity patch,2,3.67,66.75,0,0,0,0,0
I52_20_03.png,I52,Non-eccentricity patch,3,3.43,60.75,0,0,0,0,0
I52_20_04.png,I52,Non-eccentricity patch,4,3.3,57.5,0,0,0,0,0
I52_20_05.png,I52,Non-eccentricity patch,5,2.9,47.5,0,0,0,0,1
I52_21_01.png,I52,Pixelate,1,3.83,70.75,0,0,0,0,0
I52_21_02.png,I52,Pixelate,2,2.93,48.25,0,0,0,0,0
I52_21_03.png,I52,Pixelate,3,2.6,40.0,0,0,0,0,0
I52_21_04.png,I52,Pixelate,4,2.3,32.5,0,0,0,0,0
I52_21_05.png,I52,Pixelate,5,1.53,13.25,0,0,0,0,1
I52_22_01.png,I52,Quantization,1,4.23,80.75,0,0,0,0,0
I52_22_02.png,I52,Quantization,2,3.43,60.75,0,0,0,0,0
I52_22_03.png,I52,Quantization,3,3.23,55.75,0,0,0,0,0
I52_22_04.png,I52,Quantization,4,3.37,59.25,0,0,0,0,0
I52_22_05.png,I52,Quantization,5,2.67,41.75,0,0,0,0,1
I52_11_01.png,I52,White noise,1,3.63,65.75,0,0,0,0,0
I52_11_02.png,I52,White noise,2,3.1,52.5,0,0,0,0,0
I52_11_03.png,I52,White noise,3,2.7,42.5,0,0,0,1,0
I52_11_04.png,I52,White noise,4,2.43,35.75,0,0,0,1,0
I52_11_05.png,I52,White noise,5,2.07,26.75,0,0,0,1,1
I52_12_01.png,I52,White noise in color component,1,4.5,87.5,0,0,0,0,0
I52_12_02.png,I52,White noise in color component,2,3.27,56.75,0,0,0,0,0
I52_12_03.png,I52,White noise in color component,3,2.8,45.0,0,0,0,1,0
I52_12_04.png,I52,White noise in color component,4,2.47,36.75,0,0,0,1,0
I52_12_05.png,I52,White noise in color component,5,2.42,35.5,0,0,0,1,1
I52.png,I52,none,0,,100.0,0,0,0,0,0
I53_16_01.png,I53,Brighten,1,4.6,90.0,0,0,0,0,0
I53_16_02.png,I53,Brighten,2,4.37,84.25,0,0,0,0,0
I53_16_03.png,I53,Brighten,3,3.6,65.0,0,0,1,0,0
I53_16_04.png,I53,Brighten,4,2.63,40.75,0,0,1,0,0
I53_16_05.png,I53,Brighten,5,1.73,18.25,0,0,1,0,1
I53_23_01.png,I53,Color block,1,3.33,58.25,0,0,0,0,0
I53_23_02.png,I53,Color block,2,2.07,26.75,0,0,0,0,0
I53_23_03.png,I53,Color block,3,2.57,39.25,0,0,0,0,1
I53_23_04.png,I53,Color block,4,2.37,34.25,0,0,0,0,1
I53_23_05.png,I53,Color block,5,1.9,22.5,0,0,0,0,1
I53_04_01.png,I53,Color diffusion,1,4.5,87.5,0,0,0,0,0
I53_04_02.png,I53,Color diffusion,2,2.3,32.5,0,0,0,0,0
I53_04_03.png,I53,Color diffusion,3,1.53,13.25,0,0,0,0,0
I53_04_04.png,I53,Color diffusion,4,1.32,8.0,0,0,0,0,0
I53_04_05.png,I53,Color diffusion,5,1.06,1.5,0,0,0,0,1
I53_06_01.png,I53,Color quantization,1,3.9,72.5,0,0,0,0,0
I53_06_02.png,I53,Color quantization,2,3.67,66.75,0,0,0,0,0
I53_06_03.png,I53,Color quantization,3,3.52,63.0,0,0,0,0,1
I53_06_04.png,I53,Color quantization,4,2.87,46.75,0,0,0,0,1
I53_06_05.png,I53,Color quantization,5,2.03,25.75,0,0,0,0,1
I53_07_01.png,I53,Color saturation 1,1,2.33,33.25,0,0,0,0,0
I53_07_02.png,I53,Color saturation 1,2,2.63,40.75,0,0,0,0,0
I53_07_03.png,I53,Color saturation 1,3,2.57,39.25,0,0,0,0,0
I53_07_04.png,I53,Color saturation 1,4,2.47,36.75,0,0,0,0,0
I53_07_05.png,I53,Color saturation 1,5,1.67,16.75,0,0,0,0,1
I53_08_01.png,I53,Color saturation 2,1,4.77,94.25,0,0,0,0,0
I53_08_02.png,I53,Color saturation 2,2,3.43,60.75,0,0,0,0,0
I53_08_03.png,I53,Color saturation 2,3,2.43,35.75,0,0,0,0,0
I53_08_04.png,I53,Color saturation 2,4,1.33,8.25,0,0,0,0,0
I53_08_05.png,I53,Color saturation 2,5,1.43,10.75,0,0,0,0,1
I53_05_01.png,I53,Color shift,1,4.13,78.25,0,0,0,0,0
I53_05_02.png,I53,Color shift,2,2.57,39.25,0,0,0,0,0
I53_05_03.png,I53,Color shift,3,1.57,14.25,0,0,0,0,0
I53_05_04.png,I53,Color shift,4,1.7,17.5,0,0,0,0,0
I53_05_05.png,I53,Color shift,5,1.5,12.5,0,0,0,0,1
I53_25_01.png,I53,Contrast change,1,3.83,70.75,0,0,0,0,0
I53_25_02.png,I53,Contrast change,2,3.97,74.25,0,0,0,0,0
I53_25_03.png,I53,Contrast change,3,4.43,85.75,0,0,0,0,0
I53_25_04.png,I53,Contrast change,4,4.47,86.75,0,0,0,0,0
I53_25_05.png,I53,Contrast change,5,3.47,61.75,0,0,0,0,1
I53_17_01.png,I53,Darken,1,4.83,95.75,0,0,0,0,0
I53_17_02.png,I53,Darken,2,4.6,90.0,0,0,0,0,0
I53_17_03.png,I53,Darken,3,4.53,88.25,0,1,0,0,0
I53_17_04.png,I53,Darken,4,3.93,73.25,0,1,0,0,0
I53_17_05.png,I53,Darken,5,2.4,35.0,0,1,0,0,1
I53_15_01.png,I53,Denoise,1,3.7,67.5,0,0,0,0,0
I53_15_02.png,I53,Denoise,2,2.63,40.75,0,0,0,0,0
I53_15_03.png,I53,Denoise,3,1.93,23.25,0,0,0,1,0
I53_15_04.png,I53,Denoise,4,1.57,14.25,0,0,0,1,0
I53_15_05.png,I53,Denoise,5,1.57,14.25,0,0,0,1,1
I53_01_01.png,I53,Gaussian blur,1,4.7,92.5,0,0,0,0,0
I53_01_02.png,I53,Gaussian blur,2,4.63,90.75,0,0,0,0,0
I53_01_03.png,I53,Gaussian blur,3,3.3,57.5,1,0,0,0,0
I53_01_04.png,I53,Gaussian blur,4,2.0,25.0,1,0,0,0,0
I53_01_05.png,I53,Gaussian blur,5,1.27,6.75,1,0,0,0,1
I53_24_01.png,I53,High sharpen,1,3.93,73.25,0,0,0,0,0
I53_24_02.png,I53,High sharpen,2,2.6,40.0,0,0,0,0,0
I53_24_03.png,I53,High sharpen,3,2.53,38.25,0,0,0,0,0
I53_24_04.png,I53,High sharpen,4,1.43,10.75,0,0,0,0,0
I53_24_05.png,I53,High sharpen,5,1.27,6.75,0,0,0,0,1
I53_13_01.png,I53,Impulse noise,1,3.43,60.75,0,0,0,0,0
I53_13_02.png,I53,Impulse noise,2,2.47,36.75,0,0,0,0,0
I53_13_03.png,I53,Impulse noise,3,2.53,38.25,0,0,0,1,0
I53_13_04.png,I53,Impulse noise,4,2.3,32.5,0,0,0,1,0
I53_13_05.png,I53,Impulse noise,5,2.07,26.75,0,0,0,1,1
I53_10_01.png,I53,JPEG,1,4.57,89.25,0,0,0,0,0
I53_10_02.png,I53,JPEG,2,4.53,88.25,0,0,0,0,0
I53_10_03.png,I53,JPEG,3,3.53,63.25,0,0,0,0,1
I53_10_04.png,I53,JPEG,4,1.83,20.75,0,0,0,0,1
I53_10_05.png,I53,JPEG,5,1.27,6.75,0,0,0,0,1
I53_09_01.png,I53,JPEG2000,1,4.53,88.25,0,0,0,0,0
I53_09_02.png,I53,JPEG2000,2,4.77,94.25,0,0,0,0,0
I53_09_03.png,I53,JPEG2000,3,4.6,90.0,0,0,0,0,1
I53_09_04.png,I53,JPEG2000,4,3.6,65.0,0,0,0,0,1
I53_09_05.png,I53,JPEG2000,5,1.73,18.25,0,0,0,0,1
I53_19_01.png,I53,Jitter,1,4.59,89.75,0,0,0,0,0
I53_19_02.png,I53,Jitter,2,4.27,81.75,0,0,0,0,0
I53_19_03.png,I53,Jitter,3,3.33,58.25,0,0,0,0,0
I53_19_04.png,I53,Jitter,4,1.83,20.75,0,0,0,0,0
I53_19_05.png,I53,Jitter,5,1.33,8.25,0,0,0,0,1
I53_02_01.png,I53,Lens blur,1,4.39,84.75,0,0,0,0,0
I53_02_02.png,I53,Lens blur,2,2.73,43.25,0,0,0,0,0
I53_02_03.png,I53,Lens blur,3,2.07,26.75,1,0,0,0,0
I53_02_04.png,I53,Lens blur,4,1.47,11.75,1,0,0,0,0
I53_02_05.png,I53,Lens blur,5,1.39,9.75,1,0,0,0,1
I53_18_01.png,I53,Mean shift,1,4.2,80.0,0,0,0,0,0
I53_18_02.png,I53,Mean shift,2,4.67,91.75,0,0,0,0,0
I53_18_03.png,I53,Mean shift,3,4.8,95.0,0,0,0,0,0
I53_18_04.png,I53,Mean shift,4,4.57,89.25,0,0,0,0,0
I53_18_05.png,I53,Mean shift,5,3.87,71.75,0,0,0,0,1
I53_03_01.png,I53,Motion blur,1,4.73,93.25,0,0,0,0,0
I53_03_02.png,I53,Motion blur,2,4.3,82.5,0,0,0,0,0
I53_03_03.png,I53,Motion blur,3,3.4,60.0,1,0,0,0,0
I53_03_04.png,I53,Motion blur,4,2.53,38.25,1,0,0,0,0
I53_03_05.png,I53,Motion blur,5,1.77,19.25,1,0,0,0,1
I53_14_01.png,I53,Multiplicative noise,1,4.47,86.75,0,0,0,0,0
I53_14_02.png,I53,Multiplicative noise,2,3.23,55.75,0,0,0,0,0
I53_14_03.png,I53,Multiplicative noise,3,3.07,51.75,0,0,0,1,0
I53_14_04.png,I53,Multiplicative noise,4,2.67,41.75,0,0,0,1,0
I53_14_05.png,I53,Multiplicative noise,5,1.97,24.25,0,0,0,1,1
I53_20_01.png,I53,Non-eccentricity patch,1,3.77,69.25,0,0,0,0,0
I53_20_02.png,I53,Non-eccentricity patch,2,4.13,78.25,0,0,0,0,0
I53_20_03.png,I53,Non-eccentricity patch,3,3.47,61.75,0,0,0,0,0
I53_20_04.png,I53,Non-eccentricity patch,4,2.8,45.0,0,0,0,0,0
I53_20_05.png,I53,Non-eccentricity patch,5,2.77,44.25,0,0,0,0,1
I53_21_01.png,I53,Pixelate,1,3.37,59.25,0,0,0,0,0
I53_21_02.png,I53,Pixelate,2,3.07,51.75,0,0,0,0,0
I53_21_03.png,I53,Pixelate,3,2.93,48.25,0,0,0,0,0
I53_21_04.png,I53,Pixelate,4,2.9,47.5,0,0,0,0,0
I53_21_05.png,I53,Pixelate,5,1.47,11.75,0,0,0,0,1
I53_22_01.png,I53,Quantization,1,3.47,61.75,0,0,0,0,0
I53_22_02.png,I53,Quantization,2,3.27,56.75,0,0,0,0,0
I53_22_03.png,I53,Quantization,3,2.87,46.75,0,0,0,0,0
I53_22_04.png,I53,Quantization,4,2.83,45.75,0,0,0,0,0
I53_22_05.png,I53,Quantization,5,2.47,36.75,0,0,0,0,1
I53_11_01.png,I53,White noise,1,3.4,60.0,0,0,0,0,0
I53_11_02.png,I53,White noise,2,2.97,49.25,0,0,0,0,0
I53_11_03.png,I53,White noise,3,2.9,47.5,0,0,0,1,0
I53_11_04.png,I53,White noise,4,2.57,39.25,0,0,0,1,0
I53_11_05.png,I53,White noise,5,2.03,25.75,0,0,0,1,1
I53_12_01.png,I53,White noise in color component,1,4.37,84.25,0,0,0,0,0
I53_12_02.png,I53,White noise in color component,2,3.27,56.75,0,0,0,0,0
I53_12_03.png,I53,White noise in color component,3,2.83,45.75,0,0,0,1,0
I53_12_04.png,I53,White noise in color component,4,2.3,32.5,0,0,0,1,0
I53_12_05.png,I53,White noise in color component,5,2.2,30.0,0,0,0,1,1
I53.png,I53,none,0,,100.0,0,0,0,0,0
I54_16_01.png,I54,Brighten,1,4.47,86.75,0,0,0,0,0
I54_16_02.png,I54,Brighten,2,4.17,79.25,0,0,0,0,0
I54_16_03.png,I54,Brighten,3,3.8,70.0,0,0,1,0,0
I54_16_04.png,I54,Brighten,4,2.57,39.25,0,0,1,0,0
I54_16_05.png,I54,Brighten,5,1.63,15.75,0,0,1,0,1
I54_23_01.png,I54,Color block,1,2.7,42.5,0,0,0,0,0
I54_23_02.png,I54,Color block,2,2.0,25.0,0,0,0,0,0
I54_23_03.png,I54,Color block,3,2.07,26.75,0,0,0,0,1
I54_23_04.png,I54,Color block,4,1.67,16.75,0,0,0,0,1
I54_23_05.png,I54,Color block,5,1.91,22.75,0,0,0,0,1
I54_04_01.png,I54,Color diffusion,1,4.65,91.25,0,0,0,0,0
I54_04_02.png,I54,Color diffusion,2,3.23,55.75,0,0,0,0,0
I54_04_03.png,I54,Color diffusion,3,1.53,13.25,0,0,0,0,0
I54_04_04.png,I54,Color diffusion,4,1.73,18.25,0,0,0,0,0
I54_04_05.png,I54,Color diffusion,5,1.33,8.25,0,0,0,0,1
I54_06_01.png,I54,Color quantization,1,4.27,81.75,0,0,0,0,0
I54_06_02.png,I54,Color quantization,2,4.1,77.5,0,0,0,0,0
I54_06_03.png,I54,Color quantization,3,4.07,76.75,0,0,0,0,1
I54_06_04.png,I54,Color quantization,4,2.83,45.75,0,0,0,0,1
I54_06_05.png,I54,Color quantization,5,2.4,35.0,0,0,0,0,1
I54_07_01.png,I54,Color saturation 1,1,2.87,46.75,0,0,0,0,0
I54_07_02.png,I54,Color saturation 1,2,2.13,28.25,0,0,0,0,0
I54_07_03.png,I54,Color saturation 1,3,1.94,23.5,0,0,0,0,0
I54_07_04.png,I54,Color saturation 1,4,2.23,30.75,0,0,0,0,0
I54_07_05.png,I54,Color saturation 1,5,1.73,18.25,0,0,0,0,1
I54_08_01.png,I54,Color saturation 2,1,4.77,94.25,0,0,0,0,0
I54_08_02.png,I54,Color saturation 2,2,3.53,63.25,0,0,0,0,0
I54_08_03.png,I54,Color saturation 2,3,2.83,45.75,0,0,0,0,0
I54_08_04.png,I54,Color saturation 2,4,1.6,15.0,0,0,0,0,0
I54_08_05.png,I54,Color saturation 2,5,1.3,7.5,0,0,0,0,1
I54_05_01.png,I54,Color shift,1,4.37,84.25,0,0,0,0,0
I54_05_02.png,I54,Color shift,2,1.67,16.75,0,0,0,0,0
I54_05_03.png,I54,Color shift,3,1.47,11.75,0,0,0,0,0
I54_05_04.png,I54,Color shift,4,1.42,10.5,0,0,0,0,0
I54_05_05.png,I54,Color shift,5,1.47,11.75,0,0,0,0,1
I54_25_01.png,I54,Contrast change,1,3.87,71.75,0,0,0,0,0
I54_25_02.png,I54,Contrast change,2,4.2,80.0,0,0,0,0,0
I54_25_03.png,I54,Contrast change,3,4.27,81.75,0,0,0,0,0
I54_25_04.png,I54,Contrast change,4,4.0,75.0,0,0,0,0,0
I54_25_05.png,I54,Contrast change,5,3.4,60.0,0,0,0,0,1
I54_17_01.png,I54,Darken,1,4.6,90.0,0,0,0,0,0
I54_17_02.png,I54,Darken,2,4.6,90.0,0,0,0,0,0
I54_17_03.png,I54,Darken,3,4.23,80.75,0,1,0,0,0
I54_17_04.png,I54,Darken,4,3.27,56.75,0,1,0,0,0
I54_17_05.png,I54,Darken,5,1.97,24.25,0,1,0,0,1
I54_15_01.png,I54,Denoise,1,3.6,65.0,0,0,0,0,0
I54_15_02.png,I54,Denoise,2,2.63,40.75,0,0,0,0,0
I54_15_03.png,I54,Denoise,3,1.9,22.5,0,0,0,1,0
I54_15_04.png,I54,Denoise,4,1.6,15.0,0,0,0,1,0
I54_15_05.png,I54,Denoise,5,1.27,6.75,0,0,0,1,1
I54_01_01.png,I54,Gaussian blur,1,4.84,96.0,0,0,0,0,0
I54_01_02.png,I54,Gaussian blur,2,4.48,87.0,0,0,0,0,0
I54_01_03.png,I54,Gaussian blur,3,2.53,38.25,1,0,0,0,0
I54_01_04.png,I54,Gaussian blur,4,1.67,16.75,1,0,0,0,0
I54_01_05.png,I54,Gaussian blur,5,1.1,2.5,1,0,0,0,1
I54_24_01.png,I54,High sharpen,1,3.1,52.5,0,0,0,0,0
I54_24_02.png,I54,High sharpen,2,2.1,27.5,0,0,0,0,0
I54_24_03.png,I54,High sharpen,3,1.9,22.5,0,0,0,0,0
I54_24_04.png,I54,High sharpen,4,1.47,11.75,0,0,0,0,0
I54_24_05.png,I54,High sharpen,5,1.37,9.25,0,0,0,0,1
I54_13_01.png,I54,Impulse noise,1,3.37,59.25,0,0,0,0,0
I54_13_02.png,I54,Impulse noise,2,2.8,45.0,0,0,0,0,0
I54_13_03.png,I54,Impulse noise,3,2.5,37.5,0,0,0,1,0
I54_13_04.png,I54,Impulse noise,4,2.43,35.75,0,0,0,1,0
I54_13_05.png,I54,Impulse noise,5,1.9,22.5,0,0,0,1,1
I54_10_01.png,I54,JPEG,1,4.23,80.75,0,0,0,0,0
I54_10_02.png,I54,JPEG,2,4.3,82.5,0,0,0,0,0
I54_10_03.png,I54,JPEG,3,3.6,65.0,0,0,0,0,1
I54_10_04.png,I54,JPEG,4,2.0,25.0,0,0,0,0,1
I54_10_05.png,I54,JPEG,5,1.27,6.75,0,0,0,0,1
I54_09_01.png,I54,JPEG2000,1,4.3,82.5,0,0,0,0,0
I54_09_02.png,I54,JPEG2000,2,4.03,75.75,0,0,0,0,0
I54_09_03.png,I54,JPEG2000,3,3.9,72.5,0,0,0,0,1
I54_09_04.png,I54,JPEG2000,4,2.6,40.0,0,0,0,0,1
I54_09_05.png,I54,JPEG2000,5,1.17,4.25,0,0,0,0,1
I54_19_01.png,I54,Jitter,1,4.5,87.5,0,0,0,0,0
I54_19_02.png,I54,Jitter,2,4.1,77.5,0,0,0,0,0
I54_19_03.png,I54,Jitter,3,3.33,58.25,0,0,0,0,0
I54_19_04.png,I54,Jitter,4,1.73,18.25,0,0,0,0,0
I54_19_05.png,I54,Jitter,5,1.43,10.75,0,0,0,0,1
I54_02_01.png,I54,Lens blur,1,3.61,65.25,0,0,0,0,0
I54_02_02.png,I54,Lens blur,2,2.23,30.75,0,0,0,0,0
I54_02_03.png,I54,Lens blur,3,1.7,17.5,1,0,0,0,0
I54_02_04.png,I54,Lens blur,4,1.2,5.0,1,0,0,0,0
I54_02_05.png,I54,Lens blur,5,1.2,5.0,1,0,0,0,1
I54_18_01.png,I54,Mean shift,1,4.27,81.75,0,0,0,0,0
I54_18_02.png,I54,Mean shift,2,4.53,88.25,0,0,0,0,0
I54_18_03.png,I54,Mean shift,3,4.5,87.5,0,0,0,0,0
I54_18_04.png,I54,Mean shift,4,4.45,86.25,0,0,0,0,0
I54_18_05.png,I54,Mean shift,5,3.53,63.25,0,0,0,0,1
I54_03_01.png,I54,Motion blur,1,4.5,87.5,0,0,0,0,0
I54_03_02.png,I54,Motion blur,2,3.6,65.0,0,0,0,0,0
I54_03_03.png,I54,Motion blur,3,2.1,27.5,1,0,0,0,0
I54_03_04.png,I54,Motion blur,4,1.6,15.0,1,0,0,0,0
I54_03_05.png,I54,Motion blur,5,1.43,10.75,1,0,0,0,1
I54_14_01.png,I54,Multiplicative noise,1,4.63,90.75,0,0,0,0,0
I54_14_02.png,I54,Multiplicative noise,2,3.47,61.75,0,0,0,0,0
I54_14_03.png,I54,Multiplicative noise,3,3.17,54.25,0,0,0,1,0
I54_14_04.png,I54,Multiplicative noise,4,2.6,40.0,0,0,0,1,0
I54_14_05.png,I54,Multiplicative noise,5,2.17,29.25,0,0,0,1,1
I54_20_01.png,I54,Non-eccentricity patch,1,4.4,85.0,0,0,0,0,0
I54_20_02.png,I54,Non-eccentricity patch,2,3.87,71.75,0,0,0,0,0
I54_20_03.png,I54,Non-eccentricity patch,3,3.97,74.25,0,0,0,0,0
I54_20_04.png,I54,Non-eccentricity patch,4,4.07,76.75,0,0,0,0,0
I54_20_05.png,I54,Non-eccentricity patch,5,3.37,59.25,0,0,0,0,1
I54_21_01.png,I54,Pixelate,1,4.67,91.75,0,0,0,0,0
I54_21_02.png,I54,Pixelate,2,3.9,72.5,0,0,0,0,0
I54_21_03.png,I54,Pixelate,3,3.1,52.5,0,0,0,0,0
I54_21_04.png,I54,Pixelate,4,2.93,48.25,0,0,0,0,0
I54_21_05.png,I54,Pixelate,5,1.63,15.75,0,0,0,0,1
I54_22_01.png,I54,Quantization,1,3.13,53.25,0,0,0,0,0
I54_22_02.png,I54,Quantization,2,2.94,48.5,0,0,0,0,0
I54_22_03.png,I54,Quantization,3,3.07,51.75,0,0,0,0,0
I54_22_04.png,I54,Quantization,4,2.73,43.25,0,0,0,0,0
I54_22_05.png,I54,Quantization,5,2.6,40.0,0,0,0,0,1
I54_11_01.png,I54,White noise,1,3.43,60.75,0,0,0,0,0
I54_11_02.png,I54,White noise,2,2.73,43.25,0,0,0,0,0
I54_11_03.png,I54,White noise,3,2.83,45.75,0,0,0,1,0
I54_11_04.png,I54,White noise,4,2.43,35.75,0,0,0,1,0
I54_11_05.png,I54,White noise,5,2.33,33.25,0,0,0,1,1
I54_12_01.png,I54,White noise in color component,1,4.38,84.5,0,0,0,0,0
I54_12_02.png,I54,White noise in color component,2,3.37,59.25,0,0,0,0,0
I54_12_03.png,I54,White noise in color component,3,2.8,45.0,0,0,0,1,0
I54_12_04.png,I54,White noise in color component,4,2.27,31.75,0,0,0,1,0
I54_12_05.png,I54,White noise in color component,5,2.1,27.5,0,0,0,1,1
I54.png,I54,none,0,,100.0,0,0,0,0,0
I55_16_01.png,I55,Brighten,1,4.57,89.25,0,0,0,0,0
I55_16_02.png,I55,Brighten,2,4.5,87.5,0,0,0,0,0
I55_16_03.png,I55,Brighten,3,3.8,70.0,0,0,1,0,0
I55_16_04.png,I55,Brighten,4,2.97,49.25,0,0,1,0,0
I55_16_05.png,I55,Brighten,5,1.87,21.75,0,0,1,0,1
I55_23_01.png,I55,Color block,1,2.27,31.75,0,0,0,0,0
I55_23_02.png,I55,Color block,2,2.4,35.0,0,0,0,0,0
I55_23_03.png,I55,Color block,3,2.27,31.75,0,0,0,0,1
I55_23_04.png,I55,Color block,4,1.87,21.75,0,0,0,0,1
I55_23_05.png,I55,Color block,5,2.53,38.25,0,0,0,0,1
I55_04_01.png,I55,Color diffusion,1,4.61,90.25,0,0,0,0,0
I55_04_02.png,I55,Color diffusion,2,2.52,38.0,0,0,0,0,0
I55_04_03.png,I55,Color diffusion,3,2.1,27.5,0,0,0,0,0
I55_04_04.png,I55,Color diffusion,4,1.93,23.25,0,0,0,0,0
I55_04_05.png,I55,Color diffusion,5,1.5,12.5,0,0,0,0,1
I55_06_01.png,I55,Color quantization,1,4.65,91.25,0,0,0,0,0
I55_06_02.png,I55,Color quantization,2,4.23,80.75,0,0,0,0,0
I55_06_03.png,I55,Color quantization,3,3.87,71.75,0,0,0,0,1
I55_06_04.png,I55,Color quantization,4,3.33,58.25,0,0,0,0,1
I55_06_05.png,I55,Color quantization,5,2.26,31.5,0,0,0,0,1
I55_07_01.png,I55,Color saturation 1,1,3.17,54.25,0,0,0,0,0
I55_07_02.png,I55,Color saturation 1,2,2.67,41.75,0,0,0,0,0
I55_07_03.png,I55,Color saturation 1,3,2.27,31.75,0,0,0,0,0
I55_07_04.png,I55,Color saturation 1,4,2.57,39.25,0,0,0,0,0
I55_07_05.png,I55,Color saturation 1,5,2.07,26.75,0,0,0,0,1
I55_08_01.png,I55,Color saturation 2,1,4.67,91.75,0,0,0,0,0
I55_08_02.png,I55,Color saturation 2,2,3.37,59.25,0,0,0,0,0
I55_08_03.png,I55,Color saturation 2,3,2.37,34.25,0,0,0,0,0
I55_08_04.png,I55,Color saturation 2,4,1.73,18.25,0,0,0,0,0
I55_08_05.png,I55,Color saturation 2,5,1.87,21.75,0,0,0,0,1
I55_05_01.png,I55,Color shift,1,4.5,87.5,0,0,0,0,0
I55_05_02.png,I55,Color shift,2,2.33,33.25,0,0,0,0,0
I55_05_03.png,I55,Color shift,3,1.6,15.0,0,0,0,0,0
I55_05_04.png,I55,Color shift,4,1.5,12.5,0,0,0,0,0
I55_05_05.png,I55,Color shift,5,1.6,15.0,0,0,0,0,1
I55_25_01.png,I55,Contrast change,1,2.8,45.0,0,0,0,0,0
I55_25_02.png,I55,Contrast change,2,3.67,66.75,0,0,0,0,0
I55_25_03.png,I55,Contrast change,3,4.0,75.0,0,0,0,0,0
I55_25_04.png,I55,Contrast change,4,4.3,82.5,0,0,0,0,0
I55_25_05.png,I55,Contrast change,5,3.47,61.75,0,0,0,0,1
I55_17_01.png,I55,Darken,1,4.53,88.25,0,0,0,0,0
I55_17_02.png,I55,Darken,2,4.43,85.75,0,0,0,0,0
I55_17_03.png,I55,Darken,3,4.13,78.25,0,1,0,0,0
I55_17_04.png,I55,Darken,4,3.5,62.5,0,1,0,0,0
I55_17_05.png,I55,Darken,5,1.6,15.0,0,1,0,0,1
I55_15_01.png,I55,Denoise,1,3.83,70.75,0,0,0,0,0
I55_15_02.png,I55,Denoise,2,2.6,40.0,0,0,0,0,0
I55_15_03.png,I55,Denoise,3,2.23,30.75,0,0,0,1,0
I55_15_04.png,I55,Denoise,4,1.87,21.75,0,0,0,1,0
I55_15_05.png,I55,Denoise,5,1.67,16.75,0,0,0,1,1
I55_01_01.png,I55,Gaussian blur,1,4.47,86.75,0,0,0,0,0
I55_01_02.png,I55,Gaussian blur,2,4.5,87.5,0,0,0,0,0
I55_01_03.png,I55,Gaussian blur,3,2.87,46.75,1,0,0,0,0
I55_01_04.png,I55,Gaussian blur,4,1.8,20.0,1,0,0,0,0
I55_01_05.png,I55,Gaussian blur,5,1.23,5.75,1,0,0,0,1
I55_24_01.png,I55,High sharpen,1,3.03,50.75,0,0,0,0,0
I55_24_02.png,I55,High sharpen,2,2.1,27.5,0,0,0,0,0
I55_24_03.png,I55,High sharpen,3,1.73,18.25,0,0,0,0,0
I55_24_04.png,I55,High sharpen,4,1.53,13.25,0,0,0,0,0
I55_24_05.png,I55,High sharpen,5,1.1,2.5,0,0,0,0,1
I55_13_01.png,I55,Impulse noise,1,3.6,65.0,0,0,0,0,0
I55_13_02.png,I55,Impulse noise,2,2.87,46.75,0,0,0,0,0
I55_13_03.png,I55,Impulse noise,3,2.77,44.25,0,0,0,1,0
I55_13_04.png,I55,Impulse noise,4,2.37,34.25,0,0,0,1,0
I55_13_05.png,I55,Impulse noise,5,2.17,29.25,0,0,0,1,1
I55_10_01.png,I55,JPEG,1,4.23,80.75,0,0,0,0,0
I55_10_02.png,I55,JPEG,2,4.37,84.25,0,0,0,0,0
I55_10_03.png,I55,JPEG,3,4.27,81.75,0,0,0,0,1
I55_10_04.png,I55,JPEG,4,1.87,21.75,0,0,0,0,1
I55_10_05.png,I55,JPEG,5,1.23,5.75,0,0,0,0,1
I55_09_01.png,I55,JPEG2000,1,4.43,85.75,0,0,0,0,0
I55_09_02.png,I55,JPEG2000,2,3.77,69.25,0,0,0,0,0
I55_09_03.png,I55,JPEG2000,3,3.6,65.0,0,0,0,0,1
I55_09_04.png,I55,JPEG2000,4,2.07,26.75,0,0,0,0,1
I55_09_05.png,I55,JPEG2000,5,1.23,5.75,0,0,0,0,1
I55_19_01.png,I55,Jitter,1,4.19,79.75,0,0,0,0,0
I55_19_02.png,I55,Jitter,2,3.8,70.0,0,0,0,0,0
I55_19_03.png,I55,Jitter,3,3.13,53.25,0,0,0,0,0
I55_19_04.png,I55,Jitter,4,1.68,17.0,0,0,0,0,0
I55_19_05.png,I55,Jitter,5,1.16,4.0,0,0,0,0,1
I55_02_01.png,I55,Lens blur,1,3.77,69.25,0,0,0,0,0
I55_02_02.png,I55,Lens blur,2,2.43,35.75,0,0,0,0,0
I55_02_03.png,I55,Lens blur,3,1.63,15.75,1,0,0,0,0
I55_02_04.png,I55,Lens blur,4,1.42,10.5,1,0,0,0,0
I55_02_05.png,I55,Lens blur,5,1.23,5.75,1,0,0,0,1
I55_18_01.png,I55,Mean shift,1,4.43,85.75,0,0,0,0,0
I55_18_02.png,I55,Mean shift,2,4.5,87.5,0,0,0,0,0
I55_18_03.png,I55,Mean shift,3,4.53,88.25,0,0,0,0,0
I55_18_04.png,I55,Mean shift,4,4.5,87.5,0,0,0,0,0
I55_18_05.png,I55,Mean shift,5,3.42,60.5,0,0,0,0,1
I55_03_01.png,I55,Motion blur,1,4.63,90.75,0,0,0,0,0
I55_03_02.png,I55,Motion blur,2,4.0,75.0,0,0,0,0,0
I55_03_03.png,I55,Motion blur,3,2.4,35.0,1,0,0,0,0
I55_03_04.png,I55,Motion blur,4,2.0,25.0,1,0,0,0,0
I55_03_05.png,I55,Motion blur,5,1.57,14.25,1,0,0,0,1
I55_14_01.png,I55,Multiplicative noise,1,4.47,86.75,0,0,0,0,0
I55_14_02.png,I55,Multiplicative noise,2,4.1,77.5,0,0,0,0,0
I55_14_03.png,I55,Multiplicative noise,3,4.3,82.5,0,0,0,1,0
I55_14_04.png,I55,Multiplicative noise,4,3.2,55.0,0,0,0,1,0
I55_14_05.png,I55,Multiplicative noise,5,2.73,43.25,0,0,0,1,1
I55_20_01.png,I55,Non-eccentricity patch,1,4.43,85.75,0,0,0,0,0
I55_20_02.png,I55,Non-eccentricity patch,2,4.23,80.75,0,0,0,0,0
I55_20_03.png,I55,Non-eccentricity patch,3,4.17,79.25,0,0,0,0,0
I55_20_04.png,I55,Non-eccentricity patch,4,4.13,78.25,0,0,0,0,0
I55_20_05.png,I55,Non-eccentricity patch,5,3.43,60.75,0,0,0,0,1
I55_21_01.png,I55,Pixelate,1,3.83,70.75,0,0,0,0,0
I55_21_02.png,I55,Pixelate,2,2.93,48.25,0,0,0,0,0
I55_21_03.png,I55,Pixelate,3,2.37,34.25,0,0,0,0,0
I55_21_04.png,I55,Pixelate,4,2.4,35.0,0,0,0,0,0
I55_21_05.png,I55,Pixelate,5,1.4,10.0,0,0,0,0,1
I55_22_01.png,I55,Quantization,1,4.6,90.0,0,0,0,0,0
I55_22_02.png,I55,Quantization,2,4.77,94.25,0,0,0,0,0
I55_22_03.png,I55,Quantization,3,4.33,83.25,0,0,0,0,0
I55_22_04.png,I55,Quantization,4,3.93,73.25,0,0,0,0,0
I55_22_05.png,I55,Quantization,5,3.47,61.75,0,0,0,0,1
I55_11_01.png,I55,White noise,1,4.6,90.0,0,0,0,0,0
I55_11_02.png,I55,White noise,2,4.2,80.0,0,0,0,0,0
I55_11_03.png,I55,White noise,3,3.87,71.75,0,0,0,1,0
I55_11_04.png,I55,White noise,4,3.0,50.0,0,0,0,1,0
I55_11_05.png,I55,White noise,5,2.83,45.75,0,0,0,1,1
I55_12_01.png,I55,White noise in color component,1,4.4,85.0,0,0,0,0,0
I55_12_02.png,I55,White noise in color component,2,4.53,88.25,0,0,0,0,0
I55_12_03.png,I55,White noise in color component,3,4.3,82.5,0,0,0,1,0
I55_12_04.png,I55,White noise in color component,4,3.17,54.25,0,0,0,1,0
I55_12_05.png,I55,White noise in color component,5,2.9,47.5,0,0,0,1,1
I55.png,I55,none,0,,100.0,0,0,0,0,0
I56_16_01.png,I56,Brighten,1,4.53,88.25,0,0,0,0,0
I56_16_02.png,I56,Brighten,2,4.35,83.75,0,0,0,0,0
I56_16_03.png,I56,Brighten,3,3.5,62.5,0,0,1,0,0
I56_16_04.png,I56,Brighten,4,3.23,55.75,0,0,1,0,0
I56_16_05.png,I56,Brighten,5,1.97,24.25,0,0,1,0,1
I56_23_01.png,I56,Color block,1,2.67,41.75,0,0,0,0,0
I56_23_02.png,I56,Color block,2,2.07,26.75,0,0,0,0,0
I56_23_03.png,I56,Color block,3,2.1,27.5,0,0,0,0,1
I56_23_04.png,I56,Color block,4,2.33,33.25,0,0,0,0,1
I56_23_05.png,I56,Color block,5,2.03,25.75,0,0,0,0,1
I56_04_01.png,I56,Color diffusion,1,4.63,90.75,0,0,0,0,0
I56_04_02.png,I56,Color diffusion,2,2.4,35.0,0,0,0,0,0
I56_04_03.png,I56,Color diffusion,3,1.83,20.75,0,0,0,0,0
I56_04_04.png,I56,Color diffusion,4,1.83,20.75,0,0,0,0,0
I56_04_05.png,I56,Color diffusion,5,1.43,10.75,0,0,0,0,1
I56_06_01.png,I56,Color quantization,1,4.0,75.0,0,0,0,0,0
I56_06_02.png,I56,Color quantization,2,3.6,65.0,0,0,0,0,0
I56_06_03.png,I56,Color quantization,3,3.17,54.25,0,0,0,0,1
I56_06_04.png,I56,Color quantization,4,2.57,39.25,0,0,0,0,1
I56_06_05.png,I56,Color quantization,5,2.0,25.0,0,0,0,0,1
I56_07_01.png,I56,Color saturation 1,1,2.2,30.0,0,0,0,0,0
I56_07_02.png,I56,Color saturation 1,2,1.8,20.0,0,0,0,0,0
I56_07_03.png,I56,Color saturation 1,3,2.43,35.75,0,0,0,0,0
I56_07_04.png,I56,Color saturation 1,4,2.5,37.5,0,0,0,0,0
I56_07_05.png,I56,Color saturation 1,5,2.37,34.25,0,0,0,0,1
I56_08_01.png,I56,Color saturation 2,1,4.73,93.25,0,0,0,0,0
I56_08_02.png,I56,Color saturation 2,2,2.8,45.0,0,0,0,0,0
I56_08_03.png,I56,Color saturation 2,3,2.33,33.25,0,0,0,0,0
I56_08_04.png,I56,Color saturation 2,4,1.6,15.0,0,0,0,0,0
I56_08_05.png,I56,Color saturation 2,5,1.87,21.75,0,0,0,0,1
I56_05_01.png,I56,Color shift,1,4.37,84.25,0,0,0,0,0
I56_05_02.png,I56,Color shift,2,2.87,46.75,0,0,0,0,0
I56_05_03.png,I56,Color shift,3,2.07,26.75,0,0,0,0,0
I56_05_04.png,I56,Color shift,4,1.87,21.75,0,0,0,0,0
I56_05_05.png,I56,Color shift,5,2.13,28.25,0,0,0,0,1
I56_25_01.png,I56,Contrast change,1,3.13,53.25,0,0,0,0,0
I56_25_02.png,I56,Contrast change,2,3.47,61.75,0,0,0,0,0
I56_25_03.png,I56,Contrast change,3,4.1,77.5,0,0,0,0,0
I56_25_04.png,I56,Contrast change,4,3.7,67.5,0,0,0,0,0
I56_25_05.png,I56,Contrast change,5,2.7,42.5,0,0,0,0,1
I56_17_01.png,I56,Darken,1,4.58,89.5,0,0,0,0,0
I56_17_02.png,I56,Darken,2,4.3,82.5,0,0,0,0,0
I56_17_03.png,I56,Darken,3,4.07,76.75,0,1,0,0,0
I56_17_04.png,I56,Darken,4,3.13,53.25,0,1,0,0,0
I56_17_05.png,I56,Darken,5,1.94,23.5,0,1,0,0,1
I56_15_01.png,I56,Denoise,1,3.77,69.25,0,0,0,0,0
I56_15_02.png,I56,Denoise,2,2.63,40.75,0,0,0,0,0
I56_15_03.png,I56,Denoise,3,1.97,24.25,0,0,0,1,0
I56_15_04.png,I56,Denoise,4,1.5,12.5,0,0,0,1,0
I56_15_05.png,I56,Denoise,5,1.43,10.75,0,0,0,1,1
I56_01_01.png,I56,Gaussian blur,1,4.6,90.0,0,0,0,0,0
I56_01_02.png,I56,Gaussian blur,2,4.63,90.75,0,0,0,0,0
I56_01_03.png,I56,Gaussian blur,3,2.87,46.75,1,0,0,0,0
I56_01_04.png,I56,Gaussian blur,4,1.87,21.75,1,0,0,0,0
I56_01_05.png,I56,Gaussian blur,5,1.2,5.0,1,0,0,0,1
I56_24_01.png,I56,High sharpen,1,3.23,55.75,0,0,0,0,0
I56_24_02.png,I56,High sharpen,2,2.27,31.75,0,0,0,0,0
I56_24_03.png,I56,High sharpen,3,1.87,21.75,0,0,0,0,0
I56_24_04.png,I56,High sharpen,4,1.43,10.75,0,0,0,0,0
I56_24_05.png,I56,High sharpen,5,1.27,6.75,0,0,0,0,1
I56_13_01.png,I56,Impulse noise,1,3.17,54.25,0,0,0,0,0
I56_13_02.png,I56,Impulse noise,2,2.33,33.25,0,0,0,0,0
I56_13_03.png,I56,Impulse noise,3,2.53,38.25,0,0,0,1,0
I56_13_04.png,I56,Impulse noise,4,2.03,25.75,0,0,0,1,0
I56_13_05.png,I56,Impulse noise,5,2.27,31.75,0,0,0,1,1
I56_10_01.png,I56,JPEG,1,4.55,88.75,0,0,0,0,0
I56_10_02.png,I56,JPEG,2,4.13,78.25,0,0,0,0,0
I56_10_03.png,I56,JPEG,3,3.83,70.75,0,0,0,0,1
I56_10_04.png,I56,JPEG,4,1.67,16.75,0,0,0,0,1
I56_10_05.png,I56,JPEG,5,1.2,5.0,0,0,0,0,1
I56_09_01.png,I56,JPEG2000,1,4.4,85.0,0,0,0,0,0
I56_09_02.png,I56,JPEG2000,2,4.67,91.75,0,0,0,0,0
I56_09_03.png,I56,JPEG2000,3,4.67,91.75,0,0,0,0,1
I56_09_04.png,I56,JPEG2000,4,3.07,51.75,0,0,0,0,1
I56_09_05.png,I56,JPEG2000,5,1.57,14.25,0,0,0,0,1
I56_19_01.png,I56,Jitter,1,4.53,88.25,0,0,0,0,0
I56_19_02.png,I56,Jitter,2,4.07,76.75,0,0,0,0,0
I56_19_03.png,I56,Jitter,3,3.67,66.75,0,0,0,0,0
I56_19_04.png,I56,Jitter,4,1.77,19.25,0,0,0,0,0
I56_19_05.png,I56,Jitter,5,1.53,13.25,0,0,0,0,1
I56_02_01.png,I56,Lens blur,1,3.5,62.5,0,0,0,0,0
I56_02_02.png,I56,Lens blur,2,2.5,37.5,0,0,0,0,0
I56_02_03.png,I56,Lens blur,3,1.9,22.5,1,0,0,0,0
I56_02_04.png,I56,Lens blur,4,1.53,13.25,1,0,0,0,0
I56_02_05.png,I56,Lens blur,5,1.23,5.75,1,0,0,0,1
I56_18_01.png,I56,Mean shift,1,4.37,84.25,0,0,0,0,0
I56_18_02.png,I56,Mean shift,2,4.47,86.75,0,0,0,0,0
I56_18_03.png,I56,Mean shift,3,4.2,80.0,0,0,0,0,0
I56_18_04.png,I56,Mean shift,4,4.3,82.5,0,0,0,0,0
I56_18_05.png,I56,Mean shift,5,3.57,64.25,0,0,0,0,1
I56_03_01.png,I56,Motion blur,1,4.63,90.75,0,0,0,0,0
I56_03_02.png,I56,Motion blur,2,4.27,81.75,0,0,0,0,0
I56_03_03.png,I56,Motion blur,3,2.43,35.75,1,0,0,0,0
I56_03_04.png,I56,Motion blur,4,1.97,24.25,1,0,0,0,0
I56_03_05.png,I56,Motion blur,5,1.6,15.0,1,0,0,0,1
I56_14_01.png,I56,Multiplicative noise,1,4.47,86.75,0,0,0,0,0
I56_14_02.png,I56,Multiplicative noise,2,3.5,62.5,0,0,0,0,0
I56_14_03.png,I56,Multiplicative noise,3,2.9,47.5,0,0,0,1,0
I56_14_04.png,I56,Multiplicative noise,4,2.47,36.75,0,0,0,1,0
I56_14_05.png,I56,Multiplicative noise,5,2.0,25.0,0,0,0,1,1
I56_20_01.png,I56,Non-eccentricity patch,1,4.37,84.25,0,0,0,0,0
I56_20_02.png,I56,Non-eccentricity patch,2,3.43,60.75,0,0,0,0,0
I56_20_03.png,I56,Non-eccentricity patch,3,3.93,73.25,0,0,0,0,0
I56_20_04.png,I56,Non-eccentricity patch,4,2.73,43.25,0,0,0,0,0
I56_20_05.png,I56,Non-eccentricity patch,5,2.6,40.0,0,0,0,0,1
I56_21_01.png,I56,Pixelate,1,4.03,75.75,0,0,0,0,0
I56_21_02.png,I56,Pixelate,2,3.43,60.75,0,0,0,0,0
I56_21_03.png,I56,Pixelate,3,2.5,37.5,0,0,0,0,0
I56_21_04.png,I56,Pixelate,4,3.07,51.75,0,0,0,0,0
I56_21_05.png,I56,Pixelate,5,1.53,13.25,0,0,0,0,1
I56_22_01.png,I56,Quantization,1,4.2,80.0,0,0,0,0,0
I56_22_02.png,I56,Quantization,2,3.97,74.25,0,0,0,0,0
I56_22_03.png,I56,Quantization,3,2.8,45.0,0,0,0,0,0
I56_22_04.png,I56,Quantization,4,2.63,40.75,0,0,0,0,0
I56_22_05.png,I56,Quantization,5,1.9,22.5,0,0,0,0,1
I56_11_01.png,I56,White noise,1,3.67,66.75,0,0,0,0,0
I56_11_02.png,I56,White noise,2,3.4,60.0,0,0,0,0,0
I56_11_03.png,I56,White noise,3,2.8,45.0,0,0,0,1,0
I56_11_04.png,I56,White noise,4,2.43,35.75,0,0,0,1,0
I56_11_05.png,I56,White noise,5,2.03,25.75,0,0,0,1,1
I56_12_01.png,I56,White noise in color component,1,4.63,90.75,0,0,0,0,0
I56_12_02.png,I56,White noise in color component,2,3.8,70.0,0,0,0,0,0
I56_12_03.png,I56,White noise in color component,3,2.9,47.5,0,0,0,1,0
I56_12_04.png,I56,White noise in color component,4,2.67,41.75,0,0,0,1,0
I56_12_05.png,I56,White noise in color component,5,2.13,28.25,0,0,0,1,1
I56.png,I56,none,0,,100.0,0,0,0,0,0
I57_16_01.png,I57,Brighten,1,4.32,83.0,0,0,0,0,0
I57_16_02.png,I57,Brighten,2,4.4,85.0,0,0,0,0,0
I57_16_03.png,I57,Brighten,3,3.0,50.0,0,0,1,0,0
I57_16_04.png,I57,Brighten,4,1.8,20.0,0,0,1,0,0
I57_16_05.png,I57,Brighten,5,1.33,8.25,0,0,1,0,1
I57_23_01.png,I57,Color block,1,2.5,37.5,0,0,0,0,0
I57_23_02.png,I57,Color block,2,2.37,34.25,0,0,0,0,0
I57_23_03.png,I57,Color block,3,2.03,25.75,0,0,0,0,1
I57_23_04.png,I57,Color block,4,2.0,25.0,0,0,0,0,1
I57_23_05.png,I57,Color block,5,1.8,20.0,0,0,0,0,1
I57_04_01.png,I57,Color diffusion,1,3.9,72.5,0,0,0,0,0
I57_04_02.png,I57,Color diffusion,2,2.57,39.25,0,0,0,0,0
I57_04_03.png,I57,Color diffusion,3,1.87,21.75,0,0,0,0,0
I57_04_04.png,I57,Color diffusion,4,1.7,17.5,0,0,0,0,0
I57_04_05.png,I57,Color diffusion,5,1.37,9.25,0,0,0,0,1
I57_06_01.png,I57,Color quantization,1,3.73,68.25,0,0,0,0,0
I57_06_02.png,I57,Color quantization,2,3.73,68.25,0,0,0,0,0
I57_06_03.png,I57,Color quantization,3,3.67,66.75,0,0,0,0,1
I57_06_04.png,I57,Color quantization,4,2.47,36.75,0,0,0,0,1
I57_06_05.png,I57,Color quantization,5,1.47,11.75,0,0,0,0,1
I57_07_01.png,I57,Color saturation 1,1,2.5,37.5,0,0,0,0,0
I57_07_02.png,I57,Color saturation 1,2,2.1,27.5,0,0,0,0,0
I57_07_03.png,I57,Color saturation 1,3,2.2,30.0,0,0,0,0,0
I57_07_04.png,I57,Color saturation 1,4,2.47,36.75,0,0,0,0,0
I57_07_05.png,I57,Color saturation 1,5,2.03,25.75,0,0,0,0,1
I57_08_01.png,I57,Color saturation 2,1,4.43,85.75,0,0,0,0,0
I57_08_02.png,I57,Color saturation 2,2,3.17,54.25,0,0,0,0,0
I57_08_03.png,I57,Color saturation 2,3,2.0,25.0,0,0,0,0,0
I57_08_04.png,I57,Color saturation 2,4,1.4,10.0,0,0,0,0,0
I57_08_05.png,I57,Color saturation 2,5,1.17,4.25,0,0,0,0,1
I57_05_01.png,I57,Color shift,1,3.1,52.5,0,0,0,0,0
I57_05_02.png,I57,Color shift,2,1.77,19.25,0,0,0,0,0
I57_05_03.png,I57,Color shift,3,1.63,15.75,0,0,0,0,0
I57_05_04.png,I57,Color shift,4,1.43,10.75,0,0,0,0,0
I57_05_05.png,I57,Color shift,5,1.23,5.75,0,0,0,0,1
I57_25_01.png,I57,Contrast change,1,2.97,49.25,0,0,0,0,0
I57_25_02.png,I57,Contrast change,2,3.57,64.25,0,0,0,0,0
I57_25_03.png,I57,Contrast change,3,3.57,64.25,0,0,0,0,0
I57_25_04.png,I57,Contrast change,4,3.83,70.75,0,0,0,0,0
I57_25_05.png,I57,Contrast change,5,3.07,51.75,0,0,0,0,1
I57_17_01.png,I57,Darken,1,4.27,81.75,0,0,0,0,0
I57_17_02.png,I57,Darken,2,4.47,86.75,0,0,0,0,0
I57_17_03.png,I57,Darken,3,4.0,75.0,0,1,0,0,0
I57_17_04.png,I57,Darken,4,3.47,61.75,0,1,0,0,0
I57_17_05.png,I57,Darken,5,2.2,30.0,0,1,0,0,1
I57_15_01.png,I57,Denoise,1,3.8,70.0,0,0,0,0,0
I57_15_02.png,I57,Denoise,2,3.23,55.75,0,0,0,0,0
I57_15_03.png,I57,Denoise,3,2.3,32.5,0,0,0,1,0
I57_15_04.png,I57,Denoise,4,1.67,16.75,0,0,0,1,0
I57_15_05.png,I57,Denoise,5,1.4,10.0,0,0,0,1,1
I57_01_01.png,I57,Gaussian blur,1,4.43,85.75,0,0,0,0,0
I57_01_02.png,I57,Gaussian blur,2,3.93,73.25,0,0,0,0,0
I57_01_03.png,I57,Gaussian blur,3,2.23,30.75,1,0,0,0,0
I57_01_04.png,I57,Gaussian blur,4,1.7,17.5,1,0,0,0,0
I57_01_05.png,I57,Gaussian blur,5,1.07,1.75,1,0,0,0,1
I57_24_01.png,I57,High sharpen,1,2.67,41.75,0,0,0,0,0
I57_24_02.png,I57,High sharpen,2,1.7,17.5,0,0,0,0,0
I57_24_03.png,I57,High sharpen,3,1.43,10.75,0,0,0,0,0
I57_24_04.png,I57,High sharpen,4,1.27,6.75,0,0,0,0,0
I57_24_05.png,I57,High sharpen,5,1.1,2.5,0,0,0,0,1
I57_13_01.png,I57,Impulse noise,1,4.0,75.0,0,0,0,0,0
I57_13_02.png,I57,Impulse noise,2,3.53,63.25,0,0,0,0,0
I57_13_03.png,I57,Impulse noise,3,3.1,52.5,0,0,0,1,0
I57_13_04.png,I57,Impulse noise,4,2.37,34.25,0,0,0,1,0
I57_13_05.png,I57,Impulse noise,5,2.3,32.5,0,0,0,1,1
I57_10_01.png,I57,JPEG,1,4.23,80.75,0,0,0,0,0
I57_10_02.png,I57,JPEG,2,4.23,80.75,0,0,0,0,0
I57_10_03.png,I57,JPEG,3,3.83,70.75,0,0,0,0,1
I57_10_04.png,I57,JPEG,4,2.23,30.75,0,0,0,0,1
I57_10_05.png,I57,JPEG,5,1.37,9.25,0,0,0,0,1
I57_09_01.png,I57,JPEG2000,1,4.58,89.5,0,0,0,0,0
I57_09_02.png,I57,JPEG2000,2,3.6,65.0,0,0,0,0,0
I57_09_03.png,I57,JPEG2000,3,3.3,57.5,0,0,0,0,1
I57_09_04.png,I57,JPEG2000,4,2.23,30.75,0,0,0,0,1
I57_09_05.png,I57,JPEG2000,5,1.23,5.75,0,0,0,0,1
I57_19_01.png,I57,Jitter,1,4.23,80.75,0,0,0,0,0
I57_19_02.png,I57,Jitter,2,3.8,70.0,0,0,0,0,0
I57_19_03.png,I57,Jitter,3,2.47,36.75,0,0,0,0,0
I57_19_04.png,I57,Jitter,4,1.63,15.75,0,0,0,0,0
I57_19_05.png,I57,Jitter,5,1.37,9.25,0,0,0,0,1
I57_02_01.png,I57,Lens blur,1,3.1,52.5,0,0,0,0,0
I57_02_02.png,I57,Lens blur,2,2.13,28.25,0,0,0,0,0
I57_02_03.png,I57,Lens blur,3,1.27,6.75,1,0,0,0,0
I57_02_04.png,I57,Lens blur,4,1.2,5.0,1,0,0,0,0
I57_02_05.png,I57,Lens blur,5,1.26,6.5,1,0,0,0,1
I57_18_01.png,I57,Mean shift,1,3.77,69.25,0,0,0,0,0
I57_18_02.png,I57,Mean shift,2,4.3,82.5,0,0,0,0,0
I57_18_03.png,I57,Mean shift,3,4.43,85.75,0,0,0,0,0
I57_18_04.png,I57,Mean shift,4,4.3,82.5,0,0,0,0,0
I57_18_05.png,I57,Mean shift,5,3.9,72.5,0,0,0,0,1
I57_03_01.png,I57,Motion blur,1,4.6,90.0,0,0,0,0,0
I57_03_02.png,I57,Motion blur,2,3.8,70.0,0,0,0,0,0
I57_03_03.png,I57,Motion blur,3,2.37,34.25,1,0,0,0,0
I57_03_04.png,I57,Motion blur,4,1.87,21.75,1,0,0,0,0
I57_03_05.png,I57,Motion blur,5,1.4,10.0,1,0,0,0,1
I57_14_01.png,I57,Multiplicative noise,1,4.43,85.75,0,0,0,0,0
I57_14_02.png,I57,Multiplicative noise,2,4.13,78.25,0,0,0,0,0
I57_14_03.png,I57,Multiplicative noise,3,3.23,55.75,0,0,0,1,0
I57_14_04.png,I57,Multiplicative noise,4,2.73,43.25,0,0,0,1,0
I57_14_05.png,I57,Multiplicative noise,5,1.9,22.5,0,0,0,1,1
I57_20_01.png,I57,Non-eccentricity patch,1,4.33,83.25,0,0,0,0,0
I57_20_02.png,I57,Non-eccentricity patch,2,4.13,78.25,0,0,0,0,0
I57_20_03.png,I57,Non-eccentricity patch,3,3.9,72.5,0,0,0,0,0
I57_20_04.png,I57,Non-eccentricity patch,4,3.97,74.25,0,0,0,0,0
I57_20_05.png,I57,Non-eccentricity patch,5,4.0,75.0,0,0,0,0,1
I57_21_01.png,I57,Pixelate,1,3.5,62.5,0,0,0,0,0
I57_21_02.png,I57,Pixelate,2,2.67,41.75,0,0,0,0,0
I57_21_03.png,I57,Pixelate,3,2.5,37.5,0,0,0,0,0
I57_21_04.png,I57,Pixelate,4,2.57,39.25,0,0,0,0,0
I57_21_05.png,I57,Pixelate,5,1.4,10.0,0,0,0,0,1
I57_22_01.png,I57,Quantization,1,4.47,86.75,0,0,0,0,0
I57_22_02.png,I57,Quantization,2,4.43,85.75,0,0,0,0,0
I57_22_03.png,I57,Quantization,3,4.17,79.25,0,0,0,0,0
I57_22_04.png,I57,Quantization,4,4.13,78.25,0,0,0,0,0
I57_22_05.png,I57,Quantization,5,3.97,74.25,0,0,0,0,1
I57_11_01.png,I57,White noise,1,4.1,77.5,0,0,0,0,0
I57_11_02.png,I57,White noise,2,4.17,79.25,0,0,0,0,0
I57_11_03.png,I57,White noise,3,3.43,60.75,0,0,0,1,0
I57_11_04.png,I57,White noise,4,2.93,48.25,0,0,0,1,0
I57_11_05.png,I57,White noise,5,2.23,30.75,0,0,0,1,1
I57_12_01.png,I57,White noise in color component,1,4.5,87.5,0,0,0,0,0
I57_12_02.png,I57,White noise in color component,2,4.27,81.75,0,0,0,0,0
I57_12_03.png,I57,White noise in color component,3,3.73,68.25,0,0,0,1,0
I57_12_04.png,I57,White noise in color component,4,2.8,45.0,0,0,0,1,0
I57_12_05.png,I57,White noise in color component,5,2.47,36.75,0,0,0,1,1
I57.png,I57,none,0,,100.0,0,0,0,0,0
I58_16_01.png,I58,Brighten,1,4.83,95.75,0,0,0,0,0
I58_16_02.png,I58,Brighten,2,4.57,89.25,0,0,0,0,0
I58_16_03.png,I58,Brighten,3,4.17,79.25,0,0,1,0,0
I58_16_04.png,I58,Brighten,4,3.5,62.5,0,0,1,0,0
I58_16_05.png,I58,Brighten,5,2.33,33.25,0,0,1,0,1
I58_23_01.png,I58,Color block,1,2.9,47.5,0,0,0,0,0
I58_23_02.png,I58,Color block,2,2.4,35.0,0,0,0,0,0
I58_23_03.png,I58,Color block,3,2.33,33.25,0,0,0,0,1
I58_23_04.png,I58,Color block,4,2.33,33.25,0,0,0,0,1
I58_23_05.png,I58,Color block,5,1.97,24.25,0,0,0,0,1
I58_04_01.png,I58,Color diffusion,1,4.17,79.25,0,0,0,0,0
I58_04_02.png,I58,Color diffusion,2,2.5,37.5,0,0,0,0,0
I58_04_03.png,I58,Color diffusion,3,1.43,10.75,0,0,0,0,0
I58_04_04.png,I58,Color diffusion,4,1.07,1.75,0,0,0,0,0
I58_04_05.png,I58,Color diffusion,5,1.0,0.0,0,0,0,0,1
I58_06_01.png,I58,Color quantization,1,4.35,83.75,0,0,0,0,0
I58_06_02.png,I58,Color quantization,2,4.2,80.0,0,0,0,0,0
I58_06_03.png,I58,Color quantization,3,3.3,57.5,0,0,0,0,1
I58_06_04.png,I58,Color quantization,4,2.6,40.0,0,0,0,0,1
I58_06_05.png,I58,Color quantization,5,2.3,32.5,0,0,0,0,1
I58_07_01.png,I58,Color saturation 1,1,2.4,35.0,0,0,0,0,0
I58_07_02.png,I58,Color saturation 1,2,2.13,28.25,0,0,0,0,0
I58_07_03.png,I58,Color saturation 1,3,2.2,30.0,0,0,0,0,0
I58_07_04.png,I58,Color saturation 1,4,2.2,30.0,0,0,0,0,0
I58_07_05.png,I58,Color saturation 1,5,2.27,31.75,0,0,0,0,1
I58_08_01.png,I58,Color saturation 2,1,4.73,93.25,0,0,0,0,0
I58_08_02.png,I58,Color saturation 2,2,4.03,75.75,0,0,0,0,0
I58_08_03.png,I58,Color saturation 2,3,3.35,58.75,0,0,0,0,0
I58_08_04.png,I58,Color saturation 2,4,1.67,16.75,0,0,0,0,0
I58_08_05.png,I58,Color saturation 2,5,1.3,7.5,0,0,0,0,1
I58_05_01.png,I58,Color shift,1,4.63,90.75,0,0,0,0,0
I58_05_02.png,I58,Color shift,2,3.97,74.25,0,0,0,0,0
I58_05_03.png,I58,Color shift,3,2.43,35.75,0,0,0,0,0
I58_05_04.png,I58,Color shift,4,2.47,36.75,0,0,0,0,0
I58_05_05.png,I58,Color shift,5,3.4,60.0,0,0,0,0,1
I58_25_01.png,I58,Contrast change,1,3.5,62.5,0,0,0,0,0
I58_25_02.png,I58,Contrast change,2,4.07,76.75,0,0,0,0,0
I58_25_03.png,I58,Contrast change,3,4.45,86.25,0,0,0,0,0
I58_25_04.png,I58,Contrast change,4,4.1,77.5,0,0,0,0,0
I58_25_05.png,I58,Contrast change,5,3.53,63.25,0,0,0,0,1
I58_17_01.png,I58,Darken,1,4.77,94.25,0,0,0,0,0
I58_17_02.png,I58,Darken,2,4.57,89.25,0,0,0,0,0
I58_17_03.png,I58,Darken,3,4.03,75.75,0,1,0,0,0
I58_17_04.png,I58,Darken,4,3.5,62.5,0,1,0,0,0
I58_17_05.png,I58,Darken,5,2.17,29.25,0,1,0,0,1
I58_15_01.png,I58,Denoise,1,3.77,69.25,0,0,0,0,0
I58_15_02.png,I58,Denoise,2,2.77,44.25,0,0,0,0,0
I58_15_03.png,I58,Denoise,3,2.4,35.0,0,0,0,1,0
I58_15_04.png,I58,Denoise,4,1.77,19.25,0,0,0,1,0
I58_15_05.png,I58,Denoise,5,1.47,11.75,0,0,0,1,1
I58_01_01.png,I58,Gaussian blur,1,4.73,93.25,0,0,0,0,0
I58_01_02.png,I58,Gaussian blur,2,4.43,85.75,0,0,0,0,0
I58_01_03.png,I58,Gaussian blur,3,3.9,72.5,1,0,0,0,0
I58_01_04.png,I58,Gaussian blur,4,2.6,40.0,1,0,0,0,0
I58_01_05.png,I58,Gaussian blur,5,1.53,13.25,1,0,0,0,1
I58_24_01.png,I58,High sharpen,1,4.3,82.5,0,0,0,0,0
I58_24_02.png,I58,High sharpen,2,3.57,64.25,0,0,0,0,0
I58_24_03.png,I58,High sharpen,3,3.13,53.25,0,0,0,0,0
I58_24_04.png,I58,High sharpen,4,2.17,29.25,0,0,0,0,0
I58_24_05.png,I58,High sharpen,5,1.7,17.5,0,0,0,0,1
I58_13_01.png,I58,Impulse noise,1,3.1,52.5,0,0,0,0,0
I58_13_02.png,I58,Impulse noise,2,2.33,33.25,0,0,0,0,0
I58_13_03.png,I58,Impulse noise,3,2.6,40.0,0,0,0,1,0
I58_13_04.png,I58,Impulse noise,4,2.13,28.25,0,0,0,1,0
I58_13_05.png,I58,Impulse noise,5,1.83,20.75,0,0,0,1,1
I58_10_01.png,I58,JPEG,1,4.03,75.75,0,0,0,0,0
I58_10_02.png,I58,JPEG,2,4.17,79.25,0,0,0,0,0
I58_10_03.png,I58,JPEG,3,3.3,57.5,0,0,0,0,1
I58_10_04.png,I58,JPEG,4,1.8,20.0,0,0,0,0,1
I58_10_05.png,I58,JPEG,5,1.53,13.25,0,0,0,0,1
I58_09_01.png,I58,JPEG2000,1,4.63,90.75,0,0,0,0,0
I58_09_02.png,I58,JPEG2000,2,4.5,87.5,0,0,0,0,0
I58_09_03.png,I58,JPEG2000,3,4.63,90.75,0,0,0,0,1
I58_09_04.png,I58,JPEG2000,4,3.52,63.0,0,0,0,0,1
I58_09_05.png,I58,JPEG2000,5,1.8,20.0,0,0,0,0,1
I58_19_01.png,I58,Jitter,1,4.43,85.75,0,0,0,0,0
I58_19_02.png,I58,Jitter,2,4.3,82.5,0,0,0,0,0
I58_19_03.png,I58,Jitter,3,3.4,60.0,0,0,0,0,0
I58_19_04.png,I58,Jitter,4,1.97,24.25,0,0,0,0,0
I58_19_05.png,I58,Jitter,5,1.67,16.75,0,0,0,0,1
I58_02_01.png,I58,Lens blur,1,4.27,81.75,0,0,0,0,0
I58_02_02.png,I58,Lens blur,2,3.6,65.0,0,0,0,0,0
I58_02_03.png,I58,Lens blur,3,2.47,36.75,1,0,0,0,0
I58_02_04.png,I58,Lens blur,4,1.97,24.25,1,0,0,0,0
I58_02_05.png,I58,Lens blur,5,1.6,15.0,1,0,0,0,1
I58_18_01.png,I58,Mean shift,1,4.37,84.25,0,0,0,0,0
I58_18_02.png,I58,Mean shift,2,4.77,94.25,0,0,0,0,0
I58_18_03.png,I58,Mean shift,3,4.83,95.75,0,0,0,0,0
I58_18_04.png,I58,Mean shift,4,4.27,81.75,0,0,0,0,0
I58_18_05.png,I58,Mean shift,5,3.73,68.25,0,0,0,0,1
I58_03_01.png,I58,Motion blur,1,4.57,89.25,0,0,0,0,0
I58_03_02.png,I58,Motion blur,2,4.47,86.75,0,0,0,0,0
I58_03_03.png,I58,Motion blur,3,3.4,60.0,1,0,0,0,0
I58_03_04.png,I58,Motion blur,4,2.93,48.25,1,0,0,0,0
I58_03_05.png,I58,Motion blur,5,2.27,31.75,1,0,0,0,1
I58_14_01.png,I58,Multiplicative noise,1,4.37,84.25,0,0,0,0,0
I58_14_02.png,I58,Multiplicative noise,2,3.53,63.25,0,0,0,0,0
I58_14_03.png,I58,Multiplicative noise,3,3.37,59.25,0,0,0,1,0
I58_14_04.png,I58,Multiplicative noise,4,2.8,45.0,0,0,0,1,0
I58_14_05.png,I58,Multiplicative noise,5,2.27,31.75,0,0,0,1,1
I58_20_01.png,I58,Non-eccentricity patch,1,4.07,76.75,0,0,0,0,0
I58_20_02.png,I58,Non-eccentricity patch,2,4.5,87.5,0,0,0,0,0
I58_20_03.png,I58,Non-eccentricity patch,3,3.07,51.75,0,0,0,0,0
I58_20_04.png,I58,Non-eccentricity patch,4,3.23,55.75,0,0,0,0,0
I58_20_05.png,I58,Non-eccentricity patch,5,3.03,50.75,0,0,0,0,1
I58_21_01.png,I58,Pixelate,1,4.23,80.75,0,0,0,0,0
I58_21_02.png,I58,Pixelate,2,3.5,62.5,0,0,0,0,0
I58_21_03.png,I58,Pixelate,3,3.33,58.25,0,0,0,0,0
I58_21_04.png,I58,Pixelate,4,3.29,57.25,0,0,0,0,0
I58_21_05.png,I58,Pixelate,5,1.97,24.25,0,0,0,0,1
I58_22_01.png,I58,Quantization,1,2.9,47.5,0,0,0,0,0
I58_22_02.png,I58,Quantization,2,2.1,27.5,0,0,0,0,0
I58_22_03.png,I58,Quantization,3,2.3,32.5,0,0,0,0,0
I58_22_04.png,I58,Quantization,4,2.03,25.75,0,0,0,0,0
I58_22_05.png,I58,Quantization,5,2.0,25.0,0,0,0,0,1
I58_11_01.png,I58,White noise,1,3.77,69.25,0,0,0,0,0
I58_11_02.png,I58,White noise,2,3.2,55.0,0,0,0,0,0
I58_11_03.png,I58,White noise,3,2.9,47.5,0,0,0,1,0
I58_11_04.png,I58,White noise,4,2.9,47.5,0,0,0,1,0
I58_11_05.png,I58,White noise,5,2.3,32.5,0,0,0,1,1
I58_12_01.png,I58,White noise in color component,1,4.37,84.25,0,0,0,0,0
I58_12_02.png,I58,White noise in color component,2,3.43,60.75,0,0,0,0,0
I58_12_03.png,I58,White noise in color component,3,2.93,48.25,0,0,0,1,0
I58_12_04.png,I58,White noise in color component,4,2.5,37.5,0,0,0,1,0
I58_12_05.png,I58,White noise in color component,5,2.17,29.25,0,0,0,1,1
I58.png,I58,none,0,,100.0,0,0,0,0,0
I59_16_01.png,I59,Brighten,1,4.73,93.25,0,0,0,0,0
I59_16_02.png,I59,Brighten,2,4.47,86.75,0,0,0,0,0
I59_16_03.png,I59,Brighten,3,3.83,70.75,0,0,1,0,0
I59_16_04.png,I59,Brighten,4,2.9,47.5,0,0,1,0,0
I59_16_05.png,I59,Brighten,5,1.53,13.25,0,0,1,0,1
I59_23_01.png,I59,Color block,1,2.87,46.75,0,0,0,0,0
I59_23_02.png,I59,Color block,2,2.47,36.75,0,0,0,0,0
I59_23_03.png,I59,Color block,3,2.5,37.5,0,0,0,0,1
I59_23_04.png,I59,Color block,4,2.4,35.0,0,0,0,0,1
I59_23_05.png,I59,Color block,5,2.3,32.5,0,0,0,0,1
I59_04_01.png,I59,Color diffusion,1,4.6,90.0,0,0,0,0,0
I59_04_02.png,I59,Color diffusion,2,3.17,54.25,0,0,0,0,0
I59_04_03.png,I59,Color diffusion,3,2.33,33.25,0,0,0,0,0
I59_04_04.png,I59,Color diffusion,4,2.43,35.75,0,0,0,0,0
I59_04_05.png,I59,Color diffusion,5,2.07,26.75,0,0,0,0,1
I59_06_01.png,I59,Color quantization,1,4.27,81.75,0,0,0,0,0
I59_06_02.png,I59,Color quantization,2,3.97,74.25,0,0,0,0,0
I59_06_03.png,I59,Color quantization,3,3.87,71.75,0,0,0,0,1
I59_06_04.png,I59,Color quantization,4,3.37,59.25,0,0,0,0,1
I59_06_05.png,I59,Color quantization,5,2.83,45.75,0,0,0,0,1
I59_07_01.png,I59,Color saturation 1,1,3.13,53.25,0,0,0,0,0
I59_07_02.png,I59,Color saturation 1,2,2.4,35.0,0,0,0,0,0
I59_07_03.png,I59,Color saturation 1,3,2.8,45.0,0,0,0,0,0
I59_07_04.png,I59,Color saturation 1,4,2.52,38.0,0,0,0,0,0
I59_07_05.png,I59,Color saturation 1,5,2.19,29.75,0,0,0,0,1
I59_08_01.png,I59,Color saturation 2,1,4.7,92.5,0,0,0,0,0
I59_08_02.png,I59,Color saturation 2,2,3.27,56.75,0,0,0,0,0
I59_08_03.png,I59,Color saturation 2,3,2.87,46.75,0,0,0,0,0
I59_08_04.png,I59,Color saturation 2,4,2.4,35.0,0,0,0,0,0
I59_08_05.png,I59,Color saturation 2,5,1.87,21.75,0,0,0,0,1
I59_05_01.png,I59,Color shift,1,4.67,91.75,0,0,0,0,0
I59_05_02.png,I59,Color shift,2,2.6,40.0,0,0,0,0,0
I59_05_03.png,I59,Color shift,3,1.9,22.5,0,0,0,0,0
I59_05_04.png,I59,Color shift,4,1.27,6.75,0,0,0,0,0
I59_05_05.png,I59,Color shift,5,1.4,10.0,0,0,0,0,1
I59_25_01.png,I59,Contrast change,1,4.0,75.0,0,0,0,0,0
I59_25_02.png,I59,Contrast change,2,3.87,71.75,0,0,0,0,0
I59_25_03.png,I59,Contrast change,3,4.39,84.75,0,0,0,0,0
I59_25_04.png,I59,Contrast change,4,4.1,77.5,0,0,0,0,0
I59_25_05.png,I59,Contrast change,5,2.93,48.25,0,0,0,0,1
I59_17_01.png,I59,Darken,1,4.83,95.75,0,0,0,0,0
I59_17_02.png,I59,Darken,2,4.39,84.75,0,0,0,0,0
I59_17_03.png,I59,Darken,3,4.3,82.5,0,1,0,0,0
I59_17_04.png,I59,Darken,4,3.7,67.5,0,1,0,0,0
I59_17_05.png,I59,Darken,5,2.37,34.25,0,1,0,0,1
I59_15_01.png,I59,Denoise,1,4.13,78.25,0,0,0,0,0
I59_15_02.png,I59,Denoise,2,3.03,50.75,0,0,0,0,0
I59_15_03.png,I59,Denoise,3,2.53,38.25,0,0,0,1,0
I59_15_04.png,I59,Denoise,4,1.8,20.0,0,0,0,1,0
I59_15_05.png,I59,Denoise,5,1.5,12.5,0,0,0,1,1
I59_01_01.png,I59,Gaussian blur,1,4.8,95.0,0,0,0,0,0
I59_01_02.png,I59,Gaussian blur,2,4.3,82.5,0,0,0,0,0
I59_01_03.png,I59,Gaussian blur,3,3.2,55.0,1,0,0,0,0
I59_01_04.png,I59,Gaussian blur,4,1.8,20.0,1,0,0,0,0
I59_01_05.png,I59,Gaussian blur,5,1.37,9.25,1,0,0,0,1
I59_24_01.png,I59,High sharpen,1,3.93,73.25,0,0,0,0,0
I59_24_02.png,I59,High sharpen,2,2.93,48.25,0,0,0,0,0
I59_24_03.png,I59,High sharpen,3,2.4,35.0,0,0,0,0,0
I59_24_04.png,I59,High sharpen,4,1.8,20.0,0,0,0,0,0
I59_24_05.png,I59,High sharpen,5,1.4,10.0,0,0,0,0,1
I59_13_01.png,I59,Impulse noise,1,4.27,81.75,0,0,0,0,0
I59_13_02.png,I59,Impulse noise,2,3.2,55.0,0,0,0,0,0
I59_13_03.png,I59,Impulse noise,3,2.77,44.25,0,0,0,1,0
I59_13_04.png,I59,Impulse noise,4,2.33,33.25,0,0,0,1,0
I59_13_05.png,I59,Impulse noise,5,2.3,32.5,0,0,0,1,1
I59_10_01.png,I59,JPEG,1,4.77,94.25,0,0,0,0,0
I59_10_02.png,I59,JPEG,2,4.77,94.25,0,0,0,0,0
I59_10_03.png,I59,JPEG,3,4.5,87.5,0,0,0,0,1
I59_10_04.png,I59,JPEG,4,2.5,37.5,0,0,0,0,1
I59_10_05.png,I59,JPEG,5,1.47,11.75,0,0,0,0,1
I59_09_01.png,I59,JPEG2000,1,4.63,90.75,0,0,0,0,0
I59_09_02.png,I59,JPEG2000,2,4.6,90.0,0,0,0,0,0
I59_09_03.png,I59,JPEG2000,3,4.4,85.0,0,0,0,0,1
I59_09_04.png,I59,JPEG2000,4,3.1,52.5,0,0,0,0,1
I59_09_05.png,I59,JPEG2000,5,1.3,7.5,0,0,0,0,1
I59_19_01.png,I59,Jitter,1,4.53,88.25,0,0,0,0,0
I59_19_02.png,I59,Jitter,2,4.27,81.75,0,0,0,0,0
I59_19_03.png,I59,Jitter,3,3.7,67.5,0,0,0,0,0
I59_19_04.png,I59,Jitter,4,2.0,25.0,0,0,0,0,0
I59_19_05.png,I59,Jitter,5,1.13,3.25,0,0,0,0,1
I59_02_01.png,I59,Lens blur,1,4.37,84.25,0,0,0,0,0
I59_02_02.png,I59,Lens blur,2,3.03,50.75,0,0,0,0,0
I59_02_03.png,I59,Lens blur,3,1.73,18.25,1,0,0,0,0
I59_02_04.png,I59,Lens blur,4,1.47,11.75,1,0,0,0,0
I59_02_05.png,I59,Lens blur,5,1.2,5.0,1,0,0,0,1
I59_18_01.png,I59,Mean shift,1,4.43,85.75,0,0,0,0,0
I59_18_02.png,I59,Mean shift,2,4.7,92.5,0,0,0,0,0
I59_18_03.png,I59,Mean shift,3,4.67,91.75,0,0,0,0,0
I59_18_04.png,I59,Mean shift,4,4.43,85.75,0,0,0,0,0
I59_18_05.png,I59,Mean shift,5,3.93,73.25,0,0,0,0,1
I59_03_01.png,I59,Motion blur,1,4.83,95.75,0,0,0,0,0
I59_03_02.png,I59,Motion blur,2,4.27,81.75,0,0,0,0,0
I59_03_03.png,I59,Motion blur,3,3.43,60.75,1,0,0,0,0
I59_03_04.png,I59,Motion blur,4,2.3,32.5,1,0,0,0,0
I59_03_05.png,I59,Motion blur,5,1.47,11.75,1,0,0,0,1
I59_14_01.png,I59,Multiplicative noise,1,4.87,96.75,0,0,0,0,0
I59_14_02.png,I59,Multiplicative noise,2,4.13,78.25,0,0,0,0,0
I59_14_03.png,I59,Multiplicative noise,3,3.03,50.75,0,0,0,1,0
I59_14_04.png,I59,Multiplicative noise,4,2.77,44.25,0,0,0,1,0
I59_14_05.png,I59,Multiplicative noise,5,2.23,30.75,0,0,0,1,1
I59_20_01.png,I59,Non-eccentricity patch,1,4.47,86.75,0,0,0,0,0
I59_20_02.png,I59,Non-eccentricity patch,2,4.57,89.25,0,0,0,0,0
I59_20_03.png,I59,Non-eccentricity patch,3,4.07,76.75,0,0,0,0,0
I59_20_04.png,I59,Non-eccentricity patch,4,4.23,80.75,0,0,0,0,0
I59_20_05.png,I59,Non-eccentricity patch,5,3.6,65.0,0,0,0,0,1
I59_21_01.png,I59,Pixelate,1,4.5,87.5,0,0,0,0,0
I59_21_02.png,I59,Pixelate,2,3.67,66.75,0,0,0,0,0
I59_21_03.png,I59,Pixelate,3,3.8,70.0,0,0,0,0,0
I59_21_04.png,I59,Pixelate,4,3.1,52.5,0,0,0,0,0
I59_21_05.png,I59,Pixelate,5,1.53,13.25,0,0,0,0,1
I59_22_01.png,I59,Quantization,1,4.4,85.0,0,0,0,0,0
I59_22_02.png,I59,Quantization,2,4.48,87.0,0,0,0,0,0
I59_22_03.png,I59,Quantization,3,3.7,67.5,0,0,0,0,0
I59_22_04.png,I59,Quantization,4,3.73,68.25,0,0,0,0,0
I59_22_05.png,I59,Quantization,5,3.4,60.0,0,0,0,0,1
I59_11_01.png,I59,White noise,1,4.29,82.25,0,0,0,0,0
I59_11_02.png,I59,White noise,2,3.77,69.25,0,0,0,0,0
I59_11_03.png,I59,White noise,3,3.43,60.75,0,0,0,1,0
I59_11_04.png,I59,White noise,4,3.0,50.0,0,0,0,1,0
I59_11_05.png,I59,White noise,5,2.3,32.5,0,0,0,1,1
I59_12_01.png,I59,White noise in color component,1,4.5,87.5,0,0,0,0,0
I59_12_02.png,I59,White noise in color component,2,4.03,75.75,0,0,0,0,0
I59_12_03.png,I59,White noise in color component,3,3.6,65.0,0,0,0,1,0
I59_12_04.png,I59,White noise in color component,4,2.97,49.25,0,0,0,1,0
I59_12_05.png,I59,White noise in color component,5,2.6,40.0,0,0,0,1,1
I59.png,I59,none,0,,100.0,0,0,0,0,0
I60_16_01.png,I60,Brighten,1,4.57,89.25,0,0,0,0,0
I60_16_02.png,I60,Brighten,2,4.53,88.25,0,0,0,0,0
I60_16_03.png,I60,Brighten,3,3.43,60.75,0,0,1,0,0
I60_16_04.png,I60,Brighten,4,3.1,52.5,0,0,1,0,0
I60_16_05.png,I60,Brighten,5,1.93,23.25,0,0,1,0,1
I60_23_01.png,I60,Color block,1,3.03,50.75,0,0,0,0,0
I60_23_02.png,I60,Color block,2,2.81,45.25,0,0,0,0,0
I60_23_03.png,I60,Color block,3,2.3,32.5,0,0,0,0,1
I60_23_04.png,I60,Color block,4,1.8,20.0,0,0,0,0,1
I60_23_05.png,I60,Color block,5,2.13,28.25,0,0,0,0,1
I60_04_01.png,I60,Color diffusion,1,4.57,89.25,0,0,0,0,0
I60_04_02.png,I60,Color diffusion,2,1.97,24.25,0,0,0,0,0
I60_04_03.png,I60,Color diffusion,3,1.33,8.25,0,0,0,0,0
I60_04_04.png,I60,Color diffusion,4,1.2,5.0,0,0,0,0,0
I60_04_05.png,I60,Color diffusion,5,1.13,3.25,0,0,0,0,1
I60_06_01.png,I60,Color quantization,1,4.03,75.75,0,0,0,0,0
I60_06_02.png,I60,Color quantization,2,3.9,72.5,0,0,0,0,0
I60_06_03.png,I60,Color quantization,3,3.63,65.75,0,0,0,0,1
I60_06_04.png,I60,Color quantization,4,3.1,52.5,0,0,0,0,1
I60_06_05.png,I60,Color quantization,5,2.53,38.25,0,0,0,0,1
I60_07_01.png,I60,Color saturation 1,1,2.8,45.0,0,0,0,0,0
I60_07_02.png,I60,Color saturation 1,2,2.63,40.75,0,0,0,0,0
I60_07_03.png,I60,Color saturation 1,3,1.87,21.75,0,0,0,0,0
I60_07_04.png,I60,Color saturation 1,4,1.8,20.0,0,0,0,0,0
I60_07_05.png,I60,Color saturation 1,5,1.8,20.0,0,0,0,0,1
I60_08_01.png,I60,Color saturation 2,1,4.6,90.0,0,0,0,0,0
I60_08_02.png,I60,Color saturation 2,2,3.03,50.75,0,0,0,0,0
I60_08_03.png,I60,Color saturation 2,3,1.87,21.75,0,0,0,0,0
I60_08_04.png,I60,Color saturation 2,4,1.6,15.0,0,0,0,0,0
I60_08_05.png,I60,Color saturation 2,5,1.47,11.75,0,0,0,0,1
I60_05_01.png,I60,Color shift,1,4.7,92.5,0,0,0,0,0
I60_05_02.png,I60,Color shift,2,2.87,46.75,0,0,0,0,0
I60_05_03.png,I60,Color shift,3,2.3,32.5,0,0,0,0,0
I60_05_04.png,I60,Color shift,4,2.5,37.5,0,0,0,0,0
I60_05_05.png,I60,Color shift,5,2.67,41.75,0,0,0,0,1
I60_25_01.png,I60,Contrast change,1,3.13,53.25,0,0,0,0,0
I60_25_02.png,I60,Contrast change,2,3.93,73.25,0,0,0,0,0
I60_25_03.png,I60,Contrast change,3,4.43,85.75,0,0,0,0,0
I60_25_04.png,I60,Contrast change,4,4.1,77.5,0,0,0,0,0
I60_25_05.png,I60,Contrast change,5,3.8,70.0,0,0,0,0,1
I60_17_01.png,I60,Darken,1,4.47,86.75,0,0,0,0,0
I60_17_02.png,I60,Darken,2,4.5,87.5,0,0,0,0,0
I60_17_03.png,I60,Darken,3,4.33,83.25,0,1,0,0,0
I60_17_04.png,I60,Darken,4,3.47,61.75,0,1,0,0,0
I60_17_05.png,I60,Darken,5,2.4,35.0,0,1,0,0,1
I60_15_01.png,I60,Denoise,1,4.2,80.0,0,0,0,0,0
I60_15_02.png,I60,Denoise,2,2.97,49.25,0,0,0,0,0
I60_15_03.png,I60,Denoise,3,2.3,32.5,0,0,0,1,0
I60_15_04.png,I60,Denoise,4,1.87,21.75,0,0,0,1,0
I60_15_05.png,I60,Denoise,5,1.57,14.25,0,0,0,1,1
I60_01_01.png,I60,Gaussian blur,1,4.47,86.75,0,0,0,0,0
I60_01_02.png,I60,Gaussian blur,2,4.6,90.0,0,0,0,0,0
I60_01_03.png,I60,Gaussian blur,3,3.33,58.25,1,0,0,0,0
I60_01_04.png,I60,Gaussian blur,4,1.97,24.25,1,0,0,0,0
I60_01_05.png,I60,Gaussian blur,5,1.57,14.25,1,0,0,0,1
I60_24_01.png,I60,High sharpen,1,3.6,65.0,0,0,0,0,0
I60_24_02.png,I60,High sharpen,2,2.9,47.5,0,0,0,0,0
I60_24_03.png,I60,High sharpen,3,2.13,28.25,0,0,0,0,0
I60_24_04.png,I60,High sharpen,4,1.47,11.75,0,0,0,0,0
I60_24_05.png,I60,High sharpen,5,1.57,14.25,0,0,0,0,1
I60_13_01.png,I60,Impulse noise,1,3.67,66.75,0,0,0,0,0
I60_13_02.png,I60,Impulse noise,2,2.93,48.25,0,0,0,0,0
I60_13_03.png,I60,Impulse noise,3,2.63,40.75,0,0,0,1,0
I60_13_04.png,I60,Impulse noise,4,2.57,39.25,0,0,0,1,0
I60_13_05.png,I60,Impulse noise,5,2.27,31.75,0,0,0,1,1
I60_10_01.png,I60,JPEG,1,4.57,89.25,0,0,0,0,0
I60_10_02.png,I60,JPEG,2,4.37,84.25,0,0,0,0,0
I60_10_03.png,I60,JPEG,3,4.16,79.0,0,0,0,0,1
I60_10_04.png,I60,JPEG,4,2.43,35.75,0,0,0,0,1
I60_10_05.png,I60,JPEG,5,1.47,11.75,0,0,0,0,1
I60_09_01.png,I60,JPEG2000,1,4.53,88.25,0,0,0,0,0
I60_09_02.png,I60,JPEG2000,2,4.13,78.25,0,0,0,0,0
I60_09_03.png,I60,JPEG2000,3,4.33,83.25,0,0,0,0,1
I60_09_04.png,I60,JPEG2000,4,2.33,33.25,0,0,0,0,1
I60_09_05.png,I60,JPEG2000,5,1.4,10.0,0,0,0,0,1
I60_19_01.png,I60,Jitter,1,4.5,87.5,0,0,0,0,0
I60_19_02.png,I60,Jitter,2,3.73,68.25,0,0,0,0,0
I60_19_03.png,I60,Jitter,3,3.6,65.0,0,0,0,0,0
I60_19_04.png,I60,Jitter,4,2.13,28.25,0,0,0,0,0
I60_19_05.png,I60,Jitter,5,1.37,9.25,0,0,0,0,1
I60_02_01.png,I60,Lens blur,1,4.16,79.0,0,0,0,0,0
I60_02_02.png,I60,Lens blur,2,3.03,50.75,0,0,0,0,0
I60_02_03.png,I60,Lens blur,3,1.8,20.0,1,0,0,0,0
I60_02_04.png,I60,Lens blur,4,1.23,5.75,1,0,0,0,0
I60_02_05.png,I60,Lens blur,5,1.2,5.0,1,0,0,0,1
I60_18_01.png,I60,Mean shift,1,4.5,87.5,0,0,0,0,0
I60_18_02.png,I60,Mean shift,2,4.8,95.0,0,0,0,0,0
I60_18_03.png,I60,Mean shift,3,4.65,91.25,0,0,0,0,0
I60_18_04.png,I60,Mean shift,4,4.63,90.75,0,0,0,0,0
I60_18_05.png,I60,Mean shift,5,4.13,78.25,0,0,0,0,1
I60_03_01.png,I60,Motion blur,1,4.63,90.75,0,0,0,0,0
I60_03_02.png,I60,Motion blur,2,4.7,92.5,0,0,0,0,0
I60_03_03.png,I60,Motion blur,3,3.13,53.25,1,0,0,0,0
I60_03_04.png,I60,Motion blur,4,2.77,44.25,1,0,0,0,0
I60_03_05.png,I60,Motion blur,5,1.97,24.25,1,0,0,0,1
I60_14_01.png,I60,Multiplicative noise,1,4.47,86.75,0,0,0,0,0
I60_14_02.png,I60,Multiplicative noise,2,3.63,65.75,0,0,0,0,0
I60_14_03.png,I60,Multiplicative noise,3,3.2,55.0,0,0,0,1,0
I60_14_04.png,I60,Multiplicative noise,4,2.73,43.25,0,0,0,1,0
I60_14_05.png,I60,Multiplicative noise,5,1.97,24.25,0,0,0,1,1
I60_20_01.png,I60,Non-eccentricity patch,1,4.27,81.75,0,0,0,0,0
I60_20_02.png,I60,Non-eccentricity patch,2,3.8,70.0,0,0,0,0,0
I60_20_03.png,I60,Non-eccentricity patch,3,3.6,65.0,0,0,0,0,0
I60_20_04.png,I60,Non-eccentricity patch,4,3.63,65.75,0,0,0,0,0
I60_20_05.png,I60,Non-eccentricity patch,5,3.33,58.25,0,0,0,0,1
I60_21_01.png,I60,Pixelate,1,3.93,73.25,0,0,0,0,0
I60_21_02.png,I60,Pixelate,2,3.5,62.5,0,0,0,0,0
I60_21_03.png,I60,Pixelate,3,3.37,59.25,0,0,0,0,0
I60_21_04.png,I60,Pixelate,4,3.13,53.25,0,0,0,0,0
I60_21_05.png,I60,Pixelate,5,1.93,23.25,0,0,0,0,1
I60_22_01.png,I60,Quantization,1,4.27,81.75,0,0,0,0,0
I60_22_02.png,I60,Quantization,2,4.2,80.0,0,0,0,0,0
I60_22_03.png,I60,Quantization,3,3.83,70.75,0,0,0,0,0
I60_22_04.png,I60,Quantization,4,3.4,60.0,0,0,0,0,0
I60_22_05.png,I60,Quantization,5,3.17,54.25,0,0,0,0,1
I60_11_01.png,I60,White noise,1,3.53,63.25,0,0,0,0,0
I60_11_02.png,I60,White noise,2,3.47,61.75,0,0,0,0,0
I60_11_03.png,I60,White noise,3,3.07,51.75,0,0,0,1,0
I60_11_04.png,I60,White noise,4,2.7,42.5,0,0,0,1,0
I60_11_05.png,I60,White noise,5,2.6,40.0,0,0,0,1,1
I60_12_01.png,I60,White noise in color component,1,4.53,88.25,0,0,0,0,0
I60_12_02.png,I60,White noise in color component,2,4.0,75.0,0,0,0,0,0
I60_12_03.png,I60,White noise in color component,3,3.57,64.25,0,0,0,1,0
I60_12_04.png,I60,White noise in color component,4,2.87,46.75,0,0,0,1,0
I60_12_05.png,I60,White noise in color component,5,2.45,36.25,0,0,0,1,1
I60.png,I60,none,0,,100.0,0,0,0,0,0
I61_16_01.png,I61,Brighten,1,4.67,91.75,0,0,0,0,0
I61_16_02.png,I61,Brighten,2,4.3,82.5,0,0,0,0,0
I61_16_03.png,I61,Brighten,3,3.57,64.25,0,0,1,0,0
I61_16_04.png,I61,Brighten,4,3.0,50.0,0,0,1,0,0
I61_16_05.png,I61,Brighten,5,1.9,22.5,0,0,1,0,1
I61_23_01.png,I61,Color block,1,2.9,47.5,0,0,0,0,0
I61_23_02.png,I61,Color block,2,2.2,30.0,0,0,0,0,0
I61_23_03.png,I61,Color block,3,2.53,38.25,0,0,0,0,1
I61_23_04.png,I61,Color block,4,2.23,30.75,0,0,0,0,1
I61_23_05.png,I61,Color block,5,2.23,30.75,0,0,0,0,1
I61_04_01.png,I61,Color diffusion,1,4.27,81.75,0,0,0,0,0
I61_04_02.png,I61,Color diffusion,2,2.7,42.5,0,0,0,0,0
I61_04_03.png,I61,Color diffusion,3,1.73,18.25,0,0,0,0,0
I61_04_04.png,I61,Color diffusion,4,1.5,12.5,0,0,0,0,0
I61_04_05.png,I61,Color diffusion,5,1.23,5.75,0,0,0,0,1
I61_06_01.png,I61,Color quantization,1,4.6,90.0,0,0,0,0,0
I61_06_02.png,I61,Color quantization,2,4.17,79.25,0,0,0,0,0
I61_06_03.png,I61,Color quantization,3,4.33,83.25,0,0,0,0,1
I61_06_04.png,I61,Color quantization,4,3.73,68.25,0,0,0,0,1
I61_06_05.png,I61,Color quantization,5,2.4,35.0,0,0,0,0,1
I61_07_01.png,I61,Color saturation 1,1,2.9,47.5,0,0,0,0,0
I61_07_02.png,I61,Color saturation 1,2,2.47,36.75,0,0,0,0,0
I61_07_03.png,I61,Color saturation 1,3,2.33,33.25,0,0,0,0,0
I61_07_04.png,I61,Color saturation 1,4,2.8,45.0,0,0,0,0,0
I61_07_05.png,I61,Color saturation 1,5,1.87,21.75,0,0,0,0,1
I61_08_01.png,I61,Color saturation 2,1,4.6,90.0,0,0,0,0,0
I61_08_02.png,I61,Color saturation 2,2,3.57,64.25,0,0,0,0,0
I61_08_03.png,I61,Color saturation 2,3,3.1,52.5,0,0,0,0,0
I61_08_04.png,I61,Color saturation 2,4,2.1,27.5,0,0,0,0,0
I61_08_05.png,I61,Color saturation 2,5,1.7,17.5,0,0,0,0,1
I61_05_01.png,I61,Color shift,1,4.47,86.75,0,0,0,0,0
I61_05_02.png,I61,Color shift,2,2.17,29.25,0,0,0,0,0
I61_05_03.png,I61,Color shift,3,1.77,19.25,0,0,0,0,0
I61_05_04.png,I61,Color shift,4,1.83,20.75,0,0,0,0,0
I61_05_05.png,I61,Color shift,5,1.63,15.75,0,0,0,0,1
I61_25_01.png,I61,Contrast change,1,2.67,41.75,0,0,0,0,0
I61_25_02.png,I61,Contrast change,2,3.67,66.75,0,0,0,0,0
I61_25_03.png,I61,Contrast change,3,4.17,79.25,0,0,0,0,0
I61_25_04.png,I61,Contrast change,4,4.33,83.25,0,0,0,0,0
I61_25_05.png,I61,Contrast change,5,3.53,63.25,0,0,0,0,1
I61_17_01.png,I61,Darken,1,4.53,88.25,0,0,0,0,0
I61_17_02.png,I61,Darken,2,4.5,87.5,0,0,0,0,0
I61_17_03.png,I61,Darken,3,4.1,77.5,0,1,0,0,0
I61_17_04.png,I61,Darken,4,2.83,45.75,0,1,0,0,0
I61_17_05.png,I61,Darken,5,1.93,23.25,0,1,0,0,1
I61_15_01.png,I61,Denoise,1,3.6,65.0,0,0,0,0,0
I61_15_02.png,I61,Denoise,2,3.2,55.0,0,0,0,0,0
I61_15_03.png,I61,Denoise,3,2.67,41.75,0,0,0,1,0
I61_15_04.png,I61,Denoise,4,1.8,20.0,0,0,0,1,0
I61_15_05.png,I61,Denoise,5,1.53,13.25,0,0,0,1,1
I61_01_01.png,I61,Gaussian blur,1,4.47,86.75,0,0,0,0,0
I61_01_02.png,I61,Gaussian blur,2,4.63,90.75,0,0,0,0,0
I61_01_03.png,I61,Gaussian blur,3,2.73,43.25,1,0,0,0,0
I61_01_04.png,I61,Gaussian blur,4,1.97,24.25,1,0,0,0,0
I61_01_05.png,I61,Gaussian blur,5,1.13,3.25,1,0,0,0,1
I61_24_01.png,I61,High sharpen,1,3.3,57.5,0,0,0,0,0
I61_24_02.png,I61,High sharpen,2,2.3,32.5,0,0,0,0,0
I61_24_03.png,I61,High sharpen,3,1.67,16.75,0,0,0,0,0
I61_24_04.png,I61,High sharpen,4,1.53,13.25,0,0,0,0,0
I61_24_05.png,I61,High sharpen,5,1.27,6.75,0,0,0,0,1
I61_13_01.png,I61,Impulse noise,1,3.87,71.75,0,0,0,0,0
I61_13_02.png,I61,Impulse noise,2,2.83,45.75,0,0,0,0,0
I61_13_03.png,I61,Impulse noise,3,2.73,43.25,0,0,0,1,0
I61_13_04.png,I61,Impulse noise,4,2.47,36.75,0,0,0,1,0
I61_13_05.png,I61,Impulse noise,5,2.1,27.5,0,0,0,1,1
I61_10_01.png,I61,JPEG,1,4.27,81.75,0,0,0,0,0
I61_10_02.png,I61,JPEG,2,4.1,77.5,0,0,0,0,0
I61_10_03.png,I61,JPEG,3,3.63,65.75,0,0,0,0,1
I61_10_04.png,I61,JPEG,4,1.93,23.25,0,0,0,0,1
I61_10_05.png,I61,JPEG,5,1.47,11.75,0,0,0,0,1
I61_09_01.png,I61,JPEG2000,1,4.67,91.75,0,0,0,0,0
I61_09_02.png,I61,JPEG2000,2,3.4,60.0,0,0,0,0,0
I61_09_03.png,I61,JPEG2000,3,3.4,60.0,0,0,0,0,1
I61_09_04.png,I61,JPEG2000,4,1.6,15.0,0,0,0,0,1
I61_09_05.png,I61,JPEG2000,5,1.23,5.75,0,0,0,0,1
I61_19_01.png,I61,Jitter,1,4.48,87.0,0,0,0,0,0
I61_19_02.png,I61,Jitter,2,3.5,62.5,0,0,0,0,0
I61_19_03.png,I61,Jitter,3,2.5,37.5,0,0,0,0,0
I61_19_04.png,I61,Jitter,4,1.57,14.25,0,0,0,0,0
I61_19_05.png,I61,Jitter,5,1.03,0.75,0,0,0,0,1
I61_02_01.png,I61,Lens blur,1,3.67,66.75,0,0,0,0,0
I61_02_02.png,I61,Lens blur,2,2.87,46.75,0,0,0,0,0
I61_02_03.png,I61,Lens blur,3,1.67,16.75,1,0,0,0,0
I61_02_04.png,I61,Lens blur,4,1.27,6.75,1,0,0,0,0
I61_02_05.png,I61,Lens blur,5,1.3,7.5,1,0,0,0,1
I61_18_01.png,I61,Mean shift,1,4.1,77.5,0,0,0,0,0
I61_18_02.png,I61,Mean shift,2,4.43,85.75,0,0,0,0,0
I61_18_03.png,I61,Mean shift,3,4.7,92.5,0,0,0,0,0
I61_18_04.png,I61,Mean shift,4,4.1,77.5,0,0,0,0,0
I61_18_05.png,I61,Mean shift,5,3.63,65.75,0,0,0,0,1
I61_03_01.png,I61,Motion blur,1,4.43,85.75,0,0,0,0,0
I61_03_02.png,I61,Motion blur,2,4.03,75.75,0,0,0,0,0
I61_03_03.png,I61,Motion blur,3,2.37,34.25,1,0,0,0,0
I61_03_04.png,I61,Motion blur,4,2.0,25.0,1,0,0,0,0
I61_03_05.png,I61,Motion blur,5,1.45,11.25,1,0,0,0,1
I61_14_01.png,I61,Multiplicative noise,1,4.47,86.75,0,0,0,0,0
I61_14_02.png,I61,Multiplicative noise,2,3.32,58.0,0,0,0,0,0
I61_14_03.png,I61,Multiplicative noise,3,2.67,41.75,0,0,0,1,0
I61_14_04.png,I61,Multiplicative noise,4,2.43,35.75,0,0,0,1,0
I61_14_05.png,I61,Multiplicative noise,5,2.3,32.5,0,0,0,1,1
I61_20_01.png,I61,Non-eccentricity patch,1,4.47,86.75,0,0,0,0,0
I61_20_02.png,I61,Non-eccentricity patch,2,4.57,89.25,0,0,0,0,0
I61_20_03.png,I61,Non-eccentricity patch,3,4.43,85.75,0,0,0,0,0
I61_20_04.png,I61,Non-eccentricity patch,4,4.03,75.75,0,0,0,0,0
I61_20_05.png,I61,Non-eccentricity patch,5,4.33,83.25,0,0,0,0,1
I61_21_01.png,I61,Pixelate,1,4.0,75.0,0,0,0,0,0
I61_21_02.png,I61,Pixelate,2,3.27,56.75,0,0,0,0,0
I61_21_03.png,I61,Pixelate,3,2.63,40.75,0,0,0,0,0
I61_21_04.png,I61,Pixelate,4,2.27,31.75,0,0,0,0,0
I61_21_05.png,I61,Pixelate,5,1.13,3.25,0,0,0,0,1
I61_22_01.png,I61,Quantization,1,4.27,81.75,0,0,0,0,0
I61_22_02.png,I61,Quantization,2,4.23,80.75,0,0,0,0,0
I61_22_03.png,I61,Quantization,3,4.0,75.0,0,0,0,0,0
I61_22_04.png,I61,Quantization,4,3.1,52.5,0,0,0,0,0
I61_22_05.png,I61,Quantization,5,2.7,42.5,0,0,0,0,1
I61_11_01.png,I61,White noise,1,4.17,79.25,0,0,0,0,0
I61_11_02.png,I61,White noise,2,3.3,57.5,0,0,0,0,0
I61_11_03.png,I61,White noise,3,2.9,47.5,0,0,0,1,0
I61_11_04.png,I61,White noise,4,2.6,40.0,0,0,0,1,0
I61_11_05.png,I61,White noise,5,2.37,34.25,0,0,0,1,1
I61_12_01.png,I61,White noise in color component,1,4.63,90.75,0,0,0,0,0
I61_12_02.png,I61,White noise in color component,2,3.83,70.75,0,0,0,0,0
I61_12_03.png,I61,White noise in color component,3,3.23,55.75,0,0,0,1,0
I61_12_04.png,I61,White noise in color component,4,2.8,45.0,0,0,0,1,0
I61_12_05.png,I61,White noise in color component,5,2.63,40.75,0,0,0,1,1
I61.png,I61,none,0,,100.0,0,0,0,0,0
I62_16_01.png,I62,Brighten,1,4.2,80.0,0,0,0,0,0
I62_16_02.png,I62,Brighten,2,4.47,86.75,0,0,0,0,0
I62_16_03.png,I62,Brighten,3,3.83,70.75,0,0,1,0,0
I62_16_04.png,I62,Brighten,4,3.1,52.5,0,0,1,0,0
I62_16_05.png,I62,Brighten,5,2.0,25.0,0,0,1,0,1
I62_23_01.png,I62,Color block,1,2.5,37.5,0,0,0,0,0
I62_23_02.png,I62,Color block,2,2.4,35.0,0,0,0,0,0
I62_23_03.png,I62,Color block,3,1.9,22.5,0,0,0,0,1
I62_23_04.png,I62,Color block,4,2.17,29.25,0,0,0,0,1
I62_23_05.png,I62,Color block,5,1.67,16.75,0,0,0,0,1
I62_04_01.png,I62,Color diffusion,1,4.53,88.25,0,0,0,0,0
I62_04_02.png,I62,Color diffusion,2,2.6,40.0,0,0,0,0,0
I62_04_03.png,I62,Color diffusion,3,2.3,32.5,0,0,0,0,0
I62_04_04.png,I62,Color diffusion,4,2.03,25.75,0,0,0,0,0
I62_04_05.png,I62,Color diffusion,5,1.4,10.0,0,0,0,0,1
I62_06_01.png,I62,Color quantization,1,4.17,79.25,0,0,0,0,0
I62_06_02.png,I62,Color quantization,2,4.23,80.75,0,0,0,0,0
I62_06_03.png,I62,Color quantization,3,3.94,73.5,0,0,0,0,1
I62_06_04.png,I62,Color quantization,4,3.3,57.5,0,0,0,0,1
I62_06_05.png,I62,Color quantization,5,2.4,35.0,0,0,0,0,1
I62_07_01.png,I62,Color saturation 1,1,3.1,52.5,0,0,0,0,0
I62_07_02.png,I62,Color saturation 1,2,2.73,43.25,0,0,0,0,0
I62_07_03.png,I62,Color saturation 1,3,2.87,46.75,0,0,0,0,0
I62_07_04.png,I62,Color saturation 1,4,2.6,40.0,0,0,0,0,0
I62_07_05.png,I62,Color saturation 1,5,2.37,34.25,0,0,0,0,1
I62_08_01.png,I62,Color saturation 2,1,4.5,87.5,0,0,0,0,0
I62_08_02.png,I62,Color saturation 2,2,3.37,59.25,0,0,0,0,0
I62_08_03.png,I62,Color saturation 2,3,2.8,45.0,0,0,0,0,0
I62_08_04.png,I62,Color saturation 2,4,1.87,21.75,0,0,0,0,0
I62_08_05.png,I62,Color saturation 2,5,1.8,20.0,0,0,0,0,1
I62_05_01.png,I62,Color shift,1,4.5,87.5,0,0,0,0,0
I62_05_02.png,I62,Color shift,2,2.03,25.75,0,0,0,0,0
I62_05_03.png,I62,Color shift,3,1.73,18.25,0,0,0,0,0
I62_05_04.png,I62,Color shift,4,1.63,15.75,0,0,0,0,0
I62_05_05.png,I62,Color shift,5,1.57,14.25,0,0,0,0,1
I62_25_01.png,I62,Contrast change,1,3.17,54.25,0,0,0,0,0
I62_25_02.png,I62,Contrast change,2,3.13,53.25,0,0,0,0,0
I62_25_03.png,I62,Contrast change,3,3.93,73.25,0,0,0,0,0
I62_25_04.png,I62,Contrast change,4,4.03,75.75,0,0,0,0,0
I62_25_05.png,I62,Contrast change,5,3.4,60.0,0,0,0,0,1
I62_17_01.png,I62,Darken,1,4.5,87.5,0,0,0,0,0
I62_17_02.png,I62,Darken,2,4.3,82.5,0,0,0,0,0
I62_17_03.png,I62,Darken,3,3.93,73.25,0,1,0,0,0
I62_17_04.png,I62,Darken,4,2.67,41.75,0,1,0,0,0
I62_17_05.png,I62,Darken,5,1.7,17.5,0,1,0,0,1
I62_15_01.png,I62,Denoise,1,3.3,57.5,0,0,0,0,0
I62_15_02.png,I62,Denoise,2,2.2,30.0,0,0,0,0,0
I62_15_03.png,I62,Denoise,3,2.0,25.0,0,0,0,1,0
I62_15_04.png,I62,Denoise,4,1.63,15.75,0,0,0,1,0
I62_15_05.png,I62,Denoise,5,1.5,12.5,0,0,0,1,1
I62_01_01.png,I62,Gaussian blur,1,4.63,90.75,0,0,0,0,0
I62_01_02.png,I62,Gaussian blur,2,4.03,75.75,0,0,0,0,0
I62_01_03.png,I62,Gaussian blur,3,2.6,40.0,1,0,0,0,0
I62_01_04.png,I62,Gaussian blur,4,1.87,21.75,1,0,0,0,0
I62_01_05.png,I62,Gaussian blur,5,1.43,10.75,1,0,0,0,1
I62_24_01.png,I62,High sharpen,1,3.23,55.75,0,0,0,0,0
I62_24_02.png,I62,High sharpen,2,2.6,40.0,0,0,0,0,0
I62_24_03.png,I62,High sharpen,3,2.07,26.75,0,0,0,0,0
I62_24_04.png,I62,High sharpen,4,1.53,13.25,0,0,0,0,0
I62_24_05.png,I62,High sharpen,5,1.27,6.75,0,0,0,0,1
I62_13_01.png,I62,Impulse noise,1,3.31,57.75,0,0,0,0,0
I62_13_02.png,I62,Impulse noise,2,2.67,41.75,0,0,0,0,0
I62_13_03.png,I62,Impulse noise,3,2.03,25.75,0,0,0,1,0
I62_13_04.png,I62,Impulse noise,4,2.33,33.25,0,0,0,1,0
I62_13_05.png,I62,Impulse noise,5,2.13,28.25,0,0,0,1,1
I62_10_01.png,I62,JPEG,1,4.23,80.75,0,0,0,0,0
I62_10_02.png,I62,JPEG,2,4.23,80.75,0,0,0,0,0
I62_10_03.png,I62,JPEG,3,3.93,73.25,0,0,0,0,1
I62_10_04.png,I62,JPEG,4,1.77,19.25,0,0,0,0,1
I62_10_05.png,I62,JPEG,5,1.47,11.75,0,0,0,0,1
I62_09_01.png,I62,JPEG2000,1,4.43,85.75,0,0,0,0,0
I62_09_02.png,I62,JPEG2000,2,3.9,72.5,0,0,0,0,0
I62_09_03.png,I62,JPEG2000,3,3.23,55.75,0,0,0,0,1
I62_09_04.png,I62,JPEG2000,4,1.73,18.25,0,0,0,0,1
I62_09_05.png,I62,JPEG2000,5,1.57,14.25,0,0,0,0,1
I62_19_01.png,I62,Jitter,1,4.13,78.25,0,0,0,0,0
I62_19_02.png,I62,Jitter,2,3.93,73.25,0,0,0,0,0
I62_19_03.png,I62,Jitter,3,2.93,48.25,0,0,0,0,0
I62_19_04.png,I62,Jitter,4,1.83,20.75,0,0,0,0,0
I62_19_05.png,I62,Jitter,5,1.23,5.75,0,0,0,0,1
I62_02_01.png,I62,Lens blur,1,3.8,70.0,0,0,0,0,0
I62_02_02.png,I62,Lens blur,2,2.4,35.0,0,0,0,0,0
I62_02_03.png,I62,Lens blur,3,1.8,20.0,1,0,0,0,0
I62_02_04.png,I62,Lens blur,4,1.47,11.75,1,0,0,0,0
I62_02_05.png,I62,Lens blur,5,1.47,11.75,1,0,0,0,1
I62_18_01.png,I62,Mean shift,1,4.38,84.5,0,0,0,0,0
I62_18_02.png,I62,Mean shift,2,4.43,85.75,0,0,0,0,0
I62_18_03.png,I62,Mean shift,3,4.37,84.25,0,0,0,0,0
I62_18_04.png,I62,Mean shift,4,3.87,71.75,0,0,0,0,0
I62_18_05.png,I62,Mean shift,5,3.07,51.75,0,0,0,0,1
I62_03_01.png,I62,Motion blur,1,4.27,81.75,0,0,0,0,0
I62_03_02.png,I62,Motion blur,2,3.47,61.75,0,0,0,0,0
I62_03_03.png,I62,Motion blur,3,2.3,32.5,1,0,0,0,0
I62_03_04.png,I62,Motion blur,4,1.8,20.0,1,0,0,0,0
I62_03_05.png,I62,Motion blur,5,1.47,11.75,1,0,0,0,1
I62_14_01.png,I62,Multiplicative noise,1,4.37,84.25,0,0,0,0,0
I62_14_02.png,I62,Multiplicative noise,2,3.43,60.75,0,0,0,0,0
I62_14_03.png,I62,Multiplicative noise,3,2.57,39.25,0,0,0,1,0
I62_14_04.png,I62,Multiplicative noise,4,2.47,36.75,0,0,0,1,0
I62_14_05.png,I62,Multiplicative noise,5,2.2,30.0,0,0,0,1,1
I62_20_01.png,I62,Non-eccentricity patch,1,3.97,74.25,0,0,0,0,0
I62_20_02.png,I62,Non-eccentricity patch,2,4.27,81.75,0,0,0,0,0
I62_20_03.png,I62,Non-eccentricity patch,3,4.27,81.75,0,0,0,0,0
I62_20_04.png,I62,Non-eccentricity patch,4,4.07,76.75,0,0,0,0,0
I62_20_05.png,I62,Non-eccentricity patch,5,3.53,63.25,0,0,0,0,1
I62_21_01.png,I62,Pixelate,1,4.13,78.25,0,0,0,0,0
I62_21_02.png,I62,Pixelate,2,3.37,59.25,0,0,0,0,0
I62_21_03.png,I62,Pixelate,3,3.17,54.25,0,0,0,0,0
I62_21_04.png,I62,Pixelate,4,2.97,49.25,0,0,0,0,0
I62_21_05.png,I62,Pixelate,5,1.37,9.25,0,0,0,0,1
I62_22_01.png,I62,Quantization,1,4.4,85.0,0,0,0,0,0
I62_22_02.png,I62,Quantization,2,4.4,85.0,0,0,0,0,0
I62_22_03.png,I62,Quantization,3,4.13,78.25,0,0,0,0,0
I62_22_04.png,I62,Quantization,4,3.73,68.25,0,0,0,0,0
I62_22_05.png,I62,Quantization,5,2.8,45.0,0,0,0,0,1
I62_11_01.png,I62,White noise,1,4.03,75.75,0,0,0,0,0
I62_11_02.png,I62,White noise,2,3.5,62.5,0,0,0,0,0
I62_11_03.png,I62,White noise,3,2.57,39.25,0,0,0,1,0
I62_11_04.png,I62,White noise,4,2.68,42.0,0,0,0,1,0
I62_11_05.png,I62,White noise,5,2.27,31.75,0,0,0,1,1
I62_12_01.png,I62,White noise in color component,1,4.53,88.25,0,0,0,0,0
I62_12_02.png,I62,White noise in color component,2,4.1,77.5,0,0,0,0,0
I62_12_03.png,I62,White noise in color component,3,3.03,50.75,0,0,0,1,0
I62_12_04.png,I62,White noise in color component,4,2.83,45.75,0,0,0,1,0
I62_12_05.png,I62,White noise in color component,5,2.37,34.25,0,0,0,1,1
I62.png,I62,none,0,,100.0,0,0,0,0,0
I63_16_01.png,I63,Brighten,1,4.53,88.25,0,0,0,0,0
I63_16_02.png,I63,Brighten,2,4.2,80.0,0,0,0,0,0
I63_16_03.png,I63,Brighten,3,3.77,69.25,0,0,1,0,0
I63_16_04.png,I63,Brighten,4,3.1,52.5,0,0,1,0,0
I63_16_05.png,I63,Brighten,5,2.43,35.75,0,0,1,0,1
I63_23_01.png,I63,Color block,1,3.6,65.0,0,0,0,0,0
I63_23_02.png,I63,Color block,2,2.5,37.5,0,0,0,0,0
I63_23_03.png,I63,Color block,3,2.1,27.5,0,0,0,0,1
I63_23_04.png,I63,Color block,4,2.4,35.0,0,0,0,0,1
I63_23_05.png,I63,Color block,5,1.97,24.25,0,0,0,0,1
I63_04_01.png,I63,Color diffusion,1,4.33,83.25,0,0,0,0,0
I63_04_02.png,I63,Color diffusion,2,2.8,45.0,0,0,0,0,0
I63_04_03.png,I63,Color diffusion,3,1.63,15.75,0,0,0,0,0
I63_04_04.png,I63,Color diffusion,4,1.33,8.25,0,0,0,0,0
I63_04_05.png,I63,Color diffusion,5,1.2,5.0,0,0,0,0,1
I63_06_01.png,I63,Color quantization,1,3.63,65.75,0,0,0,0,0
I63_06_02.png,I63,Color quantization,2,3.48,62.0,0,0,0,0,0
I63_06_03.png,I63,Color quantization,3,3.53,63.25,0,0,0,0,1
I63_06_04.png,I63,Color quantization,4,2.83,45.75,0,0,0,0,1
I63_06_05.png,I63,Color quantization,5,1.67,16.75,0,0,0,0,1
I63_07_01.png,I63,Color saturation 1,1,2.9,47.5,0,0,0,0,0
I63_07_02.png,I63,Color saturation 1,2,2.7,42.5,0,0,0,0,0
I63_07_03.png,I63,Color saturation 1,3,2.57,39.25,0,0,0,0,0
I63_07_04.png,I63,Color saturation 1,4,2.43,35.75,0,0,0,0,0
I63_07_05.png,I63,Color saturation 1,5,2.4,35.0,0,0,0,0,1
I63_08_01.png,I63,Color saturation 2,1,4.33,83.25,0,0,0,0,0
I63_08_02.png,I63,Color saturation 2,2,3.7,67.5,0,0,0,0,0
I63_08_03.png,I63,Color saturation 2,3,2.17,29.25,0,0,0,0,0
I63_08_04.png,I63,Color saturation 2,4,1.4,10.0,0,0,0,0,0
I63_08_05.png,I63,Color saturation 2,5,1.57,14.25,0,0,0,0,1
I63_05_01.png,I63,Color shift,1,3.77,69.25,0,0,0,0,0
I63_05_02.png,I63,Color shift,2,2.33,33.25,0,0,0,0,0
I63_05_03.png,I63,Color shift,3,1.8,20.0,0,0,0,0,0
I63_05_04.png,I63,Color shift,4,1.53,13.25,0,0,0,0,0
I63_05_05.png,I63,Color shift,5,1.53,13.25,0,0,0,0,1
I63_25_01.png,I63,Contrast change,1,3.3,57.5,0,0,0,0,0
I63_25_02.png,I63,Contrast change,2,3.7,67.5,0,0,0,0,0
I63_25_03.png,I63,Contrast change,3,4.23,80.75,0,0,0,0,0
I63_25_04.png,I63,Contrast change,4,3.97,74.25,0,0,0,0,0
I63_25_05.png,I63,Contrast change,5,3.59,64.75,0,0,0,0,1
I63_17_01.png,I63,Darken,1,4.6,90.0,0,0,0,0,0
I63_17_02.png,I63,Darken,2,4.57,89.25,0,0,0,0,0
I63_17_03.png,I63,Darken,3,4.27,81.75,0,1,0,0,0
I63_17_04.png,I63,Darken,4,3.3,57.5,0,1,0,0,0
I63_17_05.png,I63,Darken,5,1.83,20.75,0,1,0,0,1
I63_15_01.png,I63,Denoise,1,3.93,73.25,0,0,0,0,0
I63_15_02.png,I63,Denoise,2,3.17,54.25,0,0,0,0,0
I63_15_03.png,I63,Denoise,3,2.63,40.75,0,0,0,1,0
I63_15_04.png,I63,Denoise,4,1.67,16.75,0,0,0,1,0
I63_15_05.png,I63,Denoise,5,1.37,9.25,0,0,0,1,1
I63_01_01.png,I63,Gaussian blur,1,4.67,91.75,0,0,0,0,0
I63_01_02.png,I63,Gaussian blur,2,4.43,85.75,0,0,0,0,0
I63_01_03.png,I63,Gaussian blur,3,2.6,40.0,1,0,0,0,0
I63_01_04.png,I63,Gaussian blur,4,1.87,21.75,1,0,0,0,0
I63_01_05.png,I63,Gaussian blur,5,1.3,7.5,1,0,0,0,1
I63_24_01.png,I63,High sharpen,1,3.37,59.25,0,0,0,0,0
I63_24_02.png,I63,High sharpen,2,2.67,41.75,0,0,0,0,0
I63_24_03.png,I63,High sharpen,3,2.23,30.75,0,0,0,0,0
I63_24_04.png,I63,High sharpen,4,1.33,8.25,0,0,0,0,0
I63_24_05.png,I63,High sharpen,5,1.5,12.5,0,0,0,0,1
I63_13_01.png,I63,Impulse noise,1,3.97,74.25,0,0,0,0,0
I63_13_02.png,I63,Impulse noise,2,3.1,52.5,0,0,0,0,0
I63_13_03.png,I63,Impulse noise,3,2.45,36.25,0,0,0,1,0
I63_13_04.png,I63,Impulse noise,4,2.57,39.25,0,0,0,1,0
I63_13_05.png,I63,Impulse noise,5,2.4,35.0,0,0,0,1,1
I63_10_01.png,I63,JPEG,1,4.07,76.75,0,0,0,0,0
I63_10_02.png,I63,JPEG,2,4.3,82.5,0,0,0,0,0
I63_10_03.png,I63,JPEG,3,3.9,72.5,0,0,0,0,1
I63_10_04.png,I63,JPEG,4,2.33,33.25,0,0,0,0,1
I63_10_05.png,I63,JPEG,5,1.7,17.5,0,0,0,0,1
I63_09_01.png,I63,JPEG2000,1,4.57,89.25,0,0,0,0,0
I63_09_02.png,I63,JPEG2000,2,3.93,73.25,0,0,0,0,0
I63_09_03.png,I63,JPEG2000,3,3.43,60.75,0,0,0,0,1
I63_09_04.png,I63,JPEG2000,4,2.0,25.0,0,0,0,0,1
I63_09_05.png,I63,JPEG2000,5,1.2,5.0,0,0,0,0,1
I63_19_01.png,I63,Jitter,1,4.37,84.25,0,0,0,0,0
I63_19_02.png,I63,Jitter,2,3.9,72.5,0,0,0,0,0
I63_19_03.png,I63,Jitter,3,2.77,44.25,0,0,0,0,0
I63_19_04.png,I63,Jitter,4,1.37,9.25,0,0,0,0,0
I63_19_05.png,I63,Jitter,5,1.13,3.25,0,0,0,0,1
I63_02_01.png,I63,Lens blur,1,3.47,61.75,0,0,0,0,0
I63_02_02.png,I63,Lens blur,2,2.47,36.75,0,0,0,0,0
I63_02_03.png,I63,Lens blur,3,1.57,14.25,1,0,0,0,0
I63_02_04.png,I63,Lens blur,4,1.27,6.75,1,0,0,0,0
I63_02_05.png,I63,Lens blur,5,1.3,7.5,1,0,0,0,1
I63_18_01.png,I63,Mean shift,1,4.43,85.75,0,0,0,0,0
I63_18_02.png,I63,Mean shift,2,4.67,91.75,0,0,0,0,0
I63_18_03.png,I63,Mean shift,3,4.53,88.25,0,0,0,0,0
I63_18_04.png,I63,Mean shift,4,4.4,85.0,0,0,0,0,0
I63_18_05.png,I63,Mean shift,5,3.53,63.25,0,0,0,0,1
I63_03_01.png,I63,Motion blur,1,4.5,87.5,0,0,0,0,0
I63_03_02.png,I63,Motion blur,2,3.83,70.75,0,0,0,0,0
I63_03_03.png,I63,Motion blur,3,2.77,44.25,1,0,0,0,0
I63_03_04.png,I63,Motion blur,4,1.83,20.75,1,0,0,0,0
I63_03_05.png,I63,Motion blur,5,1.5,12.5,1,0,0,0,1
I63_14_01.png,I63,Multiplicative noise,1,4.61,90.25,0,0,0,0,0
I63_14_02.png,I63,Multiplicative noise,2,3.83,70.75,0,0,0,0,0
I63_14_03.png,I63,Multiplicative noise,3,3.43,60.75,0,0,0,1,0
I63_14_04.png,I63,Multiplicative noise,4,2.83,45.75,0,0,0,1,0
I63_14_05.png,I63,Multiplicative noise,5,2.33,33.25,0,0,0,1,1
I63_20_01.png,I63,Non-eccentricity patch,1,4.67,91.75,0,0,0,0,0
I63_20_02.png,I63,Non-eccentricity patch,2,4.47,86.75,0,0,0,0,0
I63_20_03.png,I63,Non-eccentricity patch,3,4.0,75.0,0,0,0,0,0
I63_20_04.png,I63,Non-eccentricity patch,4,3.03,50.75,0,0,0,0,0
I63_20_05.png,I63,Non-eccentricity patch,5,3.9,72.5,0,0,0,0,1
I63_21_01.png,I63,Pixelate,1,3.93,73.25,0,0,0,0,0
I63_21_02.png,I63,Pixelate,2,2.77,44.25,0,0,0,0,0
I63_21_03.png,I63,Pixelate,3,2.6,40.0,0,0,0,0,0
I63_21_04.png,I63,Pixelate,4,2.5,37.5,0,0,0,0,0
I63_21_05.png,I63,Pixelate,5,1.3,7.5,0,0,0,0,1
I63_22_01.png,I63,Quantization,1,4.67,91.75,0,0,0,0,0
I63_22_02.png,I63,Quantization,2,4.47,86.75,0,0,0,0,0
I63_22_03.png,I63,Quantization,3,4.3,82.5,0,0,0,0,0
I63_22_04.png,I63,Quantization,4,3.83,70.75,0,0,0,0,0
I63_22_05.png,I63,Quantization,5,3.23,55.75,0,0,0,0,1
I63_11_01.png,I63,White noise,1,3.93,73.25,0,0,0,0,0
I63_11_02.png,I63,White noise,2,3.93,73.25,0,0,0,0,0
I63_11_03.png,I63,White noise,3,3.3,57.5,0,0,0,1,0
I63_11_04.png,I63,White noise,4,3.07,51.75,0,0,0,1,0
I63_11_05.png,I63,White noise,5,2.5,37.5,0,0,0,1,1
I63_12_01.png,I63,White noise in color component,1,4.6,90.0,0,0,0,0,0
I63_12_02.png,I63,White noise in color component,2,3.77,69.25,0,0,0,0,0
I63_12_03.png,I63,White noise in color component,3,3.57,64.25,0,0,0,1,0
I63_12_04.png,I63,White noise in color component,4,2.87,46.75,0,0,0,1,0
I63_12_05.png,I63,White noise in color component,5,2.47,36.75,0,0,0,1,1
I63.png,I63,none,0,,100.0,0,0,0,0,0
I64_16_01.png,I64,Brighten,1,4.43,85.75,0,0,0,0,0
I64_16_02.png,I64,Brighten,2,4.3,82.5,0,0,0,0,0
I64_16_03.png,I64,Brighten,3,3.57,64.25,0,0,1,0,0
I64_16_04.png,I64,Brighten,4,2.63,40.75,0,0,1,0,0
I64_16_05.png,I64,Brighten,5,1.53,13.25,0,0,1,0,1
I64_23_01.png,I64,Color block,1,3.17,54.25,0,0,0,0,0
I64_23_02.png,I64,Color block,2,2.37,34.25,0,0,0,0,0
I64_23_03.png,I64,Color block,3,2.43,35.75,0,0,0,0,1
I64_23_04.png,I64,Color block,4,2.0,25.0,0,0,0,0,1
I64_23_05.png,I64,Color block,5,2.43,35.75,0,0,0,0,1
I64_04_01.png,I64,Color diffusion,1,4.32,83.0,0,0,0,0,0
I64_04_02.png,I64,Color diffusion,2,3.37,59.25,0,0,0,0,0
I64_04_03.png,I64,Color diffusion,3,2.07,26.75,0,0,0,0,0
I64_04_04.png,I64,Color diffusion,4,1.63,15.75,0,0,0,0,0
I64_04_05.png,I64,Color diffusion,5,1.4,10.0,0,0,0,0,1
I64_06_01.png,I64,Color quantization,1,3.8,70.0,0,0,0,0,0
I64_06_02.png,I64,Color quantization,2,3.97,74.25,0,0,0,0,0
I64_06_03.png,I64,Color quantization,3,3.65,66.25,0,0,0,0,1
I64_06_04.png,I64,Color quantization,4,3.2,55.0,0,0,0,0,1
I64_06_05.png,I64,Color quantization,5,2.67,41.75,0,0,0,0,1
I64_07_01.png,I64,Color saturation 1,1,2.87,46.75,0,0,0,0,0
I64_07_02.png,I64,Color saturation 1,2,2.53,38.25,0,0,0,0,0
I64_07_03.png,I64,Color saturation 1,3,1.9,22.5,0,0,0,0,0
I64_07_04.png,I64,Color saturation 1,4,2.3,32.5,0,0,0,0,0
I64_07_05.png,I64,Color saturation 1,5,2.03,25.75,0,0,0,0,1
I64_08_01.png,I64,Color saturation 2,1,4.4,85.0,0,0,0,0,0
I64_08_02.png,I64,Color saturation 2,2,4.03,75.75,0,0,0,0,0
I64_08_03.png,I64,Color saturation 2,3,3.07,51.75,0,0,0,0,0
I64_08_04.png,I64,Color saturation 2,4,2.07,26.75,0,0,0,0,0
I64_08_05.png,I64,Color saturation 2,5,1.73,18.25,0,0,0,0,1
I64_05_01.png,I64,Color shift,1,4.5,87.5,0,0,0,0,0
I64_05_02.png,I64,Color shift,2,2.4,35.0,0,0,0,0,0
I64_05_03.png,I64,Color shift,3,1.57,14.25,0,0,0,0,0
I64_05_04.png,I64,Color shift,4,1.6,15.0,0,0,0,0,0
I64_05_05.png,I64,Color shift,5,1.53,13.25,0,0,0,0,1
I64_25_01.png,I64,Contrast change,1,3.83,70.75,0,0,0,0,0
I64_25_02.png,I64,Contrast change,2,4.2,80.0,0,0,0,0,0
I64_25_03.png,I64,Contrast change,3,4.4,85.0,0,0,0,0,0
I64_25_04.png,I64,Contrast change,4,4.23,80.75,0,0,0,0,0
I64_25_05.png,I64,Contrast change,5,3.5,62.5,0,0,0,0,1
I64_17_01.png,I64,Darken,1,4.53,88.25,0,0,0,0,0
I64_17_02.png,I64,Darken,2,4.57,89.25,0,0,0,0,0
I64_17_03.png,I64,Darken,3,4.27,81.75,0,1,0,0,0
I64_17_04.png,I64,Darken,4,3.8,70.0,0,1,0,0,0
I64_17_05.png,I64,Darken,5,1.93,23.25,0,1,0,0,1
I64_15_01.png,I64,Denoise,1,3.8,70.0,0,0,0,0,0
I64_15_02.png,I64,Denoise,2,3.13,53.25,0,0,0,0,0
I64_15_03.png,I64,Denoise,3,2.63,40.75,0,0,0,1,0
I64_15_04.png,I64,Denoise,4,1.47,11.75,0,0,0,1,0
I64_15_05.png,I64,Denoise,5,1.47,11.75,0,0,0,1,1
I64_01_01.png,I64,Gaussian blur,1,4.67,91.75,0,0,0,0,0
I64_01_02.png,I64,Gaussian blur,2,4.4,85.0,0,0,0,0,0
I64_01_03.png,I64,Gaussian blur,3,3.23,55.75,1,0,0,0,0
I64_01_04.png,I64,Gaussian blur,4,1.83,20.75,1,0,0,0,0
I64_01_05.png,I64,Gaussian blur,5,1.23,5.75,1,0,0,0,1
I64_24_01.png,I64,High sharpen,1,3.63,65.75,0,0,0,0,0
I64_24_02.png,I64,High sharpen,2,2.63,40.75,0,0,0,0,0
I64_24_03.png,I64,High sharpen,3,2.57,39.25,0,0,0,0,0
I64_24_04.png,I64,High sharpen,4,1.8,20.0,0,0,0,0,0
I64_24_05.png,I64,High sharpen,5,1.33,8.25,0,0,0,0,1
I64_13_01.png,I64,Impulse noise,1,3.73,68.25,0,0,0,0,0
I64_13_02.png,I64,Impulse noise,2,3.37,59.25,0,0,0,0,0
I64_13_03.png,I64,Impulse noise,3,2.9,47.5,0,0,0,1,0
I64_13_04.png,I64,Impulse noise,4,2.53,38.25,0,0,0,1,0
I64_13_05.png,I64,Impulse noise,5,2.22,30.5,0,0,0,1,1
I64_10_01.png,I64,JPEG,1,4.23,80.75,0,0,0,0,0
I64_10_02.png,I64,JPEG,2,3.93,73.25,0,0,0,0,0
I64_10_03.png,I64,JPEG,3,3.97,74.25,0,0,0,0,1
I64_10_04.png,I64,JPEG,4,2.13,28.25,0,0,0,0,1
I64_10_05.png,I64,JPEG,5,1.4,10.0,0,0,0,0,1
I64_09_01.png,I64,JPEG2000,1,4.33,83.25,0,0,0,0,0
I64_09_02.png,I64,JPEG2000,2,4.1,77.5,0,0,0,0,0
I64_09_03.png,I64,JPEG2000,3,3.67,66.75,0,0,0,0,1
I64_09_04.png,I64,JPEG2000,4,2.1,27.5,0,0,0,0,1
I64_09_05.png,I64,JPEG2000,5,1.33,8.25,0,0,0,0,1
I64_19_01.png,I64,Jitter,1,4.27,81.75,0,0,0,0,0
I64_19_02.png,I64,Jitter,2,3.8,70.0,0,0,0,0,0
I64_19_03.png,I64,Jitter,3,2.43,35.75,0,0,0,0,0
I64_19_04.png,I64,Jitter,4,1.32,8.0,0,0,0,0,0
I64_19_05.png,I64,Jitter,5,1.27,6.75,0,0,0,0,1
I64_02_01.png,I64,Lens blur,1,4.13,78.25,0,0,0,0,0
I64_02_02.png,I64,Lens blur,2,2.5,37.5,0,0,0,0,0
I64_02_03.png,I64,Lens blur,3,1.55,13.75,1,0,0,0,0
I64_02_04.png,I64,Lens blur,4,1.53,13.25,1,0,0,0,0
I64_02_05.png,I64,Lens blur,5,1.43,10.75,1,0,0,0,1
I64_18_01.png,I64,Mean shift,1,4.3,82.5,0,0,0,0,0
I64_18_02.png,I64,Mean shift,2,4.53,88.25,0,0,0,0,0
I64_18_03.png,I64,Mean shift,3,4.67,91.75,0,0,0,0,0
I64_18_04.png,I64,Mean shift,4,4.67,91.75,0,0,0,0,0
I64_18_05.png,I64,Mean shift,5,3.97,74.25,0,0,0,0,1
I64_03_01.png,I64,Motion blur,1,4.67,91.75,0,0,0,0,0
I64_03_02.png,I64,Motion blur,2,4.07,76.75,0,0,0,0,0
I64_03_03.png,I64,Motion blur,3,2.9,47.5,1,0,0,0,0
I64_03_04.png,I64,Motion blur,4,2.17,29.25,1,0,0,0,0
I64_03_05.png,I64,Motion blur,5,1.77,19.25,1,0,0,0,1
I64_14_01.png,I64,Multiplicative noise,1,4.47,86.75,0,0,0,0,0
I64_14_02.png,I64,Multiplicative noise,2,3.83,70.75,0,0,0,0,0
I64_14_03.png,I64,Multiplicative noise,3,3.33,58.25,0,0,0,1,0
I64_14_04.png,I64,Multiplicative noise,4,2.53,38.25,0,0,0,1,0
I64_14_05.png,I64,Multiplicative noise,5,2.2,30.0,0,0,0,1,1
I64_20_01.png,I64,Non-eccentricity patch,1,4.33,83.25,0,0,0,0,0
I64_20_02.png,I64,Non-eccentricity patch,2,4.37,84.25,0,0,0,0,0
I64_20_03.png,I64,Non-eccentricity patch,3,3.93,73.25,0,0,0,0,0
I64_20_04.png,I64,Non-eccentricity patch,4,3.9,72.5,0,0,0,0,0
I64_20_05.png,I64,Non-eccentricity patch,5,3.53,63.25,0,0,0,0,1
I64_21_01.png,I64,Pixelate,1,2.93,48.25,0,0,0,0,0
I64_21_02.png,I64,Pixelate,2,2.39,34.75,0,0,0,0,0
I64_21_03.png,I64,Pixelate,3,2.7,42.5,0,0,0,0,0
I64_21_04.png,I64,Pixelate,4,2.07,26.75,0,0,0,0,0
I64_21_05.png,I64,Pixelate,5,1.1,2.5,0,0,0,0,1
I64_22_01.png,I64,Quantization,1,4.37,84.25,0,0,0,0,0
I64_22_02.png,I64,Quantization,2,4.33,83.25,0,0,0,0,0
I64_22_03.png,I64,Quantization,3,4.07,76.75,0,0,0,0,0
I64_22_04.png,I64,Quantization,4,3.7,67.5,0,0,0,0,0
I64_22_05.png,I64,Quantization,5,3.07,51.75,0,0,0,0,1
I64_11_01.png,I64,White noise,1,3.74,68.5,0,0,0,0,0
I64_11_02.png,I64,White noise,2,3.37,59.25,0,0,0,0,0
I64_11_03.png,I64,White noise,3,2.87,46.75,0,0,0,1,0
I64_11_04.png,I64,White noise,4,2.8,45.0,0,0,0,1,0
I64_11_05.png,I64,White noise,5,2.63,40.75,0,0,0,1,1
I64_12_01.png,I64,White noise in color component,1,4.47,86.75,0,0,0,0,0
I64_12_02.png,I64,White noise in color component,2,4.1,77.5,0,0,0,0,0
I64_12_03.png,I64,White noise in color component,3,3.34,58.5,0,0,0,1,0
I64_12_04.png,I64,White noise in color component,4,2.84,46.0,0,0,0,1,0
I64_12_05.png,I64,White noise in color component,5,2.6,40.0,0,0,0,1,1
I64.png,I64,none,0,,100.0,0,0,0,0,0
I65_16_01.png,I65,Brighten,1,4.67,91.75,0,0,0,0,0
I65_16_02.png,I65,Brighten,2,4.33,83.25,0,0,0,0,0
I65_16_03.png,I65,Brighten,3,3.77,69.25,0,0,1,0,0
I65_16_04.png,I65,Brighten,4,3.0,50.0,0,0,1,0,0
I65_16_05.png,I65,Brighten,5,1.71,17.75,0,0,1,0,1
I65_23_01.png,I65,Color block,1,2.97,49.25,0,0,0,0,0
I65_23_02.png,I65,Color block,2,3.47,61.75,0,0,0,0,0
I65_23_03.png,I65,Color block,3,3.03,50.75,0,0,0,0,1
I65_23_04.png,I65,Color block,4,2.2,30.0,0,0,0,0,1
I65_23_05.png,I65,Color block,5,1.9,22.5,0,0,0,0,1
I65_04_01.png,I65,Color diffusion,1,4.7,92.5,0,0,0,0,0
I65_04_02.png,I65,Color diffusion,2,3.2,55.0,0,0,0,0,0
I65_04_03.png,I65,Color diffusion,3,1.83,20.75,0,0,0,0,0
I65_04_04.png,I65,Color diffusion,4,2.5,37.5,0,0,0,0,0
I65_04_05.png,I65,Color diffusion,5,1.4,10.0,0,0,0,0,1
I65_06_01.png,I65,Color quantization,1,4.2,80.0,0,0,0,0,0
I65_06_02.png,I65,Color quantization,2,4.0,75.0,0,0,0,0,0
I65_06_03.png,I65,Color quantization,3,3.52,63.0,0,0,0,0,1
I65_06_04.png,I65,Color quantization,4,3.0,50.0,0,0,0,0,1
I65_06_05.png,I65,Color quantization,5,2.53,38.25,0,0,0,0,1
I65_07_01.png,I65,Color saturation 1,1,3.33,58.25,0,0,0,0,0
I65_07_02.png,I65,Color saturation 1,2,2.13,28.25,0,0,0,0,0
I65_07_03.png,I65,Color saturation 1,3,2.33,33.25,0,0,0,0,0
I65_07_04.png,I65,Color saturation 1,4,2.6,40.0,0,0,0,0,0
I65_07_05.png,I65,Color saturation 1,5,2.13,28.25,0,0,0,0,1
I65_08_01.png,I65,Color saturation 2,1,4.83,95.75,0,0,0,0,0
I65_08_02.png,I65,Color saturation 2,2,3.6,65.0,0,0,0,0,0
I65_08_03.png,I65,Color saturation 2,3,2.93,48.25,0,0,0,0,0
I65_08_04.png,I65,Color saturation 2,4,2.17,29.25,0,0,0,0,0
I65_08_05.png,I65,Color saturation 2,5,1.63,15.75,0,0,0,0,1
I65_05_01.png,I65,Color shift,1,3.77,69.25,0,0,0,0,0
I65_05_02.png,I65,Color shift,2,2.3,32.5,0,0,0,0,0
I65_05_03.png,I65,Color shift,3,1.97,24.25,0,0,0,0,0
I65_05_04.png,I65,Color shift,4,1.97,24.25,0,0,0,0,0
I65_05_05.png,I65,Color shift,5,1.73,18.25,0,0,0,0,1
I65_25_01.png,I65,Contrast change,1,3.87,71.75,0,0,0,0,0
I65_25_02.png,I65,Contrast change,2,4.07,76.75,0,0,0,0,0
I65_25_03.png,I65,Contrast change,3,4.43,85.75,0,0,0,0,0
I65_25_04.png,I65,Contrast change,4,4.47,86.75,0,0,0,0,0
I65_25_05.png,I65,Contrast change,5,3.57,64.25,0,0,0,0,1
I65_17_01.png,I65,Darken,1,4.63,90.75,0,0,0,0,0
I65_17_02.png,I65,Darken,2,4.47,86.75,0,0,0,0,0
I65_17_03.png,I65,Darken,3,4.67,91.75,0,1,0,0,0
I65_17_04.png,I65,Darken,4,3.6,65.0,0,1,0,0,0
I65_17_05.png,I65,Darken,5,2.57,39.25,0,1,0,0,1
I65_15_01.png,I65,Denoise,1,3.63,65.75,0,0,0,0,0
I65_15_02.png,I65,Denoise,2,2.43,35.75,0,0,0,0,0
I65_15_03.png,I65,Denoise,3,2.1,27.5,0,0,0,1,0
I65_15_04.png,I65,Denoise,4,1.43,10.75,0,0,0,1,0
I65_15_05.png,I65,Denoise,5,1.47,11.75,0,0,0,1,1
I65_01_01.png,I65,Gaussian blur,1,4.77,94.25,0,0,0,0,0
I65_01_02.png,I65,Gaussian blur,2,4.4,85.0,0,0,0,0,0
I65_01_03.png,I65,Gaussian blur,3,2.6,40.0,1,0,0,0,0
I65_01_04.png,I65,Gaussian blur,4,1.9,22.5,1,0,0,0,0
I65_01_05.png,I65,Gaussian blur,5,1.33,8.25,1,0,0,0,1
I65_24_01.png,I65,High sharpen,1,3.67,66.75,0,0,0,0,0
I65_24_02.png,I65,High sharpen,2,2.97,49.25,0,0,0,0,0
I65_24_03.png,I65,High sharpen,3,2.07,26.75,0,0,0,0,0
I65_24_04.png,I65,High sharpen,4,2.0,25.0,0,0,0,0,0
I65_24_05.png,I65,High sharpen,5,1.37,9.25,0,0,0,0,1
I65_13_01.png,I65,Impulse noise,1,3.33,58.25,0,0,0,0,0
I65_13_02.png,I65,Impulse noise,2,3.07,51.75,0,0,0,0,0
I65_13_03.png,I65,Impulse noise,3,2.43,35.75,0,0,0,1,0
I65_13_04.png,I65,Impulse noise,4,1.83,20.75,0,0,0,1,0
I65_13_05.png,I65,Impulse noise,5,2.3,32.5,0,0,0,1,1
I65_10_01.png,I65,JPEG,1,4.43,85.75,0,0,0,0,0
I65_10_02.png,I65,JPEG,2,4.4,85.0,0,0,0,0,0
I65_10_03.png,I65,JPEG,3,3.77,69.25,0,0,0,0,1
I65_10_04.png,I65,JPEG,4,1.53,13.25,0,0,0,0,1
I65_10_05.png,I65,JPEG,5,1.23,5.75,0,0,0,0,1
I65_09_01.png,I65,JPEG2000,1,4.5,87.5,0,0,0,0,0
I65_09_02.png,I65,JPEG2000,2,4.4,85.0,0,0,0,0,0
I65_09_03.png,I65,JPEG2000,3,3.4,60.0,0,0,0,0,1
I65_09_04.png,I65,JPEG2000,4,1.9,22.5,0,0,0,0,1
I65_09_05.png,I65,JPEG2000,5,1.3,7.5,0,0,0,0,1
I65_19_01.png,I65,Jitter,1,4.57,89.25,0,0,0,0,0
I65_19_02.png,I65,Jitter,2,3.93,73.25,0,0,0,0,0
I65_19_03.png,I65,Jitter,3,2.5,37.5,0,0,0,0,0
I65_19_04.png,I65,Jitter,4,1.6,15.0,0,0,0,0,0
I65_19_05.png,I65,Jitter,5,1.27,6.75,0,0,0,0,1
I65_02_01.png,I65,Lens blur,1,3.53,63.25,0,0,0,0,0
I65_02_02.png,I65,Lens blur,2,2.17,29.25,0,0,0,0,0
I65_02_03.png,I65,Lens blur,3,1.67,16.75,1,0,0,0,0
I65_02_04.png,I65,Lens blur,4,1.4,10.0,1,0,0,0,0
I65_02_05.png,I65,Lens blur,5,1.13,3.25,1,0,0,0,1
I65_18_01.png,I65,Mean shift,1,4.33,83.25,0,0,0,0,0
I65_18_02.png,I65,Mean shift,2,4.7,92.5,0,0,0,0,0
I65_18_03.png,I65,Mean shift,3,4.5,87.5,0,0,0,0,0
I65_18_04.png,I65,Mean shift,4,4.47,86.75,0,0,0,0,0
I65_18_05.png,I65,Mean shift,5,3.97,74.25,0,0,0,0,1
I65_03_01.png,I65,Motion blur,1,4.7,92.5,0,0,0,0,0
I65_03_02.png,I65,Motion blur,2,4.0,75.0,0,0,0,0,0
I65_03_03.png,I65,Motion blur,3,2.6,40.0,1,0,0,0,0
I65_03_04.png,I65,Motion blur,4,1.87,21.75,1,0,0,0,0
I65_03_05.png,I65,Motion blur,5,1.5,12.5,1,0,0,0,1
I65_14_01.png,I65,Multiplicative noise,1,4.0,75.0,0,0,0,0,0
I65_14_02.png,I65,Multiplicative noise,2,3.07,51.75,0,0,0,0,0
I65_14_03.png,I65,Multiplicative noise,3,2.63,40.75,0,0,0,1,0
I65_14_04.png,I65,Multiplicative noise,4,2.23,30.75,0,0,0,1,0
I65_14_05.png,I65,Multiplicative noise,5,1.97,24.25,0,0,0,1,1
I65_20_01.png,I65,Non-eccentricity patch,1,4.6,90.0,0,0,0,0,0
I65_20_02.png,I65,Non-eccentricity patch,2,4.3,82.5,0,0,0,0,0
I65_20_03.png,I65,Non-eccentricity patch,3,4.2,80.0,0,0,0,0,0
I65_20_04.png,I65,Non-eccentricity patch,4,4.3,82.5,0,0,0,0,0
I65_20_05.png,I65,Non-eccentricity patch,5,3.2,55.0,0,0,0,0,1
I65_21_01.png,I65,Pixelate,1,3.9,72.5,0,0,0,0,0
I65_21_02.png,I65,Pixelate,2,2.83,45.75,0,0,0,0,0
I65_21_03.png,I65,Pixelate,3,2.77,44.25,0,0,0,0,0
I65_21_04.png,I65,Pixelate,4,2.33,33.25,0,0,0,0,0
I65_21_05.png,I65,Pixelate,5,1.27,6.75,0,0,0,0,1
I65_22_01.png,I65,Quantization,1,4.5,87.5,0,0,0,0,0
I65_22_02.png,I65,Quantization,2,3.53,63.25,0,0,0,0,0
I65_22_03.png,I65,Quantization,3,3.2,55.0,0,0,0,0,0
I65_22_04.png,I65,Quantization,4,2.83,45.75,0,0,0,0,0
I65_22_05.png,I65,Quantization,5,2.17,29.25,0,0,0,0,1
I65_11_01.png,I65,White noise,1,3.5,62.5,0,0,0,0,0
I65_11_02.png,I65,White noise,2,3.17,54.25,0,0,0,0,0
I65_11_03.png,I65,White noise,3,2.73,43.25,0,0,0,1,0
I65_11_04.png,I65,White noise,4,2.33,33.25,0,0,0,1,0
I65_11_05.png,I65,White noise,5,2.3,32.5,0,0,0,1,1
I65_12_01.png,I65,White noise in color component,1,4.5,87.5,0,0,0,0,0
I65_12_02.png,I65,White noise in color component,2,3.47,61.75,0,0,0,0,0
I65_12_03.png,I65,White noise in color component,3,2.87,46.75,0,0,0,1,0
I65_12_04.png,I65,White noise in color component,4,2.5,37.5,0,0,0,1,0
I65_12_05.png,I65,White noise in color component,5,1.9,22.5,0,0,0,1,1
I65.png,I65,none,0,,100.0,0,0,0,0,0
I66_16_01.png,I66,Brighten,1,4.57,89.25,0,0,0,0,0
I66_16_02.png,I66,Brighten,2,4.4,85.0,0,0,0,0,0
I66_16_03.png,I66,Brighten,3,3.9,72.5,0,0,1,0,0
I66_16_04.png,I66,Brighten,4,3.3,57.5,0,0,1,0,0
I66_16_05.png,I66,Brighten,5,2.27,31.75,0,0,1,0,1
I66_23_01.png,I66,Color block,1,2.3,32.5,0,0,0,0,0
I66_23_02.png,I66,Color block,2,2.61,40.25,0,0,0,0,0
I66_23_03.png,I66,Color block,3,2.7,42.5,0,0,0,0,1
I66_23_04.png,I66,Color block,4,2.23,30.75,0,0,0,0,1
I66_23_05.png,I66,Color block,5,2.17,29.25,0,0,0,0,1
I66_04_01.png,I66,Color diffusion,1,4.4,85.0,0,0,0,0,0
I66_04_02.png,I66,Color diffusion,2,2.57,39.25,0,0,0,0,0
I66_04_03.png,I66,Color diffusion,3,1.7,17.5,0,0,0,0,0
I66_04_04.png,I66,Color diffusion,4,1.67,16.75,0,0,0,0,0
I66_04_05.png,I66,Color diffusion,5,1.47,11.75,0,0,0,0,1
I66_06_01.png,I66,Color quantization,1,4.2,80.0,0,0,0,0,0
I66_06_02.png,I66,Color quantization,2,4.0,75.0,0,0,0,0,0
I66_06_03.png,I66,Color quantization,3,3.77,69.25,0,0,0,0,1
I66_06_04.png,I66,Color quantization,4,3.13,53.25,0,0,0,0,1
I66_06_05.png,I66,Color quantization,5,2.43,35.75,0,0,0,0,1
I66_07_01.png,I66,Color saturation 1,1,2.63,40.75,0,0,0,0,0
I66_07_02.png,I66,Color saturation 1,2,2.2,30.0,0,0,0,0,0
I66_07_03.png,I66,Color saturation 1,3,2.57,39.25,0,0,0,0,0
I66_07_04.png,I66,Color saturation 1,4,2.27,31.75,0,0,0,0,0
I66_07_05.png,I66,Color saturation 1,5,2.0,25.0,0,0,0,0,1
I66_08_01.png,I66,Color saturation 2,1,4.5,87.5,0,0,0,0,0
I66_08_02.png,I66,Color saturation 2,2,3.77,69.25,0,0,0,0,0
I66_08_03.png,I66,Color saturation 2,3,2.43,35.75,0,0,0,0,0
I66_08_04.png,I66,Color saturation 2,4,1.97,24.25,0,0,0,0,0
I66_08_05.png,I66,Color saturation 2,5,1.73,18.25,0,0,0,0,1
I66_05_01.png,I66,Color shift,1,4.07,76.75,0,0,0,0,0
I66_05_02.png,I66,Color shift,2,2.3,32.5,0,0,0,0,0
I66_05_03.png,I66,Color shift,3,1.9,22.5,0,0,0,0,0
I66_05_04.png,I66,Color shift,4,1.8,20.0,0,0,0,0,0
I66_05_05.png,I66,Color shift,5,1.67,16.75,0,0,0,0,1
I66_25_01.png,I66,Contrast change,1,3.43,60.75,0,0,0,0,0
I66_25_02.png,I66,Contrast change,2,3.73,68.25,0,0,0,0,0
I66_25_03.png,I66,Contrast change,3,4.17,79.25,0,0,0,0,0
I66_25_04.png,I66,Contrast change,4,4.23,80.75,0,0,0,0,0
I66_25_05.png,I66,Contrast change,5,3.17,54.25,0,0,0,0,1
I66_17_01.png,I66,Darken,1,4.6,90.0,0,0,0,0,0
I66_17_02.png,I66,Darken,2,4.37,84.25,0,0,0,0,0
I66_17_03.png,I66,Darken,3,4.07,76.75,0,1,0,0,0
I66_17_04.png,I66,Darken,4,3.43,60.75,0,1,0,0,0
I66_17_05.png,I66,Darken,5,1.6,15.0,0,1,0,0,1
I66_15_01.png,I66,Denoise,1,4.06,76.5,0,0,0,0,0
I66_15_02.png,I66,Denoise,2,3.2,55.0,0,0,0,0,0
I66_15_03.png,I66,Denoise,3,2.43,35.75,0,0,0,1,0
I66_15_04.png,I66,Denoise,4,1.87,21.75,0,0,0,1,0
I66_15_05.png,I66,Denoise,5,1.3,7.5,0,0,0,1,1
I66_01_01.png,I66,Gaussian blur,1,4.63,90.75,0,0,0,0,0
I66_01_02.png,I66,Gaussian blur,2,4.48,87.0,0,0,0,0,0
I66_01_03.png,I66,Gaussian blur,3,2.97,49.25,1,0,0,0,0
I66_01_04.png,I66,Gaussian blur,4,1.73,18.25,1,0,0,0,0
I66_01_05.png,I66,Gaussian blur,5,1.4,10.0,1,0,0,0,1
I66_24_01.png,I66,High sharpen,1,3.37,59.25,0,0,0,0,0
I66_24_02.png,I66,High sharpen,2,2.3,32.5,0,0,0,0,0
I66_24_03.png,I66,High sharpen,3,1.83,20.75,0,0,0,0,0
I66_24_04.png,I66,High sharpen,4,1.77,19.25,0,0,0,0,0
I66_24_05.png,I66,High sharpen,5,1.2,5.0,0,0,0,0,1
I66_13_01.png,I66,Impulse noise,1,3.1,52.5,0,0,0,0,0
I66_13_02.png,I66,Impulse noise,2,2.57,39.25,0,0,0,0,0
I66_13_03.png,I66,Impulse noise,3,2.4,35.0,0,0,0,1,0
I66_13_04.png,I66,Impulse noise,4,2.2,30.0,0,0,0,1,0
I66_13_05.png,I66,Impulse noise,5,2.39,34.75,0,0,0,1,1
I66_10_01.png,I66,JPEG,1,4.43,85.75,0,0,0,0,0
I66_10_02.png,I66,JPEG,2,4.5,87.5,0,0,0,0,0
I66_10_03.png,I66,JPEG,3,3.97,74.25,0,0,0,0,1
I66_10_04.png,I66,JPEG,4,2.1,27.5,0,0,0,0,1
I66_10_05.png,I66,JPEG,5,1.47,11.75,0,0,0,0,1
I66_09_01.png,I66,JPEG2000,1,4.37,84.25,0,0,0,0,0
I66_09_02.png,I66,JPEG2000,2,4.37,84.25,0,0,0,0,0
I66_09_03.png,I66,JPEG2000,3,4.17,79.25,0,0,0,0,1
I66_09_04.png,I66,JPEG2000,4,2.23,30.75,0,0,0,0,1
I66_09_05.png,I66,JPEG2000,5,1.27,6.75,0,0,0,0,1
I66_19_01.png,I66,Jitter,1,4.37,84.25,0,0,0,0,0
I66_19_02.png,I66,Jitter,2,3.87,71.75,0,0,0,0,0
I66_19_03.png,I66,Jitter,3,3.43,60.75,0,0,0,0,0
I66_19_04.png,I66,Jitter,4,1.93,23.25,0,0,0,0,0
I66_19_05.png,I66,Jitter,5,1.29,7.25,0,0,0,0,1
I66_02_01.png,I66,Lens blur,1,3.8,70.0,0,0,0,0,0
I66_02_02.png,I66,Lens blur,2,2.83,45.75,0,0,0,0,0
I66_02_03.png,I66,Lens blur,3,1.8,20.0,1,0,0,0,0
I66_02_04.png,I66,Lens blur,4,1.53,13.25,1,0,0,0,0
I66_02_05.png,I66,Lens blur,5,1.37,9.25,1,0,0,0,1
I66_18_01.png,I66,Mean shift,1,4.47,86.75,0,0,0,0,0
I66_18_02.png,I66,Mean shift,2,4.57,89.25,0,0,0,0,0
I66_18_03.png,I66,Mean shift,3,4.57,89.25,0,0,0,0,0
I66_18_04.png,I66,Mean shift,4,4.27,81.75,0,0,0,0,0
I66_18_05.png,I66,Mean shift,5,3.87,71.75,0,0,0,0,1
I66_03_01.png,I66,Motion blur,1,4.63,90.75,0,0,0,0,0
I66_03_02.png,I66,Motion blur,2,4.1,77.5,0,0,0,0,0
I66_03_03.png,I66,Motion blur,3,2.83,45.75,1,0,0,0,0
I66_03_04.png,I66,Motion blur,4,2.23,30.75,1,0,0,0,0
I66_03_05.png,I66,Motion blur,5,1.5,12.5,1,0,0,0,1
I66_14_01.png,I66,Multiplicative noise,1,4.5,87.5,0,0,0,0,0
I66_14_02.png,I66,Multiplicative noise,2,3.93,73.25,0,0,0,0,0
I66_14_03.png,I66,Multiplicative noise,3,3.77,69.25,0,0,0,1,0
I66_14_04.png,I66,Multiplicative noise,4,3.0,50.0,0,0,0,1,0
I66_14_05.png,I66,Multiplicative noise,5,2.43,35.75,0,0,0,1,1
I66_20_01.png,I66,Non-eccentricity patch,1,4.52,88.0,0,0,0,0,0
I66_20_02.png,I66,Non-eccentricity patch,2,4.3,82.5,0,0,0,0,0
I66_20_03.png,I66,Non-eccentricity patch,3,3.5,62.5,0,0,0,0,0
I66_20_04.png,I66,Non-eccentricity patch,4,2.9,47.5,0,0,0,0,0
I66_20_05.png,I66,Non-eccentricity patch,5,3.8,70.0,0,0,0,0,1
I66_21_01.png,I66,Pixelate,1,3.93,73.25,0,0,0,0,0
I66_21_02.png,I66,Pixelate,2,2.47,36.75,0,0,0,0,0
I66_21_03.png,I66,Pixelate,3,2.63,40.75,0,0,0,0,0
I66_21_04.png,I66,Pixelate,4,3.27,56.75,0,0,0,0,0
I66_21_05.png,I66,Pixelate,5,1.27,6.75,0,0,0,0,1
I66_22_01.png,I66,Quantization,1,4.33,83.25,0,0,0,0,0
I66_22_02.png,I66,Quantization,2,4.3,82.5,0,0,0,0,0
I66_22_03.png,I66,Quantization,3,3.0,50.0,0,0,0,0,0
I66_22_04.png,I66,Quantization,4,3.53,63.25,0,0,0,0,0
I66_22_05.png,I66,Quantization,5,2.9,47.5,0,0,0,0,1
I66_11_01.png,I66,White noise,1,4.0,75.0,0,0,0,0,0
I66_11_02.png,I66,White noise,2,3.03,50.75,0,0,0,0,0
I66_11_03.png,I66,White noise,3,3.03,50.75,0,0,0,1,0
I66_11_04.png,I66,White noise,4,2.87,46.75,0,0,0,1,0
I66_11_05.png,I66,White noise,5,2.27,31.75,0,0,0,1,1
I66_12_01.png,I66,White noise in color component,1,4.47,86.75,0,0,0,0,0
I66_12_02.png,I66,White noise in color component,2,3.2,55.0,0,0,0,0,0
I66_12_03.png,I66,White noise in color component,3,3.07,51.75,0,0,0,1,0
I66_12_04.png,I66,White noise in color component,4,2.67,41.75,0,0,0,1,0
I66_12_05.png,I66,White noise in color component,5,2.4,35.0,0,0,0,1,1
I66.png,I66,none,0,,100.0,0,0,0,0,0
I67_16_01.png,I67,Brighten,1,4.2,80.0,0,0,0,0,0
I67_16_02.png,I67,Brighten,2,4.0,75.0,0,0,0,0,0
I67_16_03.png,I67,Brighten,3,3.43,60.75,0,0,1,0,0
I67_16_04.png,I67,Brighten,4,2.8,45.0,0,0,1,0,0
I67_16_05.png,I67,Brighten,5,1.83,20.75,0,0,1,0,1
I67_23_01.png,I67,Color block,1,3.53,63.25,0,0,0,0,0
I67_23_02.png,I67,Color block,2,2.13,28.25,0,0,0,0,0
I67_23_03.png,I67,Color block,3,2.53,38.25,0,0,0,0,1
I67_23_04.png,I67,Color block,4,2.33,33.25,0,0,0,0,1
I67_23_05.png,I67,Color block,5,2.03,25.75,0,0,0,0,1
I67_04_01.png,I67,Color diffusion,1,4.27,81.75,0,0,0,0,0
I67_04_02.png,I67,Color diffusion,2,1.63,15.75,0,0,0,0,0
I67_04_03.png,I67,Color diffusion,3,1.3,7.5,0,0,0,0,0
I67_04_04.png,I67,Color diffusion,4,1.16,4.0,0,0,0,0,0
I67_04_05.png,I67,Color diffusion,5,1.07,1.75,0,0,0,0,1
I67_06_01.png,I67,Color quantization,1,3.47,61.75,0,0,0,0,0
I67_06_02.png,I67,Color quantization,2,3.4,60.0,0,0,0,0,0
I67_06_03.png,I67,Color quantization,3,2.93,48.25,0,0,0,0,1
I67_06_04.png,I67,Color quantization,4,2.47,36.75,0,0,0,0,1
I67_06_05.png,I67,Color quantization,5,1.87,21.75,0,0,0,0,1
I67_07_01.png,I67,Color saturation 1,1,2.6,40.0,0,0,0,0,0
I67_07_02.png,I67,Color saturation 1,2,1.7,17.5,0,0,0,0,0
I67_07_03.png,I67,Color saturation 1,3,2.77,44.25,0,0,0,0,0
I67_07_04.png,I67,Color saturation 1,4,2.1,27.5,0,0,0,0,0
I67_07_05.png,I67,Color saturation 1,5,2.0,25.0,0,0,0,0,1
I67_08_01.png,I67,Color saturation 2,1,4.53,88.25,0,0,0,0,0
I67_08_02.png,I67,Color saturation 2,2,2.5,37.5,0,0,0,0,0
I67_08_03.png,I67,Color saturation 2,3,1.63,15.75,0,0,0,0,0
I67_08_04.png,I67,Color saturation 2,4,1.37,9.25,0,0,0,0,0
I67_08_05.png,I67,Color saturation 2,5,1.07,1.75,0,0,0,0,1
I67_05_01.png,I67,Color shift,1,4.3,82.5,0,0,0,0,0
I67_05_02.png,I67,Color shift,2,2.33,33.25,0,0,0,0,0
I67_05_03.png,I67,Color shift,3,2.07,26.75,0,0,0,0,0
I67_05_04.png,I67,Color shift,4,2.03,25.75,0,0,0,0,0
I67_05_05.png,I67,Color shift,5,2.2,30.0,0,0,0,0,1
I67_25_01.png,I67,Contrast change,1,3.23,55.75,0,0,0,0,0
I67_25_02.png,I67,Contrast change,2,4.03,75.75,0,0,0,0,0
I67_25_03.png,I67,Contrast change,3,4.07,76.75,0,0,0,0,0
I67_25_04.png,I67,Contrast change,4,3.77,69.25,0,0,0,0,0
I67_25_05.png,I67,Contrast change,5,3.27,56.75,0,0,0,0,1
I67_17_01.png,I67,Darken,1,4.57,89.25,0,0,0,0,0
I67_17_02.png,I67,Darken,2,4.43,85.75,0,0,0,0,0
I67_17_03.png,I67,Darken,3,3.97,74.25,0,1,0,0,0
I67_17_04.png,I67,Darken,4,3.33,58.25,0,1,0,0,0
I67_17_05.png,I67,Darken,5,2.13,28.25,0,1,0,0,1
I67_15_01.png,I67,Denoise,1,3.6,65.0,0,0,0,0,0
I67_15_02.png,I67,Denoise,2,2.53,38.25,0,0,0,0,0
I67_15_03.png,I67,Denoise,3,2.0,25.0,0,0,0,1,0
I67_15_04.png,I67,Denoise,4,1.67,16.75,0,0,0,1,0
I67_15_05.png,I67,Denoise,5,1.5,12.5,0,0,0,1,1
I67_01_01.png,I67,Gaussian blur,1,4.63,90.75,0,0,0,0,0
I67_01_02.png,I67,Gaussian blur,2,4.63,90.75,0,0,0,0,0
I67_01_03.png,I67,Gaussian blur,3,3.1,52.5,1,0,0,0,0
I67_01_04.png,I67,Gaussian blur,4,1.9,22.5,1,0,0,0,0
I67_01_05.png,I67,Gaussian blur,5,1.27,6.75,1,0,0,0,1
I67_24_01.png,I67,High sharpen,1,3.23,55.75,0,0,0,0,0
I67_24_02.png,I67,High sharpen,2,2.4,35.0,0,0,0,0,0
I67_24_03.png,I67,High sharpen,3,1.9,22.5,0,0,0,0,0
I67_24_04.png,I67,High sharpen,4,1.43,10.75,0,0,0,0,0
I67_24_05.png,I67,High sharpen,5,1.13,3.25,0,0,0,0,1
I67_13_01.png,I67,Impulse noise,1,3.3,57.5,0,0,0,0,0
I67_13_02.png,I67,Impulse noise,2,3.03,50.75,0,0,0,0,0
I67_13_03.png,I67,Impulse noise,3,2.7,42.5,0,0,0,1,0
I67_13_04.png,I67,Impulse noise,4,2.57,39.25,0,0,0,1,0
I67_13_05.png,I67,Impulse noise,5,2.07,26.75,0,0,0,1,1
I67_10_01.png,I67,JPEG,1,4.4,85.0,0,0,0,0,0
I67_10_02.png,I67,JPEG,2,4.3,82.5,0,0,0,0,0
I67_10_03.png,I67,JPEG,3,3.97,74.25,0,0,0,0,1
I67_10_04.png,I67,JPEG,4,1.87,21.75,0,0,0,0,1
I67_10_05.png,I67,JPEG,5,1.1,2.5,0,0,0,0,1
I67_09_01.png,I67,JPEG2000,1,4.67,91.75,0,0,0,0,0
I67_09_02.png,I67,JPEG2000,2,4.27,81.75,0,0,0,0,0
I67_09_03.png,I67,JPEG2000,3,3.6,65.0,0,0,0,0,1
I67_09_04.png,I67,JPEG2000,4,2.07,26.75,0,0,0,0,1
I67_09_05.png,I67,JPEG2000,5,1.13,3.25,0,0,0,0,1
I67_19_01.png,I67,Jitter,1,4.37,84.25,0,0,0,0,0
I67_19_02.png,I67,Jitter,2,3.91,72.75,0,0,0,0,0
I67_19_03.png,I67,Jitter,3,3.27,56.75,0,0,0,0,0
I67_19_04.png,I67,Jitter,4,2.0,25.0,0,0,0,0,0
I67_19_05.png,I67,Jitter,5,1.4,10.0,0,0,0,0,1
I67_02_01.png,I67,Lens blur,1,3.9,72.5,0,0,0,0,0
I67_02_02.png,I67,Lens blur,2,2.8,45.0,0,0,0,0,0
I67_02_03.png,I67,Lens blur,3,1.7,17.5,1,0,0,0,0
I67_02_04.png,I67,Lens blur,4,1.43,10.75,1,0,0,0,0
I67_02_05.png,I67,Lens blur,5,1.17,4.25,1,0,0,0,1
I67_18_01.png,I67,Mean shift,1,4.2,80.0,0,0,0,0,0
I67_18_02.png,I67,Mean shift,2,4.43,85.75,0,0,0,0,0
I67_18_03.png,I67,Mean shift,3,4.73,93.25,0,0,0,0,0
I67_18_04.png,I67,Mean shift,4,4.37,84.25,0,0,0,0,0
I67_18_05.png,I67,Mean shift,5,3.94,73.5,0,0,0,0,1
I67_03_01.png,I67,Motion blur,1,4.5,87.5,0,0,0,0,0
I67_03_02.png,I67,Motion blur,2,4.37,84.25,0,0,0,0,0
I67_03_03.png,I67,Motion blur,3,2.7,42.5,1,0,0,0,0
I67_03_04.png,I67,Motion blur,4,2.5,37.5,1,0,0,0,0
I67_03_05.png,I67,Motion blur,5,1.63,15.75,1,0,0,0,1
I67_14_01.png,I67,Multiplicative noise,1,4.47,86.75,0,0,0,0,0
I67_14_02.png,I67,Multiplicative noise,2,3.67,66.75,0,0,0,0,0
I67_14_03.png,I67,Multiplicative noise,3,3.13,53.25,0,0,0,1,0
I67_14_04.png,I67,Multiplicative noise,4,2.53,38.25,0,0,0,1,0
I67_14_05.png,I67,Multiplicative noise,5,2.2,30.0,0,0,0,1,1
I67_20_01.png,I67,Non-eccentricity patch,1,4.23,80.75,0,0,0,0,0
I67_20_02.png,I67,Non-eccentricity patch,2,4.33,83.25,0,0,0,0,0
I67_20_03.png,I67,Non-eccentricity patch,3,3.83,70.75,0,0,0,0,0
I67_20_04.png,I67,Non-eccentricity patch,4,2.1,27.5,0,0,0,0,0
I67_20_05.png,I67,Non-eccentricity patch,5,3.13,53.25,0,0,0,0,1
I67_21_01.png,I67,Pixelate,1,4.07,76.75,0,0,0,0,0
I67_21_02.png,I67,Pixelate,2,2.53,38.25,0,0,0,0,0
I67_21_03.png,I67,Pixelate,3,2.47,36.75,0,0,0,0,0
I67_21_04.png,I67,Pixelate,4,2.07,26.75,0,0,0,0,0
I67_21_05.png,I67,Pixelate,5,1.2,5.0,0,0,0,0,1
I67_22_01.png,I67,Quantization,1,4.8,95.0,0,0,0,0,0
I67_22_02.png,I67,Quantization,2,4.57,89.25,0,0,0,0,0
I67_22_03.png,I67,Quantization,3,4.33,83.25,0,0,0,0,0
I67_22_04.png,I67,Quantization,4,4.2,80.0,0,0,0,0,0
I67_22_05.png,I67,Quantization,5,3.23,55.75,0,0,0,0,1
I67_11_01.png,I67,White noise,1,3.87,71.75,0,0,0,0,0
I67_11_02.png,I67,White noise,2,3.42,60.5,0,0,0,0,0
I67_11_03.png,I67,White noise,3,2.93,48.25,0,0,0,1,0
I67_11_04.png,I67,White noise,4,2.6,40.0,0,0,0,1,0
I67_11_05.png,I67,White noise,5,2.3,32.5,0,0,0,1,1
I67_12_01.png,I67,White noise in color component,1,4.57,89.25,0,0,0,0,0
I67_12_02.png,I67,White noise in color component,2,3.6,65.0,0,0,0,0,0
I67_12_03.png,I67,White noise in color component,3,3.17,54.25,0,0,0,1,0
I67_12_04.png,I67,White noise in color component,4,2.63,40.75,0,0,0,1,0
I67_12_05.png,I67,White noise in color component,5,2.43,35.75,0,0,0,1,1
I67.png,I67,none,0,,100.0,0,0,0,0,0
I68_16_01.png,I68,Brighten,1,4.73,93.25,0,0,0,0,0
I68_16_02.png,I68,Brighten,2,4.43,85.75,0,0,0,0,0
I68_16_03.png,I68,Brighten,3,3.3,57.5,0,0,1,0,0
I68_16_04.png,I68,Brighten,4,1.7,17.5,0,0,1,0,0
I68_16_05.png,I68,Brighten,5,1.5,12.5,0,0,1,0,1
I68_23_01.png,I68,Color block,1,2.57,39.25,0,0,0,0,0
I68_23_02.png,I68,Color block,2,2.5,37.5,0,0,0,0,0
I68_23_03.png,I68,Color block,3,2.5,37.5,0,0,0,0,1
I68_23_04.png,I68,Color block,4,2.2,30.0,0,0,0,0,1
I68_23_05.png,I68,Color block,5,1.93,23.25,0,0,0,0,1
I68_04_01.png,I68,Color diffusion,1,4.43,85.75,0,0,0,0,0
I68_04_02.png,I68,Color diffusion,2,3.03,50.75,0,0,0,0,0
I68_04_03.png,I68,Color diffusion,3,1.77,19.25,0,0,0,0,0
I68_04_04.png,I68,Color diffusion,4,1.47,11.75,0,0,0,0,0
I68_04_05.png,I68,Color diffusion,5,1.3,7.5,0,0,0,0,1
I68_06_01.png,I68,Color quantization,1,3.5,62.5,0,0,0,0,0
I68_06_02.png,I68,Color quantization,2,3.43,60.75,0,0,0,0,0
I68_06_03.png,I68,Color quantization,3,3.1,52.5,0,0,0,0,1
I68_06_04.png,I68,Color quantization,4,2.97,49.25,0,0,0,0,1
I68_06_05.png,I68,Color quantization,5,2.16,29.0,0,0,0,0,1
I68_07_01.png,I68,Color saturation 1,1,2.73,43.25,0,0,0,0,0
I68_07_02.png,I68,Color saturation 1,2,2.27,31.75,0,0,0,0,0
I68_07_03.png,I68,Color saturation 1,3,2.07,26.75,0,0,0,0,0
I68_07_04.png,I68,Color saturation 1,4,1.87,21.75,0,0,0,0,0
I68_07_05.png,I68,Color saturation 1,5,1.47,11.75,0,0,0,0,1
I68_08_01.png,I68,Color saturation 2,1,4.7,92.5,0,0,0,0,0
I68_08_02.png,I68,Color saturation 2,2,3.27,56.75,0,0,0,0,0
I68_08_03.png,I68,Color saturation 2,3,2.5,37.5,0,0,0,0,0
I68_08_04.png,I68,Color saturation 2,4,1.8,20.0,0,0,0,0,0
I68_08_05.png,I68,Color saturation 2,5,1.67,16.75,0,0,0,0,1
I68_05_01.png,I68,Color shift,1,4.07,76.75,0,0,0,0,0
I68_05_02.png,I68,Color shift,2,2.17,29.25,0,0,0,0,0
I68_05_03.png,I68,Color shift,3,1.5,12.5,0,0,0,0,0
I68_05_04.png,I68,Color shift,4,1.77,19.25,0,0,0,0,0
I68_05_05.png,I68,Color shift,5,1.77,19.25,0,0,0,0,1
I68_25_01.png,I68,Contrast change,1,3.5,62.5,0,0,0,0,0
I68_25_02.png,I68,Contrast change,2,4.23,80.75,0,0,0,0,0
I68_25_03.png,I68,Contrast change,3,4.47,86.75,0,0,0,0,0
I68_25_04.png,I68,Contrast change,4,4.03,75.75,0,0,0,0,0
I68_25_05.png,I68,Contrast change,5,3.4,60.0,0,0,0,0,1
I68_17_01.png,I68,Darken,1,4.5,87.5,0,0,0,0,0
I68_17_02.png,I68,Darken,2,4.7,92.5,0,0,0,0,0
I68_17_03.png,I68,Darken,3,4.27,81.75,0,1,0,0,0
I68_17_04.png,I68,Darken,4,3.6,65.0,0,1,0,0,0
I68_17_05.png,I68,Darken,5,2.27,31.75,0,1,0,0,1
I68_15_01.png,I68,Denoise,1,3.63,65.75,0,0,0,0,0
I68_15_02.png,I68,Denoise,2,2.35,33.75,0,0,0,0,0
I68_15_03.png,I68,Denoise,3,2.0,25.0,0,0,0,1,0
I68_15_04.png,I68,Denoise,4,1.4,10.0,0,0,0,1,0
I68_15_05.png,I68,Denoise,5,1.33,8.25,0,0,0,1,1
I68_01_01.png,I68,Gaussian blur,1,4.67,91.75,0,0,0,0,0
I68_01_02.png,I68,Gaussian blur,2,4.33,83.25,0,0,0,0,0
I68_01_03.png,I68,Gaussian blur,3,2.6,40.0,1,0,0,0,0
I68_01_04.png,I68,Gaussian blur,4,1.67,16.75,1,0,0,0,0
I68_01_05.png,I68,Gaussian blur,5,1.17,4.25,1,0,0,0,1
I68_24_01.png,I68,High sharpen,1,3.17,54.25,0,0,0,0,0
I68_24_02.png,I68,High sharpen,2,1.93,23.25,0,0,0,0,0
I68_24_03.png,I68,High sharpen,3,1.83,20.75,0,0,0,0,0
I68_24_04.png,I68,High sharpen,4,1.58,14.5,0,0,0,0,0
I68_24_05.png,I68,High sharpen,5,1.1,2.5,0,0,0,0,1
I68_13_01.png,I68,Impulse noise,1,3.3,57.5,0,0,0,0,0
I68_13_02.png,I68,Impulse noise,2,2.9,47.5,0,0,0,0,0
I68_13_03.png,I68,Impulse noise,3,2.77,44.25,0,0,0,1,0
I68_13_04.png,I68,Impulse noise,4,2.23,30.75,0,0,0,1,0
I68_13_05.png,I68,Impulse noise,5,2.53,38.25,0,0,0,1,1
I68_10_01.png,I68,JPEG,1,4.2,80.0,0,0,0,0,0
I68_10_02.png,I68,JPEG,2,4.13,78.25,0,0,0,0,0
I68_10_03.png,I68,JPEG,3,3.6,65.0,0,0,0,0,1
I68_10_04.png,I68,JPEG,4,1.97,24.25,0,0,0,0,1
I68_10_05.png,I68,JPEG,5,1.23,5.75,0,0,0,0,1
I68_09_01.png,I68,JPEG2000,1,4.67,91.75,0,0,0,0,0
I68_09_02.png,I68,JPEG2000,2,4.2,80.0,0,0,0,0,0
I68_09_03.png,I68,JPEG2000,3,3.65,66.25,0,0,0,0,1
I68_09_04.png,I68,JPEG2000,4,2.07,26.75,0,0,0,0,1
I68_09_05.png,I68,JPEG2000,5,1.27,6.75,0,0,0,0,1
I68_19_01.png,I68,Jitter,1,4.6,90.0,0,0,0,0,0
I68_19_02.png,I68,Jitter,2,4.2,80.0,0,0,0,0,0
I68_19_03.png,I68,Jitter,3,2.77,44.25,0,0,0,0,0
I68_19_04.png,I68,Jitter,4,1.77,19.25,0,0,0,0,0
I68_19_05.png,I68,Jitter,5,1.2,5.0,0,0,0,0,1
I68_02_01.png,I68,Lens blur,1,3.6,65.0,0,0,0,0,0
I68_02_02.png,I68,Lens blur,2,2.2,30.0,0,0,0,0,0
I68_02_03.png,I68,Lens blur,3,1.5,12.5,1,0,0,0,0
I68_02_04.png,I68,Lens blur,4,1.26,6.5,1,0,0,0,0
I68_02_05.png,I68,Lens blur,5,1.06,1.5,1,0,0,0,1
I68_18_01.png,I68,Mean shift,1,4.03,75.75,0,0,0,0,0
I68_18_02.png,I68,Mean shift,2,4.63,90.75,0,0,0,0,0
I68_18_03.png,I68,Mean shift,3,4.6,90.0,0,0,0,0,0
I68_18_04.png,I68,Mean shift,4,4.53,88.25,0,0,0,0,0
I68_18_05.png,I68,Mean shift,5,4.2,80.0,0,0,0,0,1
I68_03_01.png,I68,Motion blur,1,4.57,89.25,0,0,0,0,0
I68_03_02.png,I68,Motion blur,2,4.1,77.5,0,0,0,0,0
I68_03_03.png,I68,Motion blur,3,2.43,35.75,1,0,0,0,0
I68_03_04.png,I68,Motion blur,4,2.0,25.0,1,0,0,0,0
I68_03_05.png,I68,Motion blur,5,1.4,10.0,1,0,0,0,1
I68_14_01.png,I68,Multiplicative noise,1,4.6,90.0,0,0,0,0,0
I68_14_02.png,I68,Multiplicative noise,2,3.33,58.25,0,0,0,0,0
I68_14_03.png,I68,Multiplicative noise,3,2.9,47.5,0,0,0,1,0
I68_14_04.png,I68,Multiplicative noise,4,2.5,37.5,0,0,0,1,0
I68_14_05.png,I68,Multiplicative noise,5,1.87,21.75,0,0,0,1,1
I68_20_01.png,I68,Non-eccentricity patch,1,4.43,85.75,0,0,0,0,0
I68_20_02.png,I68,Non-eccentricity patch,2,4.0,75.0,0,0,0,0,0
I68_20_03.png,I68,Non-eccentricity patch,3,4.6,90.0,0,0,0,0,0
I68_20_04.png,I68,Non-eccentricity patch,4,2.87,46.75,0,0,0,0,0
I68_20_05.png,I68,Non-eccentricity patch,5,3.53,63.25,0,0,0,0,1
I68_21_01.png,I68,Pixelate,1,4.23,80.75,0,0,0,0,0
I68_21_02.png,I68,Pixelate,2,2.8,45.0,0,0,0,0,0
I68_21_03.png,I68,Pixelate,3,2.78,44.5,0,0,0,0,0
I68_21_04.png,I68,Pixelate,4,2.63,40.75,0,0,0,0,0
I68_21_05.png,I68,Pixelate,5,1.43,10.75,0,0,0,0,1
I68_22_01.png,I68,Quantization,1,4.27,81.75,0,0,0,0,0
I68_22_02.png,I68,Quantization,2,3.7,67.5,0,0,0,0,0
I68_22_03.png,I68,Quantization,3,3.77,69.25,0,0,0,0,0
I68_22_04.png,I68,Quantization,4,3.33,58.25,0,0,0,0,0
I68_22_05.png,I68,Quantization,5,2.9,47.5,0,0,0,0,1
I68_11_01.png,I68,White noise,1,3.9,72.5,0,0,0,0,0
I68_11_02.png,I68,White noise,2,3.07,51.75,0,0,0,0,0
I68_11_03.png,I68,White noise,3,2.73,43.25,0,0,0,1,0
I68_11_04.png,I68,White noise,4,2.8,45.0,0,0,0,1,0
I68_11_05.png,I68,White noise,5,2.17,29.25,0,0,0,1,1
I68_12_01.png,I68,White noise in color component,1,4.33,83.25,0,0,0,0,0
I68_12_02.png,I68,White noise in color component,2,3.2,55.0,0,0,0,0,0
I68_12_03.png,I68,White noise in color component,3,2.97,49.25,0,0,0,1,0
I68_12_04.png,I68,White noise in color component,4,2.5,37.5,0,0,0,1,0
I68_12_05.png,I68,White noise in color component,5,1.97,24.25,0,0,0,1,1
I68.png,I68,none,0,,100.0,0,0,0,0,0
I69_16_01.png,I69,Brighten,1,4.57,89.25,0,0,0,0,0
I69_16_02.png,I69,Brighten,2,4.1,77.5,0,0,0,0,0
I69_16_03.png,I69,Brighten,3,3.77,69.25,0,0,1,0,0
I69_16_04.png,I69,Brighten,4,3.33,58.25,0,0,1,0,0
I69_16_05.png,I69,Brighten,5,2.43,35.75,0,0,1,0,1
I69_23_01.png,I69,Color block,1,2.2,30.0,0,0,0,0,0
I69_23_02.png,I69,Color block,2,2.68,42.0,0,0,0,0,0
I69_23_03.png,I69,Color block,3,2.43,35.75,0,0,0,0,1
I69_23_04.png,I69,Color block,4,2.6,40.0,0,0,0,0,1
I69_23_05.png,I69,Color block,5,2.07,26.75,0,0,0,0,1
I69_04_01.png,I69,Color diffusion,1,4.39,84.75,0,0,0,0,0
I69_04_02.png,I69,Color diffusion,2,2.97,49.25,0,0,0,0,0
I69_04_03.png,I69,Color diffusion,3,1.57,14.25,0,0,0,0,0
I69_04_04.png,I69,Color diffusion,4,1.3,7.5,0,0,0,0,0
I69_04_05.png,I69,Color diffusion,5,1.17,4.25,0,0,0,0,1
I69_06_01.png,I69,Color quantization,1,4.27,81.75,0,0,0,0,0
I69_06_02.png,I69,Color quantization,2,3.7,67.5,0,0,0,0,0
I69_06_03.png,I69,Color quantization,3,3.63,65.75,0,0,0,0,1
I69_06_04.png,I69,Color quantization,4,3.27,56.75,0,0,0,0,1
I69_06_05.png,I69,Color quantization,5,2.73,43.25,0,0,0,0,1
I69_07_01.png,I69,Color saturation 1,1,2.47,36.75,0,0,0,0,0
I69_07_02.png,I69,Color saturation 1,2,2.48,37.0,0,0,0,0,0
I69_07_03.png,I69,Color saturation 1,3,2.39,34.75,0,0,0,0,0
I69_07_04.png,I69,Color saturation 1,4,2.3,32.5,0,0,0,0,0
I69_07_05.png,I69,Color saturation 1,5,2.58,39.5,0,0,0,0,1
I69_08_01.png,I69,Color saturation 2,1,4.3,82.5,0,0,0,0,0
I69_08_02.png,I69,Color saturation 2,2,3.69,67.25,0,0,0,0,0
I69_08_03.png,I69,Color saturation 2,3,3.23,55.75,0,0,0,0,0
I69_08_04.png,I69,Color saturation 2,4,2.0,25.0,0,0,0,0,0
I69_08_05.png,I69,Color saturation 2,5,1.57,14.25,0,0,0,0,1
I69_05_01.png,I69,Color shift,1,4.6,90.0,0,0,0,0,0
I69_05_02.png,I69,Color shift,2,3.0,50.0,0,0,0,0,0
I69_05_03.png,I69,Color shift,3,1.93,23.25,0,0,0,0,0
I69_05_04.png,I69,Color shift,4,2.13,28.25,0,0,0,0,0
I69_05_05.png,I69,Color shift,5,2.47,36.75,0,0,0,0,1
I69_25_01.png,I69,Contrast change,1,3.53,63.25,0,0,0,0,0
I69_25_02.png,I69,Contrast change,2,4.07,76.75,0,0,0,0,0
I69_25_03.png,I69,Contrast change,3,4.5,87.5,0,0,0,0,0
I69_25_04.png,I69,Contrast change,4,3.73,68.25,0,0,0,0,0
I69_25_05.png,I69,Contrast change,5,2.93,48.25,0,0,0,0,1
I69_17_01.png,I69,Darken,1,4.67,91.75,0,0,0,0,0
I69_17_02.png,I69,Darken,2,4.77,94.25,0,0,0,0,0
I69_17_03.png,I69,Darken,3,4.27,81.75,0,1,0,0,0
I69_17_04.png,I69,Darken,4,3.5,62.5,0,1,0,0,0
I69_17_05.png,I69,Darken,5,1.87,21.75,0,1,0,0,1
I69_15_01.png,I69,Denoise,1,3.77,69.25,0,0,0,0,0
I69_15_02.png,I69,Denoise,2,2.93,48.25,0,0,0,0,0
I69_15_03.png,I69,Denoise,3,2.47,36.75,0,0,0,1,0
I69_15_04.png,I69,Denoise,4,1.59,14.75,0,0,0,1,0
I69_15_05.png,I69,Denoise,5,1.33,8.25,0,0,0,1,1
I69_01_01.png,I69,Gaussian blur,1,4.48,87.0,0,0,0,0,0
I69_01_02.png,I69,Gaussian blur,2,4.63,90.75,0,0,0,0,0
I69_01_03.png,I69,Gaussian blur,3,3.4,60.0,1,0,0,0,0
I69_01_04.png,I69,Gaussian blur,4,2.13,28.25,1,0,0,0,0
I69_01_05.png,I69,Gaussian blur,5,1.4,10.0,1,0,0,0,1
I69_24_01.png,I69,High sharpen,1,3.87,71.75,0,0,0,0,0
I69_24_02.png,I69,High sharpen,2,3.4,60.0,0,0,0,0,0
I69_24_03.png,I69,High sharpen,3,2.47,36.75,0,0,0,0,0
I69_24_04.png,I69,High sharpen,4,1.5,12.5,0,0,0,0,0
I69_24_05.png,I69,High sharpen,5,1.37,9.25,0,0,0,0,1
I69_13_01.png,I69,Impulse noise,1,3.83,70.75,0,0,0,0,0
I69_13_02.png,I69,Impulse noise,2,2.97,49.25,0,0,0,0,0
I69_13_03.png,I69,Impulse noise,3,2.73,43.25,0,0,0,1,0
I69_13_04.png,I69,Impulse noise,4,2.57,39.25,0,0,0,1,0
I69_13_05.png,I69,Impulse noise,5,2.13,28.25,0,0,0,1,1
I69_10_01.png,I69,JPEG,1,4.07,76.75,0,0,0,0,0
I69_10_02.png,I69,JPEG,2,4.07,76.75,0,0,0,0,0
I69_10_03.png,I69,JPEG,3,4.0,75.0,0,0,0,0,1
I69_10_04.png,I69,JPEG,4,2.03,25.75,0,0,0,0,1
I69_10_05.png,I69,JPEG,5,1.27,6.75,0,0,0,0,1
I69_09_01.png,I69,JPEG2000,1,4.3,82.5,0,0,0,0,0
I69_09_02.png,I69,JPEG2000,2,4.67,91.75,0,0,0,0,0
I69_09_03.png,I69,JPEG2000,3,4.2,80.0,0,0,0,0,1
I69_09_04.png,I69,JPEG2000,4,3.1,52.5,0,0,0,0,1
I69_09_05.png,I69,JPEG2000,5,1.53,13.25,0,0,0,0,1
I69_19_01.png,I69,Jitter,1,4.27,81.75,0,0,0,0,0
I69_19_02.png,I69,Jitter,2,4.13,78.25,0,0,0,0,0
I69_19_03.png,I69,Jitter,3,3.03,50.75,0,0,0,0,0
I69_19_04.png,I69,Jitter,4,2.0,25.0,0,0,0,0,0
I69_19_05.png,I69,Jitter,5,1.3,7.5,0,0,0,0,1
I69_02_01.png,I69,Lens blur,1,4.03,75.75,0,0,0,0,0
I69_02_02.png,I69,Lens blur,2,3.23,55.75,0,0,0,0,0
I69_02_03.png,I69,Lens blur,3,1.5,12.5,1,0,0,0,0
I69_02_04.png,I69,Lens blur,4,1.4,10.0,1,0,0,0,0
I69_02_05.png,I69,Lens blur,5,1.4,10.0,1,0,0,0,1
I69_18_01.png,I69,Mean shift,1,4.07,76.75,0,0,0,0,0
I69_18_02.png,I69,Mean shift,2,4.53,88.25,0,0,0,0,0
I69_18_03.png,I69,Mean shift,3,4.67,91.75,0,0,0,0,0
I69_18_04.png,I69,Mean shift,4,4.43,85.75,0,0,0,0,0
I69_18_05.png,I69,Mean shift,5,4.17,79.25,0,0,0,0,1
I69_03_01.png,I69,Motion blur,1,4.5,87.5,0,0,0,0,0
I69_03_02.png,I69,Motion blur,2,4.1,77.5,0,0,0,0,0
I69_03_03.png,I69,Motion blur,3,3.3,57.5,1,0,0,0,0
I69_03_04.png,I69,Motion blur,4,2.4,35.0,1,0,0,0,0
I69_03_05.png,I69,Motion blur,5,1.87,21.75,1,0,0,0,1
I69_14_01.png,I69,Multiplicative noise,1,4.6,90.0,0,0,0,0,0
I69_14_02.png,I69,Multiplicative noise,2,4.1,77.5,0,0,0,0,0
I69_14_03.png,I69,Multiplicative noise,3,3.17,54.25,0,0,0,1,0
I69_14_04.png,I69,Multiplicative noise,4,2.93,48.25,0,0,0,1,0
I69_14_05.png,I69,Multiplicative noise,5,2.47,36.75,0,0,0,1,1
I69_20_01.png,I69,Non-eccentricity patch,1,4.5,87.5,0,0,0,0,0
I69_20_02.png,I69,Non-eccentricity patch,2,3.63,65.75,0,0,0,0,0
I69_20_03.png,I69,Non-eccentricity patch,3,4.3,82.5,0,0,0,0,0
I69_20_04.png,I69,Non-eccentricity patch,4,3.8,70.0,0,0,0,0,0
I69_20_05.png,I69,Non-eccentricity patch,5,3.37,59.25,0,0,0,0,1
I69_21_01.png,I69,Pixelate,1,3.6,65.0,0,0,0,0,0
I69_21_02.png,I69,Pixelate,2,3.2,55.0,0,0,0,0,0
I69_21_03.png,I69,Pixelate,3,3.23,55.75,0,0,0,0,0
I69_21_04.png,I69,Pixelate,4,3.23,55.75,0,0,0,0,0
I69_21_05.png,I69,Pixelate,5,1.57,14.25,0,0,0,0,1
I69_22_01.png,I69,Quantization,1,4.23,80.75,0,0,0,0,0
I69_22_02.png,I69,Quantization,2,4.33,83.25,0,0,0,0,0
I69_22_03.png,I69,Quantization,3,4.07,76.75,0,0,0,0,0
I69_22_04.png,I69,Quantization,4,3.77,69.25,0,0,0,0,0
I69_22_05.png,I69,Quantization,5,2.87,46.75,0,0,0,0,1
I69_11_01.png,I69,White noise,1,3.8,70.0,0,0,0,0,0
I69_11_02.png,I69,White noise,2,3.27,56.75,0,0,0,0,0
I69_11_03.png,I69,White noise,3,3.27,56.75,0,0,0,1,0
I69_11_04.png,I69,White noise,4,2.77,44.25,0,0,0,1,0
I69_11_05.png,I69,White noise,5,2.23,30.75,0,0,0,1,1
I69_12_01.png,I69,White noise in color component,1,4.37,84.25,0,0,0,0,0
I69_12_02.png,I69,White noise in color component,2,3.37,59.25,0,0,0,0,0
I69_12_03.png,I69,White noise in color component,3,3.13,53.25,0,0,0,1,0
I69_12_04.png,I69,White noise in color component,4,2.87,46.75,0,0,0,1,0
I69_12_05.png,I69,White noise in color component,5,2.27,31.75,0,0,0,1,1
I69.png,I69,none,0,,100.0,0,0,0,0,0
I70_16_01.png,I70,Brighten,1,4.7,92.5,0,0,0,0,0
I70_16_02.png,I70,Brighten,2,4.7,92.5,0,0,0,0,0
I70_16_03.png,I70,Brighten,3,4.03,75.75,0,0,1,0,0
I70_16_04.png,I70,Brighten,4,2.83,45.75,0,0,1,0,0
I70_16_05.png,I70,Brighten,5,2.13,28.25,0,0,1,0,1
I70_23_01.png,I70,Color block,1,3.4,60.0,0,0,0,0,0
I70_23_02.png,I70,Color block,2,2.43,35.75,0,0,0,0,0
I70_23_03.png,I70,Color block,3,2.47,36.75,0,0,0,0,1
I70_23_04.png,I70,Color block,4,2.67,41.75,0,0,0,0,1
I70_23_05.png,I70,Color block,5,2.33,33.25,0,0,0,0,1
I70_04_01.png,I70,Color diffusion,1,4.63,90.75,0,0,0,0,0
I70_04_02.png,I70,Color diffusion,2,2.93,48.25,0,0,0,0,0
I70_04_03.png,I70,Color diffusion,3,1.73,18.25,0,0,0,0,0
I70_04_04.png,I70,Color diffusion,4,1.33,8.25,0,0,0,0,0
I70_04_05.png,I70,Color diffusion,5,1.33,8.25,0,0,0,0,1
I70_06_01.png,I70,Color quantization,1,4.03,75.75,0,0,0,0,0
I70_06_02.png,I70,Color quantization,2,3.9,72.5,0,0,0,0,0
I70_06_03.png,I70,Color quantization,3,3.23,55.75,0,0,0,0,1
I70_06_04.png,I70,Color quantization,4,2.5,37.5,0,0,0,0,1
I70_06_05.png,I70,Color quantization,5,1.67,16.75,0,0,0,0,1
I70_07_01.png,I70,Color saturation 1,1,2.3,32.5,0,0,0,0,0
I70_07_02.png,I70,Color saturation 1,2,1.97,24.25,0,0,0,0,0
I70_07_03.png,I70,Color saturation 1,3,2.17,29.25,0,0,0,0,0
I70_07_04.png,I70,Color saturation 1,4,2.3,32.5,0,0,0,0,0
I70_07_05.png,I70,Color saturation 1,5,1.77,19.25,0,0,0,0,1
I70_08_01.png,I70,Color saturation 2,1,4.73,93.25,0,0,0,0,0
I70_08_02.png,I70,Color saturation 2,2,3.8,70.0,0,0,0,0,0
I70_08_03.png,I70,Color saturation 2,3,2.87,46.75,0,0,0,0,0
I70_08_04.png,I70,Color saturation 2,4,1.43,10.75,0,0,0,0,0
I70_08_05.png,I70,Color saturation 2,5,1.23,5.75,0,0,0,0,1
I70_05_01.png,I70,Color shift,1,4.23,80.75,0,0,0,0,0
I70_05_02.png,I70,Color shift,2,2.1,27.5,0,0,0,0,0
I70_05_03.png,I70,Color shift,3,1.83,20.75,0,0,0,0,0
I70_05_04.png,I70,Color shift,4,1.9,22.5,0,0,0,0,0
I70_05_05.png,I70,Color shift,5,1.7,17.5,0,0,0,0,1
I70_25_01.png,I70,Contrast change,1,3.8,70.0,0,0,0,0,0
I70_25_02.png,I70,Contrast change,2,4.0,75.0,0,0,0,0,0
I70_25_03.png,I70,Contrast change,3,4.63,90.75,0,0,0,0,0
I70_25_04.png,I70,Contrast change,4,4.23,80.75,0,0,0,0,0
I70_25_05.png,I70,Contrast change,5,3.0,50.0,0,0,0,0,1
I70_17_01.png,I70,Darken,1,4.7,92.5,0,0,0,0,0
I70_17_02.png,I70,Darken,2,4.7,92.5,0,0,0,0,0
I70_17_03.png,I70,Darken,3,4.53,88.25,0,1,0,0,0
I70_17_04.png,I70,Darken,4,3.97,74.25,0,1,0,0,0
I70_17_05.png,I70,Darken,5,2.43,35.75,0,1,0,0,1
I70_15_01.png,I70,Denoise,1,4.13,78.25,0,0,0,0,0
I70_15_02.png,I70,Denoise,2,2.87,46.75,0,0,0,0,0
I70_15_03.png,I70,Denoise,3,2.5,37.5,0,0,0,1,0
I70_15_04.png,I70,Denoise,4,1.77,19.25,0,0,0,1,0
I70_15_05.png,I70,Denoise,5,1.6,15.0,0,0,0,1,1
I70_01_01.png,I70,Gaussian blur,1,4.73,93.25,0,0,0,0,0
I70_01_02.png,I70,Gaussian blur,2,4.73,93.25,0,0,0,0,0
I70_01_03.png,I70,Gaussian blur,3,2.9,47.5,1,0,0,0,0
I70_01_04.png,I70,Gaussian blur,4,1.93,23.25,1,0,0,0,0
I70_01_05.png,I70,Gaussian blur,5,1.23,5.75,1,0,0,0,1
I70_24_01.png,I70,High sharpen,1,3.7,67.5,0,0,0,0,0
I70_24_02.png,I70,High sharpen,2,2.33,33.25,0,0,0,0,0
I70_24_03.png,I70,High sharpen,3,2.0,25.0,0,0,0,0,0
I70_24_04.png,I70,High sharpen,4,2.07,26.75,0,0,0,0,0
I70_24_05.png,I70,High sharpen,5,1.37,9.25,0,0,0,0,1
I70_13_01.png,I70,Impulse noise,1,3.77,69.25,0,0,0,0,0
I70_13_02.png,I70,Impulse noise,2,2.97,49.25,0,0,0,0,0
I70_13_03.png,I70,Impulse noise,3,2.53,38.25,0,0,0,1,0
I70_13_04.png,I70,Impulse noise,4,2.23,30.75,0,0,0,1,0
I70_13_05.png,I70,Impulse noise,5,2.07,26.75,0,0,0,1,1
I70_10_01.png,I70,JPEG,1,4.5,87.5,0,0,0,0,0
I70_10_02.png,I70,JPEG,2,4.4,85.0,0,0,0,0,0
I70_10_03.png,I70,JPEG,3,3.97,74.25,0,0,0,0,1
I70_10_04.png,I70,JPEG,4,2.23,30.75,0,0,0,0,1
I70_10_05.png,I70,JPEG,5,1.23,5.75,0,0,0,0,1
I70_09_01.png,I70,JPEG2000,1,4.6,90.0,0,0,0,0,0
I70_09_02.png,I70,JPEG2000,2,4.53,88.25,0,0,0,0,0
I70_09_03.png,I70,JPEG2000,3,4.07,76.75,0,0,0,0,1
I70_09_04.png,I70,JPEG2000,4,2.07,26.75,0,0,0,0,1
I70_09_05.png,I70,JPEG2000,5,1.23,5.75,0,0,0,0,1
I70_19_01.png,I70,Jitter,1,4.43,85.75,0,0,0,0,0
I70_19_02.png,I70,Jitter,2,3.9,72.5,0,0,0,0,0
I70_19_03.png,I70,Jitter,3,3.17,54.25,0,0,0,0,0
I70_19_04.png,I70,Jitter,4,1.57,14.25,0,0,0,0,0
I70_19_05.png,I70,Jitter,5,1.37,9.25,0,0,0,0,1
I70_02_01.png,I70,Lens blur,1,4.23,80.75,0,0,0,0,0
I70_02_02.png,I70,Lens blur,2,2.7,42.5,0,0,0,0,0
I70_02_03.png,I70,Lens blur,3,1.77,19.25,1,0,0,0,0
I70_02_04.png,I70,Lens blur,4,1.63,15.75,1,0,0,0,0
I70_02_05.png,I70,Lens blur,5,1.23,5.75,1,0,0,0,1
I70_18_01.png,I70,Mean shift,1,4.37,84.25,0,0,0,0,0
I70_18_02.png,I70,Mean shift,2,4.57,89.25,0,0,0,0,0
I70_18_03.png,I70,Mean shift,3,4.6,90.0,0,0,0,0,0
I70_18_04.png,I70,Mean shift,4,4.8,95.0,0,0,0,0,0
I70_18_05.png,I70,Mean shift,5,4.43,85.75,0,0,0,0,1
I70_03_01.png,I70,Motion blur,1,4.63,90.75,0,0,0,0,0
I70_03_02.png,I70,Motion blur,2,4.5,87.5,0,0,0,0,0
I70_03_03.png,I70,Motion blur,3,2.93,48.25,1,0,0,0,0
I70_03_04.png,I70,Motion blur,4,2.17,29.25,1,0,0,0,0
I70_03_05.png,I70,Motion blur,5,1.73,18.25,1,0,0,0,1
I70_14_01.png,I70,Multiplicative noise,1,4.57,89.25,0,0,0,0,0
I70_14_02.png,I70,Multiplicative noise,2,3.73,68.25,0,0,0,0,0
I70_14_03.png,I70,Multiplicative noise,3,3.07,51.75,0,0,0,1,0
I70_14_04.png,I70,Multiplicative noise,4,2.47,36.75,0,0,0,1,0
I70_14_05.png,I70,Multiplicative noise,5,2.1,27.5,0,0,0,1,1
I70_20_01.png,I70,Non-eccentricity patch,1,3.77,69.25,0,0,0,0,0
I70_20_02.png,I70,Non-eccentricity patch,2,4.1,77.5,0,0,0,0,0
I70_20_03.png,I70,Non-eccentricity patch,3,3.53,63.25,0,0,0,0,0
I70_20_04.png,I70,Non-eccentricity patch,4,3.17,54.25,0,0,0,0,0
I70_20_05.png,I70,Non-eccentricity patch,5,1.74,18.5,0,0,0,0,1
I70_21_01.png,I70,Pixelate,1,3.47,61.75,0,0,0,0,0
I70_21_02.png,I70,Pixelate,2,2.6,40.0,0,0,0,0,0
I70_21_03.png,I70,Pixelate,3,2.77,44.25,0,0,0,0,0
I70_21_04.png,I70,Pixelate,4,2.2,30.0,0,0,0,0,0
I70_21_05.png,I70,Pixelate,5,1.43,10.75,0,0,0,0,1
I70_22_01.png,I70,Quantization,1,4.63,90.75,0,0,0,0,0
I70_22_02.png,I70,Quantization,2,4.53,88.25,0,0,0,0,0
I70_22_03.png,I70,Quantization,3,4.37,84.25,0,0,0,0,0
I70_22_04.png,I70,Quantization,4,3.7,67.5,0,0,0,0,0
I70_22_05.png,I70,Quantization,5,2.73,43.25,0,0,0,0,1
I70_11_01.png,I70,White noise,1,4.4,85.0,0,0,0,0,0
I70_11_02.png,I70,White noise,2,3.5,62.5,0,0,0,0,0
I70_11_03.png,I70,White noise,3,2.83,45.75,0,0,0,1,0
I70_11_04.png,I70,White noise,4,2.7,42.5,0,0,0,1,0
I70_11_05.png,I70,White noise,5,2.03,25.75,0,0,0,1,1
I70_12_01.png,I70,White noise in color component,1,4.63,90.75,0,0,0,0,0
I70_12_02.png,I70,White noise in color component,2,4.03,75.75,0,0,0,0,0
I70_12_03.png,I70,White noise in color component,3,3.1,52.5,0,0,0,1,0
I70_12_04.png,I70,White noise in color component,4,2.5,37.5,0,0,0,1,0
I70_12_05.png,I70,White noise in color component,5,2.53,38.25,0,0,0,1,1
I70.png,I70,none,0,,100.0,0,0,0,0,0
I71_16_01.png,I71,Brighten,1,4.33,83.25,0,0,0,0,0
I71_16_02.png,I71,Brighten,2,4.17,79.25,0,0,0,0,0
I71_16_03.png,I71,Brighten,3,3.5,62.5,0,0,1,0,0
I71_16_04.png,I71,Brighten,4,2.17,29.25,0,0,1,0,0
I71_16_05.png,I71,Brighten,5,1.4,10.0,0,0,1,0,1
I71_23_01.png,I71,Color block,1,2.3,32.5,0,0,0,0,0
I71_23_02.png,I71,Color block,2,2.43,35.75,0,0,0,0,0
I71_23_03.png,I71,Color block,3,1.8,20.0,0,0,0,0,1
I71_23_04.png,I71,Color block,4,2.03,25.75,0,0,0,0,1
I71_23_05.png,I71,Color block,5,2.1,27.5,0,0,0,0,1
I71_04_01.png,I71,Color diffusion,1,4.1,77.5,0,0,0,0,0
I71_04_02.png,I71,Color diffusion,2,2.57,39.25,0,0,0,0,0
I71_04_03.png,I71,Color diffusion,3,1.37,9.25,0,0,0,0,0
I71_04_04.png,I71,Color diffusion,4,1.47,11.75,0,0,0,0,0
I71_04_05.png,I71,Color diffusion,5,1.2,5.0,0,0,0,0,1
I71_06_01.png,I71,Color quantization,1,3.7,67.5,0,0,0,0,0
I71_06_02.png,I71,Color quantization,2,3.8,70.0,0,0,0,0,0
I71_06_03.png,I71,Color quantization,3,3.33,58.25,0,0,0,0,1
I71_06_04.png,I71,Color quantization,4,3.23,55.75,0,0,0,0,1
I71_06_05.png,I71,Color quantization,5,2.67,41.75,0,0,0,0,1
I71_07_01.png,I71,Color saturation 1,1,3.0,50.0,0,0,0,0,0
I71_07_02.png,I71,Color saturation 1,2,2.47,36.75,0,0,0,0,0
I71_07_03.png,I71,Color saturation 1,3,2.4,35.0,0,0,0,0,0
I71_07_04.png,I71,Color saturation 1,4,2.0,25.0,0,0,0,0,0
I71_07_05.png,I71,Color saturation 1,5,1.87,21.75,0,0,0,0,1
I71_08_01.png,I71,Color saturation 2,1,4.77,94.25,0,0,0,0,0
I71_08_02.png,I71,Color saturation 2,2,3.2,55.0,0,0,0,0,0
I71_08_03.png,I71,Color saturation 2,3,2.52,38.0,0,0,0,0,0
I71_08_04.png,I71,Color saturation 2,4,1.7,17.5,0,0,0,0,0
I71_08_05.png,I71,Color saturation 2,5,1.27,6.75,0,0,0,0,1
I71_05_01.png,I71,Color shift,1,4.5,87.5,0,0,0,0,0
I71_05_02.png,I71,Color shift,2,2.27,31.75,0,0,0,0,0
I71_05_03.png,I71,Color shift,3,1.87,21.75,0,0,0,0,0
I71_05_04.png,I71,Color shift,4,1.87,21.75,0,0,0,0,0
I71_05_05.png,I71,Color shift,5,1.77,19.25,0,0,0,0,1
I71_25_01.png,I71,Contrast change,1,3.3,57.5,0,0,0,0,0
I71_25_02.png,I71,Contrast change,2,3.73,68.25,0,0,0,0,0
I71_25_03.png,I71,Contrast change,3,4.23,80.75,0,0,0,0,0
I71_25_04.png,I71,Contrast change,4,4.3,82.5,0,0,0,0,0
I71_25_05.png,I71,Contrast change,5,3.77,69.25,0,0,0,0,1
I71_17_01.png,I71,Darken,1,4.43,85.75,0,0,0,0,0
I71_17_02.png,I71,Darken,2,4.4,85.0,0,0,0,0,0
I71_17_03.png,I71,Darken,3,4.23,80.75,0,1,0,0,0
I71_17_04.png,I71,Darken,4,3.63,65.75,0,1,0,0,0
I71_17_05.png,I71,Darken,5,2.5,37.5,0,1,0,0,1
I71_15_01.png,I71,Denoise,1,3.0,50.0,0,0,0,0,0
I71_15_02.png,I71,Denoise,2,1.83,20.75,0,0,0,0,0
I71_15_03.png,I71,Denoise,3,1.67,16.75,0,0,0,1,0
I71_15_04.png,I71,Denoise,4,1.3,7.5,0,0,0,1,0
I71_15_05.png,I71,Denoise,5,1.17,4.25,0,0,0,1,1
I71_01_01.png,I71,Gaussian blur,1,4.63,90.75,0,0,0,0,0
I71_01_02.png,I71,Gaussian blur,2,4.34,83.5,0,0,0,0,0
I71_01_03.png,I71,Gaussian blur,3,2.7,42.5,1,0,0,0,0
I71_01_04.png,I71,Gaussian blur,4,1.4,10.0,1,0,0,0,0
I71_01_05.png,I71,Gaussian blur,5,1.23,5.75,1,0,0,0,1
I71_24_01.png,I71,High sharpen,1,3.77,69.25,0,0,0,0,0
I71_24_02.png,I71,High sharpen,2,2.93,48.25,0,0,0,0,0
I71_24_03.png,I71,High sharpen,3,2.27,31.75,0,0,0,0,0
I71_24_04.png,I71,High sharpen,4,1.8,20.0,0,0,0,0,0
I71_24_05.png,I71,High sharpen,5,1.3,7.5,0,0,0,0,1
I71_13_01.png,I71,Impulse noise,1,3.5,62.5,0,0,0,0,0
I71_13_02.png,I71,Impulse noise,2,2.6,40.0,0,0,0,0,0
I71_13_03.png,I71,Impulse noise,3,2.53,38.25,0,0,0,1,0
I71_13_04.png,I71,Impulse noise,4,2.4,35.0,0,0,0,1,0
I71_13_05.png,I71,Impulse noise,5,2.07,26.75,0,0,0,1,1
I71_10_01.png,I71,JPEG,1,4.27,81.75,0,0,0,0,0
I71_10_02.png,I71,JPEG,2,3.87,71.75,0,0,0,0,0
I71_10_03.png,I71,JPEG,3,3.19,54.75,0,0,0,0,1
I71_10_04.png,I71,JPEG,4,1.43,10.75,0,0,0,0,1
I71_10_05.png,I71,JPEG,5,1.33,8.25,0,0,0,0,1
I71_09_01.png,I71,JPEG2000,1,4.53,88.25,0,0,0,0,0
I71_09_02.png,I71,JPEG2000,2,3.87,71.75,0,0,0,0,0
I71_09_03.png,I71,JPEG2000,3,3.6,65.0,0,0,0,0,1
I71_09_04.png,I71,JPEG2000,4,1.87,21.75,0,0,0,0,1
I71_09_05.png,I71,JPEG2000,5,1.07,1.75,0,0,0,0,1
I71_19_01.png,I71,Jitter,1,4.53,88.25,0,0,0,0,0
I71_19_02.png,I71,Jitter,2,3.7,67.5,0,0,0,0,0
I71_19_03.png,I71,Jitter,3,2.87,46.75,0,0,0,0,0
I71_19_04.png,I71,Jitter,4,1.53,13.25,0,0,0,0,0
I71_19_05.png,I71,Jitter,5,1.6,15.0,0,0,0,0,1
I71_02_01.png,I71,Lens blur,1,3.68,67.0,0,0,0,0,0
I71_02_02.png,I71,Lens blur,2,2.33,33.25,0,0,0,0,0
I71_02_03.png,I71,Lens blur,3,1.77,19.25,1,0,0,0,0
I71_02_04.png,I71,Lens blur,4,1.4,10.0,1,0,0,0,0
I71_02_05.png,I71,Lens blur,5,1.27,6.75,1,0,0,0,1
I71_18_01.png,I71,Mean shift,1,3.73,68.25,0,0,0,0,0
I71_18_02.png,I71,Mean shift,2,4.3,82.5,0,0,0,0,0
I71_18_03.png,I71,Mean shift,3,4.63,90.75,0,0,0,0,0
I71_18_04.png,I71,Mean shift,4,4.2,80.0,0,0,0,0,0
I71_18_05.png,I71,Mean shift,5,3.81,70.25,0,0,0,0,1
I71_03_01.png,I71,Motion blur,1,4.47,86.75,0,0,0,0,0
I71_03_02.png,I71,Motion blur,2,3.3,57.5,0,0,0,0,0
I71_03_03.png,I71,Motion blur,3,2.87,46.75,1,0,0,0,0
I71_03_04.png,I71,Motion blur,4,2.03,25.75,1,0,0,0,0
I71_03_05.png,I71,Motion blur,5,1.5,12.5,1,0,0,0,1
I71_14_01.png,I71,Multiplicative noise,1,3.7,67.5,0,0,0,0,0
I71_14_02.png,I71,Multiplicative noise,2,2.87,46.75,0,0,0,0,0
I71_14_03.png,I71,Multiplicative noise,3,2.37,34.25,0,0,0,1,0
I71_14_04.png,I71,Multiplicative noise,4,1.87,21.75,0,0,0,1,0
I71_14_05.png,I71,Multiplicative noise,5,1.67,16.75,0,0,0,1,1
I71_20_01.png,I71,Non-eccentricity patch,1,4.47,86.75,0,0,0,0,0
I71_20_02.png,I71,Non-eccentricity patch,2,3.7,67.5,0,0,0,0,0
I71_20_03.png,I71,Non-eccentricity patch,3,2.73,43.25,0,0,0,0,0
I71_20_04.png,I71,Non-eccentricity patch,4,2.43,35.75,0,0,0,0,0
I71_20_05.png,I71,Non-eccentricity patch,5,2.63,40.75,0,0,0,0,1
I71_21_01.png,I71,Pixelate,1,3.43,60.75,0,0,0,0,0
I71_21_02.png,I71,Pixelate,2,2.93,48.25,0,0,0,0,0
I71_21_03.png,I71,Pixelate,3,2.6,40.0,0,0,0,0,0
I71_21_04.png,I71,Pixelate,4,2.63,40.75,0,0,0,0,0
I71_21_05.png,I71,Pixelate,5,1.5,12.5,0,0,0,0,1
I71_22_01.png,I71,Quantization,1,4.0,75.0,0,0,0,0,0
I71_22_02.png,I71,Quantization,2,3.53,63.25,0,0,0,0,0
I71_22_03.png,I71,Quantization,3,3.5,62.5,0,0,0,0,0
I71_22_04.png,I71,Quantization,4,3.17,54.25,0,0,0,0,0
I71_22_05.png,I71,Quantization,5,2.53,38.25,0,0,0,0,1
I71_11_01.png,I71,White noise,1,3.33,58.25,0,0,0,0,0
I71_11_02.png,I71,White noise,2,2.83,45.75,0,0,0,0,0
I71_11_03.png,I71,White noise,3,2.47,36.75,0,0,0,1,0
I71_11_04.png,I71,White noise,4,2.47,36.75,0,0,0,1,0
I71_11_05.png,I71,White noise,5,1.93,23.25,0,0,0,1,1
I71_12_01.png,I71,White noise in color component,1,4.27,81.75,0,0,0,0,0
I71_12_02.png,I71,White noise in color component,2,3.3,57.5,0,0,0,0,0
I71_12_03.png,I71,White noise in color component,3,2.77,44.25,0,0,0,1,0
I71_12_04.png,I71,White noise in color component,4,2.33,33.25,0,0,0,1,0
I71_12_05.png,I71,White noise in color component,5,2.2,30.0,0,0,0,1,1
I71.png,I71,none,0,,100.0,0,0,0,0,0
I72_16_01.png,I72,Brighten,1,4.57,89.25,0,0,0,0,0
I72_16_02.png,I72,Brighten,2,4.0,75.0,0,0,0,0,0
I72_16_03.png,I72,Brighten,3,3.33,58.25,0,0,1,0,0
I72_16_04.png,I72,Brighten,4,2.33,33.25,0,0,1,0,0
I72_16_05.png,I72,Brighten,5,1.55,13.75,0,0,1,0,1
I72_23_01.png,I72,Color block,1,2.2,30.0,0,0,0,0,0
I72_23_02.png,I72,Color block,2,2.33,33.25,0,0,0,0,0
I72_23_03.png,I72,Color block,3,1.93,23.25,0,0,0,0,1
I72_23_04.png,I72,Color block,4,1.8,20.0,0,0,0,0,1
I72_23_05.png,I72,Color block,5,1.97,24.25,0,0,0,0,1
I72_04_01.png,I72,Color diffusion,1,4.27,81.75,0,0,0,0,0
I72_04_02.png,I72,Color diffusion,2,2.63,40.75,0,0,0,0,0
I72_04_03.png,I72,Color diffusion,3,2.07,26.75,0,0,0,0,0
I72_04_04.png,I72,Color diffusion,4,1.5,12.5,0,0,0,0,0
I72_04_05.png,I72,Color diffusion,5,1.6,15.0,0,0,0,0,1
I72_06_01.png,I72,Color quantization,1,4.07,76.75,0,0,0,0,0
I72_06_02.png,I72,Color quantization,2,3.83,70.75,0,0,0,0,0
I72_06_03.png,I72,Color quantization,3,3.1,52.5,0,0,0,0,1
I72_06_04.png,I72,Color quantization,4,2.7,42.5,0,0,0,0,1
I72_06_05.png,I72,Color quantization,5,2.17,29.25,0,0,0,0,1
I72_07_01.png,I72,Color saturation 1,1,2.4,35.0,0,0,0,0,0
I72_07_02.png,I72,Color saturation 1,2,2.7,42.5,0,0,0,0,0
I72_07_03.png,I72,Color saturation 1,3,2.27,31.75,0,0,0,0,0
I72_07_04.png,I72,Color saturation 1,4,2.37,34.25,0,0,0,0,0
I72_07_05.png,I72,Color saturation 1,5,2.23,30.75,0,0,0,0,1
I72_08_01.png,I72,Color saturation 2,1,4.33,83.25,0,0,0,0,0
I72_08_02.png,I72,Color saturation 2,2,3.33,58.25,0,0,0,0,0
I72_08_03.png,I72,Color saturation 2,3,2.6,40.0,0,0,0,0,0
I72_08_04.png,I72,Color saturation 2,4,1.3,7.5,0,0,0,0,0
I72_08_05.png,I72,Color saturation 2,5,1.23,5.75,0,0,0,0,1
I72_05_01.png,I72,Color shift,1,4.17,79.25,0,0,0,0,0
I72_05_02.png,I72,Color shift,2,2.2,30.0,0,0,0,0,0
I72_05_03.png,I72,Color shift,3,1.57,14.25,0,0,0,0,0
I72_05_04.png,I72,Color shift,4,1.4,10.0,0,0,0,0,0
I72_05_05.png,I72,Color shift,5,1.27,6.75,0,0,0,0,1
I72_25_01.png,I72,Contrast change,1,2.5,37.5,0,0,0,0,0
I72_25_02.png,I72,Contrast change,2,3.6,65.0,0,0,0,0,0
I72_25_03.png,I72,Contrast change,3,4.07,76.75,0,0,0,0,0
I72_25_04.png,I72,Contrast change,4,4.2,80.0,0,0,0,0,0
I72_25_05.png,I72,Contrast change,5,3.5,62.5,0,0,0,0,1
I72_17_01.png,I72,Darken,1,4.5,87.5,0,0,0,0,0
I72_17_02.png,I72,Darken,2,4.43,85.75,0,0,0,0,0
I72_17_03.png,I72,Darken,3,4.6,90.0,0,1,0,0,0
I72_17_04.png,I72,Darken,4,3.67,66.75,0,1,0,0,0
I72_17_05.png,I72,Darken,5,2.2,30.0,0,1,0,0,1
I72_15_01.png,I72,Denoise,1,3.77,69.25,0,0,0,0,0
I72_15_02.png,I72,Denoise,2,2.9,47.5,0,0,0,0,0
I72_15_03.png,I72,Denoise,3,2.47,36.75,0,0,0,1,0
I72_15_04.png,I72,Denoise,4,1.77,19.25,0,0,0,1,0
I72_15_05.png,I72,Denoise,5,1.57,14.25,0,0,0,1,1
I72_01_01.png,I72,Gaussian blur,1,4.33,83.25,0,0,0,0,0
I72_01_02.png,I72,Gaussian blur,2,4.27,81.75,0,0,0,0,0
I72_01_03.png,I72,Gaussian blur,3,2.63,40.75,1,0,0,0,0
I72_01_04.png,I72,Gaussian blur,4,1.83,20.75,1,0,0,0,0
I72_01_05.png,I72,Gaussian blur,5,1.03,0.75,1,0,0,0,1
I72_24_01.png,I72,High sharpen,1,2.94,48.5,0,0,0,0,0
I72_24_02.png,I72,High sharpen,2,1.8,20.0,0,0,0,0,0
I72_24_03.png,I72,High sharpen,3,1.77,19.25,0,0,0,0,0
I72_24_04.png,I72,High sharpen,4,1.27,6.75,0,0,0,0,0
I72_24_05.png,I72,High sharpen,5,1.33,8.25,0,0,0,0,1
I72_13_01.png,I72,Impulse noise,1,3.87,71.75,0,0,0,0,0
I72_13_02.png,I72,Impulse noise,2,2.97,49.25,0,0,0,0,0
I72_13_03.png,I72,Impulse noise,3,2.63,40.75,0,0,0,1,0
I72_13_04.png,I72,Impulse noise,4,2.3,32.5,0,0,0,1,0
I72_13_05.png,I72,Impulse noise,5,2.1,27.5,0,0,0,1,1
I72_10_01.png,I72,JPEG,1,4.17,79.25,0,0,0,0,0
I72_10_02.png,I72,JPEG,2,4.03,75.75,0,0,0,0,0
I72_10_03.png,I72,JPEG,3,3.9,72.5,0,0,0,0,1
I72_10_04.png,I72,JPEG,4,1.83,20.75,0,0,0,0,1
I72_10_05.png,I72,JPEG,5,1.4,10.0,0,0,0,0,1
I72_09_01.png,I72,JPEG2000,1,4.47,86.75,0,0,0,0,0
I72_09_02.png,I72,JPEG2000,2,4.4,85.0,0,0,0,0,0
I72_09_03.png,I72,JPEG2000,3,4.06,76.5,0,0,0,0,1
I72_09_04.png,I72,JPEG2000,4,2.17,29.25,0,0,0,0,1
I72_09_05.png,I72,JPEG2000,5,1.4,10.0,0,0,0,0,1
I72_19_01.png,I72,Jitter,1,4.2,80.0,0,0,0,0,0
I72_19_02.png,I72,Jitter,2,3.6,65.0,0,0,0,0,0
I72_19_03.png,I72,Jitter,3,2.5,37.5,0,0,0,0,0
I72_19_04.png,I72,Jitter,4,1.53,13.25,0,0,0,0,0
I72_19_05.png,I72,Jitter,5,1.3,7.5,0,0,0,0,1
I72_02_01.png,I72,Lens blur,1,3.47,61.75,0,0,0,0,0
I72_02_02.png,I72,Lens blur,2,2.33,33.25,0,0,0,0,0
I72_02_03.png,I72,Lens blur,3,1.6,15.0,1,0,0,0,0
I72_02_04.png,I72,Lens blur,4,1.27,6.75,1,0,0,0,0
I72_02_05.png,I72,Lens blur,5,1.13,3.25,1,0,0,0,1
I72_18_01.png,I72,Mean shift,1,3.47,61.75,0,0,0,0,0
I72_18_02.png,I72,Mean shift,2,4.23,80.75,0,0,0,0,0
I72_18_03.png,I72,Mean shift,3,4.5,87.5,0,0,0,0,0
I72_18_04.png,I72,Mean shift,4,4.17,79.25,0,0,0,0,0
I72_18_05.png,I72,Mean shift,5,3.87,71.75,0,0,0,0,1
I72_03_01.png,I72,Motion blur,1,4.53,88.25,0,0,0,0,0
I72_03_02.png,I72,Motion blur,2,4.07,76.75,0,0,0,0,0
I72_03_03.png,I72,Motion blur,3,2.93,48.25,1,0,0,0,0
I72_03_04.png,I72,Motion blur,4,1.9,22.5,1,0,0,0,0
I72_03_05.png,I72,Motion blur,5,1.5,12.5,1,0,0,0,1
I72_14_01.png,I72,Multiplicative noise,1,4.33,83.25,0,0,0,0,0
I72_14_02.png,I72,Multiplicative noise,2,3.23,55.75,0,0,0,0,0
I72_14_03.png,I72,Multiplicative noise,3,2.52,38.0,0,0,0,1,0
I72_14_04.png,I72,Multiplicative noise,4,2.43,35.75,0,0,0,1,0
I72_14_05.png,I72,Multiplicative noise,5,1.7,17.5,0,0,0,1,1
I72_20_01.png,I72,Non-eccentricity patch,1,4.43,85.75,0,0,0,0,0
I72_20_02.png,I72,Non-eccentricity patch,2,3.9,72.5,0,0,0,0,0
I72_20_03.png,I72,Non-eccentricity patch,3,3.9,72.5,0,0,0,0,0
I72_20_04.png,I72,Non-eccentricity patch,4,3.6,65.0,0,0,0,0,0
I72_20_05.png,I72,Non-eccentricity patch,5,4.1,77.5,0,0,0,0,1
I72_21_01.png,I72,Pixelate,1,3.73,68.25,0,0,0,0,0
I72_21_02.png,I72,Pixelate,2,2.37,34.25,0,0,0,0,0
I72_21_03.png,I72,Pixelate,3,1.97,24.25,0,0,0,0,0
I72_21_04.png,I72,Pixelate,4,2.07,26.75,0,0,0,0,0
I72_21_05.png,I72,Pixelate,5,1.23,5.75,0,0,0,0,1
I72_22_01.png,I72,Quantization,1,4.5,87.5,0,0,0,0,0
I72_22_02.png,I72,Quantization,2,4.1,77.5,0,0,0,0,0
I72_22_03.png,I72,Quantization,3,3.87,71.75,0,0,0,0,0
I72_22_04.png,I72,Quantization,4,3.53,63.25,0,0,0,0,0
I72_22_05.png,I72,Quantization,5,3.3,57.5,0,0,0,0,1
I72_11_01.png,I72,White noise,1,3.93,73.25,0,0,0,0,0
I72_11_02.png,I72,White noise,2,3.5,62.5,0,0,0,0,0
I72_11_03.png,I72,White noise,3,3.0,50.0,0,0,0,1,0
I72_11_04.png,I72,White noise,4,2.5,37.5,0,0,0,1,0
I72_11_05.png,I72,White noise,5,2.33,33.25,0,0,0,1,1
I72_12_01.png,I72,White noise in color component,1,4.3,82.5,0,0,0,0,0
I72_12_02.png,I72,White noise in color component,2,3.53,63.25,0,0,0,0,0
I72_12_03.png,I72,White noise in color component,3,3.23,55.75,0,0,0,1,0
I72_12_04.png,I72,White noise in color component,4,2.63,40.75,0,0,0,1,0
I72_12_05.png,I72,White noise in color component,5,2.1,27.5,0,0,0,1,1
I72.png,I72,none,0,,100.0,0,0,0,0,0
I73_16_01.png,I73,Brighten,1,4.57,89.25,0,0,0,0,0
I73_16_02.png,I73,Brighten,2,4.37,84.25,0,0,0,0,0
I73_16_03.png,I73,Brighten,3,4.0,75.0,0,0,1,0,0
I73_16_04.png,I73,Brighten,4,3.1,52.5,0,0,1,0,0
I73_16_05.png,I73,Brighten,5,2.17,29.25,0,0,1,0,1
I73_23_01.png,I73,Color block,1,2.83,45.75,0,0,0,0,0
I73_23_02.png,I73,Color block,2,2.33,33.25,0,0,0,0,0
I73_23_03.png,I73,Color block,3,2.47,36.75,0,0,0,0,1
I73_23_04.png,I73,Color block,4,2.07,26.75,0,0,0,0,1
I73_23_05.png,I73,Color block,5,2.53,38.25,0,0,0,0,1
I73_04_01.png,I73,Color diffusion,1,4.5,87.5,0,0,0,0,0
I73_04_02.png,I73,Color diffusion,2,3.03,50.75,0,0,0,0,0
I73_04_03.png,I73,Color diffusion,3,2.03,25.75,0,0,0,0,0
I73_04_04.png,I73,Color diffusion,4,1.7,17.5,0,0,0,0,0
I73_04_05.png,I73,Color diffusion,5,1.4,10.0,0,0,0,0,1
I73_06_01.png,I73,Color quantization,1,4.53,88.25,0,0,0,0,0
I73_06_02.png,I73,Color quantization,2,4.27,81.75,0,0,0,0,0
I73_06_03.png,I73,Color quantization,3,4.07,76.75,0,0,0,0,1
I73_06_04.png,I73,Color quantization,4,3.43,60.75,0,0,0,0,1
I73_06_05.png,I73,Color quantization,5,3.2,55.0,0,0,0,0,1
I73_07_01.png,I73,Color saturation 1,1,3.07,51.75,0,0,0,0,0
I73_07_02.png,I73,Color saturation 1,2,2.57,39.25,0,0,0,0,0
I73_07_03.png,I73,Color saturation 1,3,2.2,30.0,0,0,0,0,0
I73_07_04.png,I73,Color saturation 1,4,2.37,34.25,0,0,0,0,0
I73_07_05.png,I73,Color saturation 1,5,1.83,20.75,0,0,0,0,1
I73_08_01.png,I73,Color saturation 2,1,4.57,89.25,0,0,0,0,0
I73_08_02.png,I73,Color saturation 2,2,3.33,58.25,0,0,0,0,0
I73_08_03.png,I73,Color saturation 2,3,2.97,49.25,0,0,0,0,0
I73_08_04.png,I73,Color saturation 2,4,2.07,26.75,0,0,0,0,0
I73_08_05.png,I73,Color saturation 2,5,1.94,23.5,0,0,0,0,1
I73_05_01.png,I73,Color shift,1,4.07,76.75,0,0,0,0,0
I73_05_02.png,I73,Color shift,2,3.2,55.0,0,0,0,0,0
I73_05_03.png,I73,Color shift,3,2.4,35.0,0,0,0,0,0
I73_05_04.png,I73,Color shift,4,2.47,36.75,0,0,0,0,0
I73_05_05.png,I73,Color shift,5,1.73,18.25,0,0,0,0,1
I73_25_01.png,I73,Contrast change,1,3.57,64.25,0,0,0,0,0
I73_25_02.png,I73,Contrast change,2,4.09,77.25,0,0,0,0,0
I73_25_03.png,I73,Contrast change,3,4.5,87.5,0,0,0,0,0
I73_25_04.png,I73,Contrast change,4,4.23,80.75,0,0,0,0,0
I73_25_05.png,I73,Contrast change,5,3.33,58.25,0,0,0,0,1
I73_17_01.png,I73,Darken,1,4.83,95.75,0,0,0,0,0
I73_17_02.png,I73,Darken,2,4.6,90.0,0,0,0,0,0
I73_17_03.png,I73,Darken,3,4.33,83.25,0,1,0,0,0
I73_17_04.png,I73,Darken,4,3.83,70.75,0,1,0,0,0
I73_17_05.png,I73,Darken,5,2.83,45.75,0,1,0,0,1
I73_15_01.png,I73,Denoise,1,3.8,70.0,0,0,0,0,0
I73_15_02.png,I73,Denoise,2,2.63,40.75,0,0,0,0,0
I73_15_03.png,I73,Denoise,3,2.07,26.75,0,0,0,1,0
I73_15_04.png,I73,Denoise,4,1.8,20.0,0,0,0,1,0
I73_15_05.png,I73,Denoise,5,1.63,15.75,0,0,0,1,1
I73_01_01.png,I73,Gaussian blur,1,4.63,90.75,0,0,0,0,0
I73_01_02.png,I73,Gaussian blur,2,4.6,90.0,0,0,0,0,0
I73_01_03.png,I73,Gaussian blur,3,3.13,53.25,1,0,0,0,0
I73_01_04.png,I73,Gaussian blur,4,1.93,23.25,1,0,0,0,0
I73_01_05.png,I73,Gaussian blur,5,1.17,4.25,1,0,0,0,1
I73_24_01.png,I73,High sharpen,1,4.3,82.5,0,0,0,0,0
I73_24_02.png,I73,High sharpen,2,3.2,55.0,0,0,0,0,0
I73_24_03.png,I73,High sharpen,3,2.47,36.75,0,0,0,0,0
I73_24_04.png,I73,High sharpen,4,2.0,25.0,0,0,0,0,0
I73_24_05.png,I73,High sharpen,5,1.53,13.25,0,0,0,0,1
I73_13_01.png,I73,Impulse noise,1,3.03,50.75,0,0,0,0,0
I73_13_02.png,I73,Impulse noise,2,2.73,43.25,0,0,0,0,0
I73_13_03.png,I73,Impulse noise,3,2.47,36.75,0,0,0,1,0
I73_13_04.png,I73,Impulse noise,4,2.4,35.0,0,0,0,1,0
I73_13_05.png,I73,Impulse noise,5,2.2,30.0,0,0,0,1,1
I73_10_01.png,I73,JPEG,1,4.53,88.25,0,0,0,0,0
I73_10_02.png,I73,JPEG,2,4.07,76.75,0,0,0,0,0
I73_10_03.png,I73,JPEG,3,3.63,65.75,0,0,0,0,1
I73_10_04.png,I73,JPEG,4,2.0,25.0,0,0,0,0,1
I73_10_05.png,I73,JPEG,5,1.27,6.75,0,0,0,0,1
I73_09_01.png,I73,JPEG2000,1,4.73,93.25,0,0,0,0,0
I73_09_02.png,I73,JPEG2000,2,3.93,73.25,0,0,0,0,0
I73_09_03.png,I73,JPEG2000,3,2.93,48.25,0,0,0,0,1
I73_09_04.png,I73,JPEG2000,4,1.8,20.0,0,0,0,0,1
I73_09_05.png,I73,JPEG2000,5,1.43,10.75,0,0,0,0,1
I73_19_01.png,I73,Jitter,1,4.57,89.25,0,0,0,0,0
I73_19_02.png,I73,Jitter,2,4.03,75.75,0,0,0,0,0
I73_19_03.png,I73,Jitter,3,2.93,48.25,0,0,0,0,0
I73_19_04.png,I73,Jitter,4,1.67,16.75,0,0,0,0,0
I73_19_05.png,I73,Jitter,5,1.16,4.0,0,0,0,0,1
I73_02_01.png,I73,Lens blur,1,4.33,83.25,0,0,0,0,0
I73_02_02.png,I73,Lens blur,2,2.35,33.75,0,0,0,0,0
I73_02_03.png,I73,Lens blur,3,1.8,20.0,1,0,0,0,0
I73_02_04.png,I73,Lens blur,4,1.3,7.5,1,0,0,0,0
I73_02_05.png,I73,Lens blur,5,1.17,4.25,1,0,0,0,1
I73_18_01.png,I73,Mean shift,1,4.17,79.25,0,0,0,0,0
I73_18_02.png,I73,Mean shift,2,4.3,82.5,0,0,0,0,0
I73_18_03.png,I73,Mean shift,3,4.63,90.75,0,0,0,0,0
I73_18_04.png,I73,Mean shift,4,4.5,87.5,0,0,0,0,0
I73_18_05.png,I73,Mean shift,5,4.27,81.75,0,0,0,0,1
I73_03_01.png,I73,Motion blur,1,4.63,90.75,0,0,0,0,0
I73_03_02.png,I73,Motion blur,2,4.43,85.75,0,0,0,0,0
I73_03_03.png,I73,Motion blur,3,3.37,59.25,1,0,0,0,0
I73_03_04.png,I73,Motion blur,4,2.2,30.0,1,0,0,0,0
I73_03_05.png,I73,Motion blur,5,1.77,19.25,1,0,0,0,1
I73_14_01.png,I73,Multiplicative noise,1,4.6,90.0,0,0,0,0,0
I73_14_02.png,I73,Multiplicative noise,2,3.5,62.5,0,0,0,0,0
I73_14_03.png,I73,Multiplicative noise,3,2.73,43.25,0,0,0,1,0
I73_14_04.png,I73,Multiplicative noise,4,2.63,40.75,0,0,0,1,0
I73_14_05.png,I73,Multiplicative noise,5,1.93,23.25,0,0,0,1,1
I73_20_01.png,I73,Non-eccentricity patch,1,3.33,58.25,0,0,0,0,0
I73_20_02.png,I73,Non-eccentricity patch,2,3.87,71.75,0,0,0,0,0
I73_20_03.png,I73,Non-eccentricity patch,3,2.43,35.75,0,0,0,0,0
I73_20_04.png,I73,Non-eccentricity patch,4,3.35,58.75,0,0,0,0,0
I73_20_05.png,I73,Non-eccentricity patch,5,2.4,35.0,0,0,0,0,1
I73_21_01.png,I73,Pixelate,1,2.83,45.75,0,0,0,0,0
I73_21_02.png,I73,Pixelate,2,2.7,42.5,0,0,0,0,0
I73_21_03.png,I73,Pixelate,3,2.1,27.5,0,0,0,0,0
I73_21_04.png,I73,Pixelate,4,2.07,26.75,0,0,0,0,0
I73_21_05.png,I73,Pixelate,5,1.33,8.25,0,0,0,0,1
I73_22_01.png,I73,Quantization,1,4.33,83.25,0,0,0,0,0
I73_22_02.png,I73,Quantization,2,4.17,79.25,0,0,0,0,0
I73_22_03.png,I73,Quantization,3,3.8,70.0,0,0,0,0,0
I73_22_04.png,I73,Quantization,4,3.27,56.75,0,0,0,0,0
I73_22_05.png,I73,Quantization,5,2.93,48.25,0,0,0,0,1
I73_11_01.png,I73,White noise,1,3.93,73.25,0,0,0,0,0
I73_11_02.png,I73,White noise,2,3.53,63.25,0,0,0,0,0
I73_11_03.png,I73,White noise,3,2.57,39.25,0,0,0,1,0
I73_11_04.png,I73,White noise,4,2.73,43.25,0,0,0,1,0
I73_11_05.png,I73,White noise,5,2.26,31.5,0,0,0,1,1
I73_12_01.png,I73,White noise in color component,1,4.6,90.0,0,0,0,0,0
I73_12_02.png,I73,White noise in color component,2,3.57,64.25,0,0,0,0,0
I73_12_03.png,I73,White noise in color component,3,3.03,50.75,0,0,0,1,0
I73_12_04.png,I73,White noise in color component,4,2.47,36.75,0,0,0,1,0
I73_12_05.png,I73,White noise in color component,5,2.23,30.75,0,0,0,1,1
I73.png,I73,none,0,,100.0,0,0,0,0,0
I74_16_01.png,I74,Brighten,1,4.3,82.5,0,0,0,0,0
I74_16_02.png,I74,Brighten,2,4.42,85.5,0,0,0,0,0
I74_16_03.png,I74,Brighten,3,3.67,66.75,0,0,1,0,0
I74_16_04.png,I74,Brighten,4,2.6,40.0,0,0,1,0,0
I74_16_05.png,I74,Brighten,5,1.77,19.25,0,0,1,0,1
I74_23_01.png,I74,Color block,1,2.27,31.75,0,0,0,0,0
I74_23_02.png,I74,Color block,2,2.3,32.5,0,0,0,0,0
I74_23_03.png,I74,Color block,3,2.23,30.75,0,0,0,0,1
I74_23_04.png,I74,Color block,4,1.83,20.75,0,0,0,0,1
I74_23_05.png,I74,Color block,5,2.03,25.75,0,0,0,0,1
I74_04_01.png,I74,Color diffusion,1,4.58,89.5,0,0,0,0,0
I74_04_02.png,I74,Color diffusion,2,2.9,47.5,0,0,0,0,0
I74_04_03.png,I74,Color diffusion,3,2.47,36.75,0,0,0,0,0
I74_04_04.png,I74,Color diffusion,4,2.13,28.25,0,0,0,0,0
I74_04_05.png,I74,Color diffusion,5,1.57,14.25,0,0,0,0,1
I74_06_01.png,I74,Color quantization,1,4.3,82.5,0,0,0,0,0
I74_06_02.png,I74,Color quantization,2,4.23,80.75,0,0,0,0,0
I74_06_03.png,I74,Color quantization,3,4.1,77.5,0,0,0,0,1
I74_06_04.png,I74,Color quantization,4,3.23,55.75,0,0,0,0,1
I74_06_05.png,I74,Color quantization,5,2.77,44.25,0,0,0,0,1
I74_07_01.png,I74,Color saturation 1,1,2.73,43.25,0,0,0,0,0
I74_07_02.png,I74,Color saturation 1,2,2.33,33.25,0,0,0,0,0
I74_07_03.png,I74,Color saturation 1,3,2.8,45.0,0,0,0,0,0
I74_07_04.png,I74,Color saturation 1,4,2.1,27.5,0,0,0,0,0
I74_07_05.png,I74,Color saturation 1,5,2.4,35.0,0,0,0,0,1
I74_08_01.png,I74,Color saturation 2,1,4.6,90.0,0,0,0,0,0
I74_08_02.png,I74,Color saturation 2,2,3.0,50.0,0,0,0,0,0
I74_08_03.png,I74,Color saturation 2,3,2.63,40.75,0,0,0,0,0
I74_08_04.png,I74,Color saturation 2,4,1.83,20.75,0,0,0,0,0
I74_08_05.png,I74,Color saturation 2,5,1.63,15.75,0,0,0,0,1
I74_05_01.png,I74,Color shift,1,4.6,90.0,0,0,0,0,0
I74_05_02.png,I74,Color shift,2,2.9,47.5,0,0,0,0,0
I74_05_03.png,I74,Color shift,3,1.8,20.0,0,0,0,0,0
I74_05_04.png,I74,Color shift,4,1.8,20.0,0,0,0,0,0
I74_05_05.png,I74,Color shift,5,1.3,7.5,0,0,0,0,1
I74_25_01.png,I74,Contrast change,1,3.5,62.5,0,0,0,0,0
I74_25_02.png,I74,Contrast change,2,3.87,71.75,0,0,0,0,0
I74_25_03.png,I74,Contrast change,3,4.43,85.75,0,0,0,0,0
I74_25_04.png,I74,Contrast change,4,3.9,72.5,0,0,0,0,0
I74_25_05.png,I74,Contrast change,5,3.03,50.75,0,0,0,0,1
I74_17_01.png,I74,Darken,1,4.8,95.0,0,0,0,0,0
I74_17_02.png,I74,Darken,2,4.33,83.25,0,0,0,0,0
I74_17_03.png,I74,Darken,3,4.17,79.25,0,1,0,0,0
I74_17_04.png,I74,Darken,4,4.0,75.0,0,1,0,0,0
I74_17_05.png,I74,Darken,5,2.67,41.75,0,1,0,0,1
I74_15_01.png,I74,Denoise,1,4.07,76.75,0,0,0,0,0
I74_15_02.png,I74,Denoise,2,3.07,51.75,0,0,0,0,0
I74_15_03.png,I74,Denoise,3,2.53,38.25,0,0,0,1,0
I74_15_04.png,I74,Denoise,4,1.93,23.25,0,0,0,1,0
I74_15_05.png,I74,Denoise,5,1.87,21.75,0,0,0,1,1
I74_01_01.png,I74,Gaussian blur,1,4.7,92.5,0,0,0,0,0
I74_01_02.png,I74,Gaussian blur,2,4.43,85.75,0,0,0,0,0
I74_01_03.png,I74,Gaussian blur,3,3.0,50.0,1,0,0,0,0
I74_01_04.png,I74,Gaussian blur,4,2.1,27.5,1,0,0,0,0
I74_01_05.png,I74,Gaussian blur,5,1.4,10.0,1,0,0,0,1
I74_24_01.png,I74,High sharpen,1,3.63,65.75,0,0,0,0,0
I74_24_02.png,I74,High sharpen,2,2.63,40.75,0,0,0,0,0
I74_24_03.png,I74,High sharpen,3,2.33,33.25,0,0,0,0,0
I74_24_04.png,I74,High sharpen,4,1.73,18.25,0,0,0,0,0
I74_24_05.png,I74,High sharpen,5,1.3,7.5,0,0,0,0,1
I74_13_01.png,I74,Impulse noise,1,4.2,80.0,0,0,0,0,0
I74_13_02.png,I74,Impulse noise,2,3.73,68.25,0,0,0,0,0
I74_13_03.png,I74,Impulse noise,3,3.0,50.0,0,0,0,1,0
I74_13_04.png,I74,Impulse noise,4,2.6,40.0,0,0,0,1,0
I74_13_05.png,I74,Impulse noise,5,2.13,28.25,0,0,0,1,1
I74_10_01.png,I74,JPEG,1,4.37,84.25,0,0,0,0,0
I74_10_02.png,I74,JPEG,2,4.5,87.5,0,0,0,0,0
I74_10_03.png,I74,JPEG,3,4.13,78.25,0,0,0,0,1
I74_10_04.png,I74,JPEG,4,2.9,47.5,0,0,0,0,1
I74_10_05.png,I74,JPEG,5,2.03,25.75,0,0,0,0,1
I74_09_01.png,I74,JPEG2000,1,4.4,85.0,0,0,0,0,0
I74_09_02.png,I74,JPEG2000,2,4.57,89.25,0,0,0,0,0
I74_09_03.png,I74,JPEG2000,3,4.03,75.75,0,0,0,0,1
I74_09_04.png,I74,JPEG2000,4,2.57,39.25,0,0,0,0,1
I74_09_05.png,I74,JPEG2000,5,1.23,5.75,0,0,0,0,1
I74_19_01.png,I74,Jitter,1,4.33,83.25,0,0,0,0,0
I74_19_02.png,I74,Jitter,2,4.1,77.5,0,0,0,0,0
I74_19_03.png,I74,Jitter,3,2.73,43.25,0,0,0,0,0
I74_19_04.png,I74,Jitter,4,1.5,12.5,0,0,0,0,0
I74_19_05.png,I74,Jitter,5,1.53,13.25,0,0,0,0,1
I74_02_01.png,I74,Lens blur,1,4.1,77.5,0,0,0,0,0
I74_02_02.png,I74,Lens blur,2,2.87,46.75,0,0,0,0,0
I74_02_03.png,I74,Lens blur,3,1.83,20.75,1,0,0,0,0
I74_02_04.png,I74,Lens blur,4,1.37,9.25,1,0,0,0,0
I74_02_05.png,I74,Lens blur,5,1.39,9.75,1,0,0,0,1
I74_18_01.png,I74,Mean shift,1,4.2,80.0,0,0,0,0,0
I74_18_02.png,I74,Mean shift,2,4.6,90.0,0,0,0,0,0
I74_18_03.png,I74,Mean shift,3,4.43,85.75,0,0,0,0,0
I74_18_04.png,I74,Mean shift,4,4.4,85.0,0,0,0,0,0
I74_18_05.png,I74,Mean shift,5,3.87,71.75,0,0,0,0,1
I74_03_01.png,I74,Motion blur,1,4.57,89.25,0,0,0,0,0
I74_03_02.png,I74,Motion blur,2,4.33,83.25,0,0,0,0,0
I74_03_03.png,I74,Motion blur,3,3.0,50.0,1,0,0,0,0
I74_03_04.png,I74,Motion blur,4,2.27,31.75,1,0,0,0,0
I74_03_05.png,I74,Motion blur,5,1.73,18.25,1,0,0,0,1
I74_14_01.png,I74,Multiplicative noise,1,4.67,91.75,0,0,0,0,0
I74_14_02.png,I74,Multiplicative noise,2,4.3,82.5,0,0,0,0,0
I74_14_03.png,I74,Multiplicative noise,3,3.73,68.25,0,0,0,1,0
I74_14_04.png,I74,Multiplicative noise,4,3.0,50.0,0,0,0,1,0
I74_14_05.png,I74,Multiplicative noise,5,2.6,40.0,0,0,0,1,1
I74_20_01.png,I74,Non-eccentricity patch,1,4.3,82.5,0,0,0,0,0
I74_20_02.png,I74,Non-eccentricity patch,2,3.67,66.75,0,0,0,0,0
I74_20_03.png,I74,Non-eccentricity patch,3,3.63,65.75,0,0,0,0,0
I74_20_04.png,I74,Non-eccentricity patch,4,3.1,52.5,0,0,0,0,0
I74_20_05.png,I74,Non-eccentricity patch,5,2.67,41.75,0,0,0,0,1
I74_21_01.png,I74,Pixelate,1,3.93,73.25,0,0,0,0,0
I74_21_02.png,I74,Pixelate,2,3.23,55.75,0,0,0,0,0
I74_21_03.png,I74,Pixelate,3,2.27,31.75,0,0,0,0,0
I74_21_04.png,I74,Pixelate,4,2.43,35.75,0,0,0,0,0
I74_21_05.png,I74,Pixelate,5,1.47,11.75,0,0,0,0,1
I74_22_01.png,I74,Quantization,1,4.43,85.75,0,0,0,0,0
I74_22_02.png,I74,Quantization,2,4.5,87.5,0,0,0,0,0
I74_22_03.png,I74,Quantization,3,4.3,82.5,0,0,0,0,0
I74_22_04.png,I74,Quantization,4,4.4,85.0,0,0,0,0,0
I74_22_05.png,I74,Quantization,5,3.67,66.75,0,0,0,0,1
I74_11_01.png,I74,White noise,1,4.4,85.0,0,0,0,0,0
I74_11_02.png,I74,White noise,2,4.23,80.75,0,0,0,0,0
I74_11_03.png,I74,White noise,3,3.73,68.25,0,0,0,1,0
I74_11_04.png,I74,White noise,4,3.43,60.75,0,0,0,1,0
I74_11_05.png,I74,White noise,5,3.23,55.75,0,0,0,1,1
I74_12_01.png,I74,White noise in color component,1,4.37,84.25,0,0,0,0,0
I74_12_02.png,I74,White noise in color component,2,4.37,84.25,0,0,0,0,0
I74_12_03.png,I74,White noise in color component,3,4.0,75.0,0,0,0,1,0
I74_12_04.png,I74,White noise in color component,4,3.58,64.5,0,0,0,1,0
I74_12_05.png,I74,White noise in color component,5,3.19,54.75,0,0,0,1,1
I74.png,I74,none,0,,100.0,0,0,0,0,0
I75_16_01.png,I75,Brighten,1,4.53,88.25,0,0,0,0,0
I75_16_02.png,I75,Brighten,2,4.03,75.75,0,0,0,0,0
I75_16_03.png,I75,Brighten,3,3.5,62.5,0,0,1,0,0
I75_16_04.png,I75,Brighten,4,2.97,49.25,0,0,1,0,0
I75_16_05.png,I75,Brighten,5,1.87,21.75,0,0,1,0,1
I75_23_01.png,I75,Color block,1,2.5,37.5,0,0,0,0,0
I75_23_02.png,I75,Color block,2,2.33,33.25,0,0,0,0,0
I75_23_03.png,I75,Color block,3,2.1,27.5,0,0,0,0,1
I75_23_04.png,I75,Color block,4,1.83,20.75,0,0,0,0,1
I75_23_05.png,I75,Color block,5,1.9,22.5,0,0,0,0,1
I75_04_01.png,I75,Color diffusion,1,4.47,86.75,0,0,0,0,0
I75_04_02.png,I75,Color diffusion,2,2.61,40.25,0,0,0,0,0
I75_04_03.png,I75,Color diffusion,3,1.73,18.25,0,0,0,0,0
I75_04_04.png,I75,Color diffusion,4,1.7,17.5,0,0,0,0,0
I75_04_05.png,I75,Color diffusion,5,1.6,15.0,0,0,0,0,1
I75_06_01.png,I75,Color quantization,1,4.33,83.25,0,0,0,0,0
I75_06_02.png,I75,Color quantization,2,4.13,78.25,0,0,0,0,0
I75_06_03.png,I75,Color quantization,3,3.93,73.25,0,0,0,0,1
I75_06_04.png,I75,Color quantization,4,3.5,62.5,0,0,0,0,1
I75_06_05.png,I75,Color quantization,5,2.8,45.0,0,0,0,0,1
I75_07_01.png,I75,Color saturation 1,1,2.63,40.75,0,0,0,0,0
I75_07_02.png,I75,Color saturation 1,2,2.53,38.25,0,0,0,0,0
I75_07_03.png,I75,Color saturation 1,3,2.97,49.25,0,0,0,0,0
I75_07_04.png,I75,Color saturation 1,4,2.13,28.25,0,0,0,0,0
I75_07_05.png,I75,Color saturation 1,5,2.27,31.75,0,0,0,0,1
I75_08_01.png,I75,Color saturation 2,1,4.67,91.75,0,0,0,0,0
I75_08_02.png,I75,Color saturation 2,2,2.87,46.75,0,0,0,0,0
I75_08_03.png,I75,Color saturation 2,3,2.6,40.0,0,0,0,0,0
I75_08_04.png,I75,Color saturation 2,4,2.27,31.75,0,0,0,0,0
I75_08_05.png,I75,Color saturation 2,5,1.83,20.75,0,0,0,0,1
I75_05_01.png,I75,Color shift,1,4.13,78.25,0,0,0,0,0
I75_05_02.png,I75,Color shift,2,1.93,23.25,0,0,0,0,0
I75_05_03.png,I75,Color shift,3,1.84,21.0,0,0,0,0,0
I75_05_04.png,I75,Color shift,4,1.6,15.0,0,0,0,0,0
I75_05_05.png,I75,Color shift,5,1.77,19.25,0,0,0,0,1
I75_25_01.png,I75,Contrast change,1,3.27,56.75,0,0,0,0,0
I75_25_02.png,I75,Contrast change,2,3.8,70.0,0,0,0,0,0
I75_25_03.png,I75,Contrast change,3,4.43,85.75,0,0,0,0,0
I75_25_04.png,I75,Contrast change,4,3.97,74.25,0,0,0,0,0
I75_25_05.png,I75,Contrast change,5,2.87,46.75,0,0,0,0,1
I75_17_01.png,I75,Darken,1,4.67,91.75,0,0,0,0,0
I75_17_02.png,I75,Darken,2,4.5,87.5,0,0,0,0,0
I75_17_03.png,I75,Darken,3,4.3,82.5,0,1,0,0,0
I75_17_04.png,I75,Darken,4,3.27,56.75,0,1,0,0,0
I75_17_05.png,I75,Darken,5,1.83,20.75,0,1,0,0,1
I75_15_01.png,I75,Denoise,1,3.73,68.25,0,0,0,0,0
I75_15_02.png,I75,Denoise,2,2.7,42.5,0,0,0,0,0
I75_15_03.png,I75,Denoise,3,2.03,25.75,0,0,0,1,0
I75_15_04.png,I75,Denoise,4,1.67,16.75,0,0,0,1,0
I75_15_05.png,I75,Denoise,5,1.17,4.25,0,0,0,1,1
I75_01_01.png,I75,Gaussian blur,1,4.37,84.25,0,0,0,0,0
I75_01_02.png,I75,Gaussian blur,2,4.43,85.75,0,0,0,0,0
I75_01_03.png,I75,Gaussian blur,3,2.5,37.5,1,0,0,0,0
I75_01_04.png,I75,Gaussian blur,4,1.87,21.75,1,0,0,0,0
I75_01_05.png,I75,Gaussian blur,5,1.4,10.0,1,0,0,0,1
I75_24_01.png,I75,High sharpen,1,3.53,63.25,0,0,0,0,0
I75_24_02.png,I75,High sharpen,2,2.4,35.0,0,0,0,0,0
I75_24_03.png,I75,High sharpen,3,2.3,32.5,0,0,0,0,0
I75_24_04.png,I75,High sharpen,4,1.73,18.25,0,0,0,0,0
I75_24_05.png,I75,High sharpen,5,1.4,10.0,0,0,0,0,1
I75_13_01.png,I75,Impulse noise,1,3.47,61.75,0,0,0,0,0
I75_13_02.png,I75,Impulse noise,2,2.57,39.25,0,0,0,0,0
I75_13_03.png,I75,Impulse noise,3,2.5,37.5,0,0,0,1,0
I75_13_04.png,I75,Impulse noise,4,2.43,35.75,0,0,0,1,0
I75_13_05.png,I75,Impulse noise,5,2.0,25.0,0,0,0,1,1
I75_10_01.png,I75,JPEG,1,4.13,78.25,0,0,0,0,0
I75_10_02.png,I75,JPEG,2,4.13,78.25,0,0,0,0,0
I75_10_03.png,I75,JPEG,3,3.77,69.25,0,0,0,0,1
I75_10_04.png,I75,JPEG,4,1.6,15.0,0,0,0,0,1
I75_10_05.png,I75,JPEG,5,1.23,5.75,0,0,0,0,1
I75_09_01.png,I75,JPEG2000,1,4.5,87.5,0,0,0,0,0
I75_09_02.png,I75,JPEG2000,2,4.53,88.25,0,0,0,0,0
I75_09_03.png,I75,JPEG2000,3,4.6,90.0,0,0,0,0,1
I75_09_04.png,I75,JPEG2000,4,3.4,60.0,0,0,0,0,1
I75_09_05.png,I75,JPEG2000,5,1.8,20.0,0,0,0,0,1
I75_19_01.png,I75,Jitter,1,4.47,86.75,0,0,0,0,0
I75_19_02.png,I75,Jitter,2,3.97,74.25,0,0,0,0,0
I75_19_03.png,I75,Jitter,3,3.23,55.75,0,0,0,0,0
I75_19_04.png,I75,Jitter,4,1.67,16.75,0,0,0,0,0
I75_19_05.png,I75,Jitter,5,1.2,5.0,0,0,0,0,1
I75_02_01.png,I75,Lens blur,1,4.03,75.75,0,0,0,0,0
I75_02_02.png,I75,Lens blur,2,2.67,41.75,0,0,0,0,0
I75_02_03.png,I75,Lens blur,3,1.52,13.0,1,0,0,0,0
I75_02_04.png,I75,Lens blur,4,1.6,15.0,1,0,0,0,0
I75_02_05.png,I75,Lens blur,5,1.27,6.75,1,0,0,0,1
I75_18_01.png,I75,Mean shift,1,4.2,80.0,0,0,0,0,0
I75_18_02.png,I75,Mean shift,2,4.5,87.5,0,0,0,0,0
I75_18_03.png,I75,Mean shift,3,4.8,95.0,0,0,0,0,0
I75_18_04.png,I75,Mean shift,4,4.32,83.0,0,0,0,0,0
I75_18_05.png,I75,Mean shift,5,3.5,62.5,0,0,0,0,1
I75_03_01.png,I75,Motion blur,1,4.5,87.5,0,0,0,0,0
I75_03_02.png,I75,Motion blur,2,3.97,74.25,0,0,0,0,0
I75_03_03.png,I75,Motion blur,3,2.57,39.25,1,0,0,0,0
I75_03_04.png,I75,Motion blur,4,2.03,25.75,1,0,0,0,0
I75_03_05.png,I75,Motion blur,5,1.8,20.0,1,0,0,0,1
I75_14_01.png,I75,Multiplicative noise,1,4.2,80.0,0,0,0,0,0
I75_14_02.png,I75,Multiplicative noise,2,3.33,58.25,0,0,0,0,0
I75_14_03.png,I75,Multiplicative noise,3,2.87,46.75,0,0,0,1,0
I75_14_04.png,I75,Multiplicative noise,4,2.27,31.75,0,0,0,1,0
I75_14_05.png,I75,Multiplicative noise,5,2.0,25.0,0,0,0,1,1
I75_20_01.png,I75,Non-eccentricity patch,1,3.33,58.25,0,0,0,0,0
I75_20_02.png,I75,Non-eccentricity patch,2,3.93,73.25,0,0,0,0,0
I75_20_03.png,I75,Non-eccentricity patch,3,2.87,46.75,0,0,0,0,0
I75_20_04.png,I75,Non-eccentricity patch,4,2.83,45.75,0,0,0,0,0
I75_20_05.png,I75,Non-eccentricity patch,5,3.07,51.75,0,0,0,0,1
I75_21_01.png,I75,Pixelate,1,3.5,62.5,0,0,0,0,0
I75_21_02.png,I75,Pixelate,2,2.33,33.25,0,0,0,0,0
I75_21_03.png,I75,Pixelate,3,2.47,36.75,0,0,0,0,0
I75_21_04.png,I75,Pixelate,4,2.3,32.5,0,0,0,0,0
I75_21_05.png,I75,Pixelate,5,1.43,10.75,0,0,0,0,1
I75_22_01.png,I75,Quantization,1,4.4,85.0,0,0,0,0,0
I75_22_02.png,I75,Quantization,2,3.83,70.75,0,0,0,0,0
I75_22_03.png,I75,Quantization,3,3.63,65.75,0,0,0,0,0
I75_22_04.png,I75,Quantization,4,2.57,39.25,0,0,0,0,0
I75_22_05.png,I75,Quantization,5,2.37,34.25,0,0,0,0,1
I75_11_01.png,I75,White noise,1,3.63,65.75,0,0,0,0,0
I75_11_02.png,I75,White noise,2,3.1,52.5,0,0,0,0,0
I75_11_03.png,I75,White noise,3,2.77,44.25,0,0,0,1,0
I75_11_04.png,I75,White noise,4,2.77,44.25,0,0,0,1,0
I75_11_05.png,I75,White noise,5,2.4,35.0,0,0,0,1,1
I75_12_01.png,I75,White noise in color component,1,4.53,88.25,0,0,0,0,0
I75_12_02.png,I75,White noise in color component,2,3.27,56.75,0,0,0,0,0
I75_12_03.png,I75,White noise in color component,3,3.03,50.75,0,0,0,1,0
I75_12_04.png,I75,White noise in color component,4,2.53,38.25,0,0,0,1,0
I75_12_05.png,I75,White noise in color component,5,2.4,35.0,0,0,0,1,1
I75.png,I75,none,0,,100.0,0,0,0,0,0
I76_16_01.png,I76,Brighten,1,4.4,85.0,0,0,0,0,0
I76_16_02.png,I76,Brighten,2,4.23,80.75,0,0,0,0,0
I76_16_03.png,I76,Brighten,3,3.67,66.75,0,0,1,0,0
I76_16_04.png,I76,Brighten,4,2.33,33.25,0,0,1,0,0
I76_16_05.png,I76,Brighten,5,2.23,30.75,0,0,1,0,1
I76_23_01.png,I76,Color block,1,2.73,43.25,0,0,0,0,0
I76_23_02.png,I76,Color block,2,2.47,36.75,0,0,0,0,0
I76_23_03.png,I76,Color block,3,2.27,31.75,0,0,0,0,1
I76_23_04.png,I76,Color block,4,2.17,29.25,0,0,0,0,1
I76_23_05.png,I76,Color block,5,1.77,19.25,0,0,0,0,1
I76_04_01.png,I76,Color diffusion,1,4.57,89.25,0,0,0,0,0
I76_04_02.png,I76,Color diffusion,2,2.57,39.25,0,0,0,0,0
I76_04_03.png,I76,Color diffusion,3,1.63,15.75,0,0,0,0,0
I76_04_04.png,I76,Color diffusion,4,1.58,14.5,0,0,0,0,0
I76_04_05.png,I76,Color diffusion,5,1.33,8.25,0,0,0,0,1
I76_06_01.png,I76,Color quantization,1,4.27,81.75,0,0,0,0,0
I76_06_02.png,I76,Color quantization,2,3.97,74.25,0,0,0,0,0
I76_06_03.png,I76,Color quantization,3,3.6,65.0,0,0,0,0,1
I76_06_04.png,I76,Color quantization,4,3.07,51.75,0,0,0,0,1
I76_06_05.png,I76,Color quantization,5,2.27,31.75,0,0,0,0,1
I76_07_01.png,I76,Color saturation 1,1,3.07,51.75,0,0,0,0,0
I76_07_02.png,I76,Color saturation 1,2,2.37,34.25,0,0,0,0,0
I76_07_03.png,I76,Color saturation 1,3,2.6,40.0,0,0,0,0,0
I76_07_04.png,I76,Color saturation 1,4,2.4,35.0,0,0,0,0,0
I76_07_05.png,I76,Color saturation 1,5,2.13,28.25,0,0,0,0,1
I76_08_01.png,I76,Color saturation 2,1,4.5,87.5,0,0,0,0,0
I76_08_02.png,I76,Color saturation 2,2,3.3,57.5,0,0,0,0,0
I76_08_03.png,I76,Color saturation 2,3,2.33,33.25,0,0,0,0,0
I76_08_04.png,I76,Color saturation 2,4,1.57,14.25,0,0,0,0,0
I76_08_05.png,I76,Color saturation 2,5,1.37,9.25,0,0,0,0,1
I76_05_01.png,I76,Color shift,1,4.5,87.5,0,0,0,0,0
I76_05_02.png,I76,Color shift,2,2.47,36.75,0,0,0,0,0
I76_05_03.png,I76,Color shift,3,1.73,18.25,0,0,0,0,0
I76_05_04.png,I76,Color shift,4,1.73,18.25,0,0,0,0,0
I76_05_05.png,I76,Color shift,5,1.77,19.25,0,0,0,0,1
I76_25_01.png,I76,Contrast change,1,3.17,54.25,0,0,0,0,0
I76_25_02.png,I76,Contrast change,2,3.83,70.75,0,0,0,0,0
I76_25_03.png,I76,Contrast change,3,3.87,71.75,0,0,0,0,0
I76_25_04.png,I76,Contrast change,4,4.17,79.25,0,0,0,0,0
I76_25_05.png,I76,Contrast change,5,3.27,56.75,0,0,0,0,1
I76_17_01.png,I76,Darken,1,4.63,90.75,0,0,0,0,0
I76_17_02.png,I76,Darken,2,4.43,85.75,0,0,0,0,0
I76_17_03.png,I76,Darken,3,4.13,78.25,0,1,0,0,0
I76_17_04.png,I76,Darken,4,3.93,73.25,0,1,0,0,0
I76_17_05.png,I76,Darken,5,1.87,21.75,0,1,0,0,1
I76_15_01.png,I76,Denoise,1,3.84,71.0,0,0,0,0,0
I76_15_02.png,I76,Denoise,2,2.83,45.75,0,0,0,0,0
I76_15_03.png,I76,Denoise,3,2.6,40.0,0,0,0,1,0
I76_15_04.png,I76,Denoise,4,1.53,13.25,0,0,0,1,0
I76_15_05.png,I76,Denoise,5,1.37,9.25,0,0,0,1,1
I76_01_01.png,I76,Gaussian blur,1,4.71,92.75,0,0,0,0,0
I76_01_02.png,I76,Gaussian blur,2,4.47,86.75,0,0,0,0,0
I76_01_03.png,I76,Gaussian blur,3,2.87,46.75,1,0,0,0,0
I76_01_04.png,I76,Gaussian blur,4,1.57,14.25,1,0,0,0,0
I76_01_05.png,I76,Gaussian blur,5,1.33,8.25,1,0,0,0,1
I76_24_01.png,I76,High sharpen,1,3.27,56.75,0,0,0,0,0
I76_24_02.png,I76,High sharpen,2,2.3,32.5,0,0,0,0,0
I76_24_03.png,I76,High sharpen,3,2.0,25.0,0,0,0,0,0
I76_24_04.png,I76,High sharpen,4,1.53,13.25,0,0,0,0,0
I76_24_05.png,I76,High sharpen,5,1.1,2.5,0,0,0,0,1
I76_13_01.png,I76,Impulse noise,1,4.13,78.25,0,0,0,0,0
I76_13_02.png,I76,Impulse noise,2,2.83,45.75,0,0,0,0,0
I76_13_03.png,I76,Impulse noise,3,2.63,40.75,0,0,0,1,0
I76_13_04.png,I76,Impulse noise,4,2.1,27.5,0,0,0,1,0
I76_13_05.png,I76,Impulse noise,5,2.23,30.75,0,0,0,1,1
I76_10_01.png,I76,JPEG,1,4.4,85.0,0,0,0,0,0
I76_10_02.png,I76,JPEG,2,4.07,76.75,0,0,0,0,0
I76_10_03.png,I76,JPEG,3,3.8,70.0,0,0,0,0,1
I76_10_04.png,I76,JPEG,4,1.87,21.75,0,0,0,0,1
I76_10_05.png,I76,JPEG,5,1.4,10.0,0,0,0,0,1
I76_09_01.png,I76,JPEG2000,1,4.23,80.75,0,0,0,0,0
I76_09_02.png,I76,JPEG2000,2,3.5,62.5,0,0,0,0,0
I76_09_03.png,I76,JPEG2000,3,3.1,52.5,0,0,0,0,1
I76_09_04.png,I76,JPEG2000,4,1.6,15.0,0,0,0,0,1
I76_09_05.png,I76,JPEG2000,5,1.47,11.75,0,0,0,0,1
I76_19_01.png,I76,Jitter,1,4.2,80.0,0,0,0,0,0
I76_19_02.png,I76,Jitter,2,3.73,68.25,0,0,0,0,0
I76_19_03.png,I76,Jitter,3,3.07,51.75,0,0,0,0,0
I76_19_04.png,I76,Jitter,4,1.33,8.25,0,0,0,0,0
I76_19_05.png,I76,Jitter,5,1.33,8.25,0,0,0,0,1
I76_02_01.png,I76,Lens blur,1,3.83,70.75,0,0,0,0,0
I76_02_02.png,I76,Lens blur,2,2.6,40.0,0,0,0,0,0
I76_02_03.png,I76,Lens blur,3,1.6,15.0,1,0,0,0,0
I76_02_04.png,I76,Lens blur,4,1.27,6.75,1,0,0,0,0
I76_02_05.png,I76,Lens blur,5,1.27,6.75,1,0,0,0,1
I76_18_01.png,I76,Mean shift,1,4.4,85.0,0,0,0,0,0
I76_18_02.png,I76,Mean shift,2,4.47,86.75,0,0,0,0,0
I76_18_03.png,I76,Mean shift,3,4.58,89.5,0,0,0,0,0
I76_18_04.png,I76,Mean shift,4,4.27,81.75,0,0,0,0,0
I76_18_05.png,I76,Mean shift,5,3.9,72.5,0,0,0,0,1
I76_03_01.png,I76,Motion blur,1,4.7,92.5,0,0,0,0,0
I76_03_02.png,I76,Motion blur,2,3.83,70.75,0,0,0,0,0
I76_03_03.png,I76,Motion blur,3,2.53,38.25,1,0,0,0,0
I76_03_04.png,I76,Motion blur,4,1.83,20.75,1,0,0,0,0
I76_03_05.png,I76,Motion blur,5,1.63,15.75,1,0,0,0,1
I76_14_01.png,I76,Multiplicative noise,1,4.4,85.0,0,0,0,0,0
I76_14_02.png,I76,Multiplicative noise,2,3.97,74.25,0,0,0,0,0
I76_14_03.png,I76,Multiplicative noise,3,3.39,59.75,0,0,0,1,0
I76_14_04.png,I76,Multiplicative noise,4,3.17,54.25,0,0,0,1,0
I76_14_05.png,I76,Multiplicative noise,5,2.3,32.5,0,0,0,1,1
I76_20_01.png,I76,Non-eccentricity patch,1,4.33,83.25,0,0,0,0,0
I76_20_02.png,I76,Non-eccentricity patch,2,4.37,84.25,0,0,0,0,0
I76_20_03.png,I76,Non-eccentricity patch,3,4.53,88.25,0,0,0,0,0
I76_20_04.png,I76,Non-eccentricity patch,4,4.0,75.0,0,0,0,0,0
I76_20_05.png,I76,Non-eccentricity patch,5,3.77,69.25,0,0,0,0,1
I76_21_01.png,I76,Pixelate,1,3.83,70.75,0,0,0,0,0
I76_21_02.png,I76,Pixelate,2,2.6,40.0,0,0,0,0,0
I76_21_03.png,I76,Pixelate,3,2.57,39.25,0,0,0,0,0
I76_21_04.png,I76,Pixelate,4,2.3,32.5,0,0,0,0,0
I76_21_05.png,I76,Pixelate,5,1.17,4.25,0,0,0,0,1
I76_22_01.png,I76,Quantization,1,4.4,85.0,0,0,0,0,0
I76_22_02.png,I76,Quantization,2,4.47,86.75,0,0,0,0,0
I76_22_03.png,I76,Quantization,3,4.13,78.25,0,0,0,0,0
I76_22_04.png,I76,Quantization,4,4.2,80.0,0,0,0,0,0
I76_22_05.png,I76,Quantization,5,3.37,59.25,0,0,0,0,1
I76_11_01.png,I76,White noise,1,4.07,76.75,0,0,0,0,0
I76_11_02.png,I76,White noise,2,3.67,66.75,0,0,0,0,0
I76_11_03.png,I76,White noise,3,3.17,54.25,0,0,0,1,0
I76_11_04.png,I76,White noise,4,2.97,49.25,0,0,0,1,0
I76_11_05.png,I76,White noise,5,2.3,32.5,0,0,0,1,1
I76_12_01.png,I76,White noise in color component,1,4.27,81.75,0,0,0,0,0
I76_12_02.png,I76,White noise in color component,2,3.7,67.5,0,0,0,0,0
I76_12_03.png,I76,White noise in color component,3,3.47,61.75,0,0,0,1,0
I76_12_04.png,I76,White noise in color component,4,2.77,44.25,0,0,0,1,0
I76_12_05.png,I76,White noise in color component,5,2.3,32.5,0,0,0,1,1
I76.png,I76,none,0,,100.0,0,0,0,0,0
I77_16_01.png,I77,Brighten,1,4.4,85.0,0,0,0,0,0
I77_16_02.png,I77,Brighten,2,4.13,78.25,0,0,0,0,0
I77_16_03.png,I77,Brighten,3,3.77,69.25,0,0,1,0,0
I77_16_04.png,I77,Brighten,4,3.27,56.75,0,0,1,0,0
I77_16_05.png,I77,Brighten,5,2.1,27.5,0,0,1,0,1
I77_23_01.png,I77,Color block,1,2.47,36.75,0,0,0,0,0
I77_23_02.png,I77,Color block,2,2.0,25.0,0,0,0,0,0
I77_23_03.png,I77,Color block,3,1.73,18.25,0,0,0,0,1
I77_23_04.png,I77,Color block,4,2.17,29.25,0,0,0,0,1
I77_23_05.png,I77,Color block,5,2.27,31.75,0,0,0,0,1
I77_04_01.png,I77,Color diffusion,1,4.47,86.75,0,0,0,0,0
I77_04_02.png,I77,Color diffusion,2,1.93,23.25,0,0,0,0,0
I77_04_03.png,I77,Color diffusion,3,1.43,10.75,0,0,0,0,0
I77_04_04.png,I77,Color diffusion,4,1.33,8.25,0,0,0,0,0
I77_04_05.png,I77,Color diffusion,5,1.3,7.5,0,0,0,0,1
I77_06_01.png,I77,Color quantization,1,4.37,84.25,0,0,0,0,0
I77_06_02.png,I77,Color quantization,2,3.97,74.25,0,0,0,0,0
I77_06_03.png,I77,Color quantization,3,4.0,75.0,0,0,0,0,1
I77_06_04.png,I77,Color quantization,4,3.27,56.75,0,0,0,0,1
I77_06_05.png,I77,Color quantization,5,2.73,43.25,0,0,0,0,1
I77_07_01.png,I77,Color saturation 1,1,2.37,34.25,0,0,0,0,0
I77_07_02.png,I77,Color saturation 1,2,2.3,32.5,0,0,0,0,0
I77_07_03.png,I77,Color saturation 1,3,1.93,23.25,0,0,0,0,0
I77_07_04.png,I77,Color saturation 1,4,2.23,30.75,0,0,0,0,0
I77_07_05.png,I77,Color saturation 1,5,1.77,19.25,0,0,0,0,1
I77_08_01.png,I77,Color saturation 2,1,4.73,93.25,0,0,0,0,0
I77_08_02.png,I77,Color saturation 2,2,2.87,46.75,0,0,0,0,0
I77_08_03.png,I77,Color saturation 2,3,2.07,26.75,0,0,0,0,0
I77_08_04.png,I77,Color saturation 2,4,1.32,8.0,0,0,0,0,0
I77_08_05.png,I77,Color saturation 2,5,1.27,6.75,0,0,0,0,1
I77_05_01.png,I77,Color shift,1,4.5,87.5,0,0,0,0,0
I77_05_02.png,I77,Color shift,2,2.57,39.25,0,0,0,0,0
I77_05_03.png,I77,Color shift,3,2.47,36.75,0,0,0,0,0
I77_05_04.png,I77,Color shift,4,2.3,32.5,0,0,0,0,0
I77_05_05.png,I77,Color shift,5,2.33,33.25,0,0,0,0,1
I77_25_01.png,I77,Contrast change,1,3.83,70.75,0,0,0,0,0
I77_25_02.png,I77,Contrast change,2,3.87,71.75,0,0,0,0,0
I77_25_03.png,I77,Contrast change,3,4.4,85.0,0,0,0,0,0
I77_25_04.png,I77,Contrast change,4,4.17,79.25,0,0,0,0,0
I77_25_05.png,I77,Contrast change,5,3.7,67.5,0,0,0,0,1
I77_17_01.png,I77,Darken,1,4.5,87.5,0,0,0,0,0
I77_17_02.png,I77,Darken,2,4.77,94.25,0,0,0,0,0
I77_17_03.png,I77,Darken,3,4.17,79.25,0,1,0,0,0
I77_17_04.png,I77,Darken,4,3.77,69.25,0,1,0,0,0
I77_17_05.png,I77,Darken,5,2.23,30.75,0,1,0,0,1
I77_15_01.png,I77,Denoise,1,3.53,63.25,0,0,0,0,0
I77_15_02.png,I77,Denoise,2,2.77,44.25,0,0,0,0,0
I77_15_03.png,I77,Denoise,3,2.43,35.75,0,0,0,1,0
I77_15_04.png,I77,Denoise,4,1.8,20.0,0,0,0,1,0
I77_15_05.png,I77,Denoise,5,1.73,18.25,0,0,0,1,1
I77_01_01.png,I77,Gaussian blur,1,4.63,90.75,0,0,0,0,0
I77_01_02.png,I77,Gaussian blur,2,4.6,90.0,0,0,0,0,0
I77_01_03.png,I77,Gaussian blur,3,2.87,46.75,1,0,0,0,0
I77_01_04.png,I77,Gaussian blur,4,2.0,25.0,1,0,0,0,0
I77_01_05.png,I77,Gaussian blur,5,1.43,10.75,1,0,0,0,1
I77_24_01.png,I77,High sharpen,1,4.03,75.75,0,0,0,0,0
I77_24_02.png,I77,High sharpen,2,2.63,40.75,0,0,0,0,0
I77_24_03.png,I77,High sharpen,3,2.17,29.25,0,0,0,0,0
I77_24_04.png,I77,High sharpen,4,1.71,17.75,0,0,0,0,0
I77_24_05.png,I77,High sharpen,5,1.27,6.75,0,0,0,0,1
I77_13_01.png,I77,Impulse noise,1,3.6,65.0,0,0,0,0,0
I77_13_02.png,I77,Impulse noise,2,3.23,55.75,0,0,0,0,0
I77_13_03.png,I77,Impulse noise,3,2.9,47.5,0,0,0,1,0
I77_13_04.png,I77,Impulse noise,4,2.3,32.5,0,0,0,1,0
I77_13_05.png,I77,Impulse noise,5,2.07,26.75,0,0,0,1,1
I77_10_01.png,I77,JPEG,1,4.47,86.75,0,0,0,0,0
I77_10_02.png,I77,JPEG,2,4.37,84.25,0,0,0,0,0
I77_10_03.png,I77,JPEG,3,4.3,82.5,0,0,0,0,1
I77_10_04.png,I77,JPEG,4,2.03,25.75,0,0,0,0,1
I77_10_05.png,I77,JPEG,5,1.39,9.75,0,0,0,0,1
I77_09_01.png,I77,JPEG2000,1,4.83,95.75,0,0,0,0,0
I77_09_02.png,I77,JPEG2000,2,4.13,78.25,0,0,0,0,0
I77_09_03.png,I77,JPEG2000,3,3.83,70.75,0,0,0,0,1
I77_09_04.png,I77,JPEG2000,4,2.27,31.75,0,0,0,0,1
I77_09_05.png,I77,JPEG2000,5,1.39,9.75,0,0,0,0,1
I77_19_01.png,I77,Jitter,1,4.1,77.5,0,0,0,0,0
I77_19_02.png,I77,Jitter,2,4.1,77.5,0,0,0,0,0
I77_19_03.png,I77,Jitter,3,3.23,55.75,0,0,0,0,0
I77_19_04.png,I77,Jitter,4,2.23,30.75,0,0,0,0,0
I77_19_05.png,I77,Jitter,5,1.57,14.25,0,0,0,0,1
I77_02_01.png,I77,Lens blur,1,3.81,70.25,0,0,0,0,0
I77_02_02.png,I77,Lens blur,2,2.8,45.0,0,0,0,0,0
I77_02_03.png,I77,Lens blur,3,1.87,21.75,1,0,0,0,0
I77_02_04.png,I77,Lens blur,4,1.47,11.75,1,0,0,0,0
I77_02_05.png,I77,Lens blur,5,1.47,11.75,1,0,0,0,1
I77_18_01.png,I77,Mean shift,1,4.4,85.0,0,0,0,0,0
I77_18_02.png,I77,Mean shift,2,4.7,92.5,0,0,0,0,0
I77_18_03.png,I77,Mean shift,3,4.5,87.5,0,0,0,0,0
I77_18_04.png,I77,Mean shift,4,4.37,84.25,0,0,0,0,0
I77_18_05.png,I77,Mean shift,5,4.13,78.25,0,0,0,0,1
I77_03_01.png,I77,Motion blur,1,4.65,91.25,0,0,0,0,0
I77_03_02.png,I77,Motion blur,2,4.07,76.75,0,0,0,0,0
I77_03_03.png,I77,Motion blur,3,2.77,44.25,1,0,0,0,0
I77_03_04.png,I77,Motion blur,4,2.07,26.75,1,0,0,0,0
I77_03_05.png,I77,Motion blur,5,1.57,14.25,1,0,0,0,1
I77_14_01.png,I77,Multiplicative noise,1,4.57,89.25,0,0,0,0,0
I77_14_02.png,I77,Multiplicative noise,2,4.0,75.0,0,0,0,0,0
I77_14_03.png,I77,Multiplicative noise,3,3.63,65.75,0,0,0,1,0
I77_14_04.png,I77,Multiplicative noise,4,3.0,50.0,0,0,0,1,0
I77_14_05.png,I77,Multiplicative noise,5,2.07,26.75,0,0,0,1,1
I77_20_01.png,I77,Non-eccentricity patch,1,4.67,91.75,0,0,0,0,0
I77_20_02.png,I77,Non-eccentricity patch,2,4.17,79.25,0,0,0,0,0
I77_20_03.png,I77,Non-eccentricity patch,3,4.17,79.25,0,0,0,0,0
I77_20_04.png,I77,Non-eccentricity patch,4,4.03,75.75,0,0,0,0,0
I77_20_05.png,I77,Non-eccentricity patch,5,3.87,71.75,0,0,0,0,1
I77_21_01.png,I77,Pixelate,1,3.93,73.25,0,0,0,0,0
I77_21_02.png,I77,Pixelate,2,3.0,50.0,0,0,0,0,0
I77_21_03.png,I77,Pixelate,3,2.83,45.75,0,0,0,0,0
I77_21_04.png,I77,Pixelate,4,2.7,42.5,0,0,0,0,0
I77_21_05.png,I77,Pixelate,5,1.77,19.25,0,0,0,0,1
I77_22_01.png,I77,Quantization,1,4.6,90.0,0,0,0,0,0
I77_22_02.png,I77,Quantization,2,4.57,89.25,0,0,0,0,0
I77_22_03.png,I77,Quantization,3,4.27,81.75,0,0,0,0,0
I77_22_04.png,I77,Quantization,4,4.2,80.0,0,0,0,0,0
I77_22_05.png,I77,Quantization,5,3.67,66.75,0,0,0,0,1
I77_11_01.png,I77,White noise,1,4.42,85.5,0,0,0,0,0
I77_11_02.png,I77,White noise,2,3.73,68.25,0,0,0,0,0
I77_11_03.png,I77,White noise,3,3.5,62.5,0,0,0,1,0
I77_11_04.png,I77,White noise,4,2.73,43.25,0,0,0,1,0
I77_11_05.png,I77,White noise,5,2.37,34.25,0,0,0,1,1
I77_12_01.png,I77,White noise in color component,1,4.53,88.25,0,0,0,0,0
I77_12_02.png,I77,White noise in color component,2,4.16,79.0,0,0,0,0,0
I77_12_03.png,I77,White noise in color component,3,3.47,61.75,0,0,0,1,0
I77_12_04.png,I77,White noise in color component,4,3.13,53.25,0,0,0,1,0
I77_12_05.png,I77,White noise in color component,5,2.4,35.0,0,0,0,1,1
I77.png,I77,none,0,,100.0,0,0,0,0,0
I78_16_01.png,I78,Brighten,1,4.6,90.0,0,0,0,0,0
I78_16_02.png,I78,Brighten,2,4.37,84.25,0,0,0,0,0
I78_16_03.png,I78,Brighten,3,4.1,77.5,0,0,1,0,0
I78_16_04.png,I78,Brighten,4,3.0,50.0,0,0,1,0,0
I78_16_05.png,I78,Brighten,5,1.67,16.75,0,0,1,0,1
I78_23_01.png,I78,Color block,1,2.13,28.25,0,0,0,0,0
I78_23_02.png,I78,Color block,2,2.1,27.5,0,0,0,0,0
I78_23_03.png,I78,Color block,3,2.27,31.75,0,0,0,0,1
I78_23_04.png,I78,Color block,4,2.0,25.0,0,0,0,0,1
I78_23_05.png,I78,Color block,5,2.17,29.25,0,0,0,0,1
I78_04_01.png,I78,Color diffusion,1,4.6,90.0,0,0,0,0,0
I78_04_02.png,I78,Color diffusion,2,2.87,46.75,0,0,0,0,0
I78_04_03.png,I78,Color diffusion,3,1.9,22.5,0,0,0,0,0
I78_04_04.png,I78,Color diffusion,4,1.5,12.5,0,0,0,0,0
I78_04_05.png,I78,Color diffusion,5,1.47,11.75,0,0,0,0,1
I78_06_01.png,I78,Color quantization,1,4.6,90.0,0,0,0,0,0
I78_06_02.png,I78,Color quantization,2,4.33,83.25,0,0,0,0,0
I78_06_03.png,I78,Color quantization,3,3.97,74.25,0,0,0,0,1
I78_06_04.png,I78,Color quantization,4,4.07,76.75,0,0,0,0,1
I78_06_05.png,I78,Color quantization,5,3.33,58.25,0,0,0,0,1
I78_07_01.png,I78,Color saturation 1,1,3.43,60.75,0,0,0,0,0
I78_07_02.png,I78,Color saturation 1,2,2.53,38.25,0,0,0,0,0
I78_07_03.png,I78,Color saturation 1,3,2.37,34.25,0,0,0,0,0
I78_07_04.png,I78,Color saturation 1,4,2.0,25.0,0,0,0,0,0
I78_07_05.png,I78,Color saturation 1,5,2.47,36.75,0,0,0,0,1
I78_08_01.png,I78,Color saturation 2,1,4.6,90.0,0,0,0,0,0
I78_08_02.png,I78,Color saturation 2,2,3.33,58.25,0,0,0,0,0
I78_08_03.png,I78,Color saturation 2,3,2.7,42.5,0,0,0,0,0
I78_08_04.png,I78,Color saturation 2,4,1.77,19.25,0,0,0,0,0
I78_08_05.png,I78,Color saturation 2,5,1.57,14.25,0,0,0,0,1
I78_05_01.png,I78,Color shift,1,4.27,81.75,0,0,0,0,0
I78_05_02.png,I78,Color shift,2,3.33,58.25,0,0,0,0,0
I78_05_03.png,I78,Color shift,3,2.3,32.5,0,0,0,0,0
I78_05_04.png,I78,Color shift,4,2.5,37.5,0,0,0,0,0
I78_05_05.png,I78,Color shift,5,2.2,30.0,0,0,0,0,1
I78_25_01.png,I78,Contrast change,1,3.6,65.0,0,0,0,0,0
I78_25_02.png,I78,Contrast change,2,3.93,73.25,0,0,0,0,0
I78_25_03.png,I78,Contrast change,3,4.33,83.25,0,0,0,0,0
I78_25_04.png,I78,Contrast change,4,4.33,83.25,0,0,0,0,0
I78_25_05.png,I78,Contrast change,5,3.03,50.75,0,0,0,0,1
I78_17_01.png,I78,Darken,1,4.57,89.25,0,0,0,0,0
I78_17_02.png,I78,Darken,2,4.43,85.75,0,0,0,0,0
I78_17_03.png,I78,Darken,3,4.43,85.75,0,1,0,0,0
I78_17_04.png,I78,Darken,4,3.7,67.5,0,1,0,0,0
I78_17_05.png,I78,Darken,5,2.9,47.5,0,1,0,0,1
I78_15_01.png,I78,Denoise,1,3.77,69.25,0,0,0,0,0
I78_15_02.png,I78,Denoise,2,3.03,50.75,0,0,0,0,0
I78_15_03.png,I78,Denoise,3,2.0,25.0,0,0,0,1,0
I78_15_04.png,I78,Denoise,4,1.8,20.0,0,0,0,1,0
I78_15_05.png,I78,Denoise,5,1.53,13.25,0,0,0,1,1
I78_01_01.png,I78,Gaussian blur,1,4.5,87.5,0,0,0,0,0
I78_01_02.png,I78,Gaussian blur,2,4.43,85.75,0,0,0,0,0
I78_01_03.png,I78,Gaussian blur,3,3.0,50.0,1,0,0,0,0
I78_01_04.png,I78,Gaussian blur,4,2.17,29.25,1,0,0,0,0
I78_01_05.png,I78,Gaussian blur,5,1.67,16.75,1,0,0,0,1
I78_24_01.png,I78,High sharpen,1,3.74,68.5,0,0,0,0,0
I78_24_02.png,I78,High sharpen,2,2.77,44.25,0,0,0,0,0
I78_24_03.png,I78,High sharpen,3,2.3,32.5,0,0,0,0,0
I78_24_04.png,I78,High sharpen,4,1.73,18.25,0,0,0,0,0
I78_24_05.png,I78,High sharpen,5,1.6,15.0,0,0,0,0,1
I78_13_01.png,I78,Impulse noise,1,3.67,66.75,0,0,0,0,0
I78_13_02.png,I78,Impulse noise,2,3.03,50.75,0,0,0,0,0
I78_13_03.png,I78,Impulse noise,3,3.03,50.75,0,0,0,1,0
I78_13_04.png,I78,Impulse noise,4,2.53,38.25,0,0,0,1,0
I78_13_05.png,I78,Impulse noise,5,2.3,32.5,0,0,0,1,1
I78_10_01.png,I78,JPEG,1,4.57,89.25,0,0,0,0,0
I78_10_02.png,I78,JPEG,2,4.3,82.5,0,0,0,0,0
I78_10_03.png,I78,JPEG,3,3.8,70.0,0,0,0,0,1
I78_10_04.png,I78,JPEG,4,1.6,15.0,0,0,0,0,1
I78_10_05.png,I78,JPEG,5,1.37,9.25,0,0,0,0,1
I78_09_01.png,I78,JPEG2000,1,4.68,92.0,0,0,0,0,0
I78_09_02.png,I78,JPEG2000,2,4.43,85.75,0,0,0,0,0
I78_09_03.png,I78,JPEG2000,3,4.0,75.0,0,0,0,0,1
I78_09_04.png,I78,JPEG2000,4,2.4,35.0,0,0,0,0,1
I78_09_05.png,I78,JPEG2000,5,1.2,5.0,0,0,0,0,1
I78_19_01.png,I78,Jitter,1,4.7,92.5,0,0,0,0,0
I78_19_02.png,I78,Jitter,2,4.27,81.75,0,0,0,0,0
I78_19_03.png,I78,Jitter,3,3.1,52.5,0,0,0,0,0
I78_19_04.png,I78,Jitter,4,2.0,25.0,0,0,0,0,0
I78_19_05.png,I78,Jitter,5,1.23,5.75,0,0,0,0,1
I78_02_01.png,I78,Lens blur,1,4.13,78.25,0,0,0,0,0
I78_02_02.png,I78,Lens blur,2,2.9,47.5,0,0,0,0,0
I78_02_03.png,I78,Lens blur,3,1.9,22.5,1,0,0,0,0
I78_02_04.png,I78,Lens blur,4,1.67,16.75,1,0,0,0,0
I78_02_05.png,I78,Lens blur,5,1.53,13.25,1,0,0,0,1
I78_18_01.png,I78,Mean shift,1,4.57,89.25,0,0,0,0,0
I78_18_02.png,I78,Mean shift,2,4.5,87.5,0,0,0,0,0
I78_18_03.png,I78,Mean shift,3,4.6,90.0,0,0,0,0,0
I78_18_04.png,I78,Mean shift,4,4.6,90.0,0,0,0,0,0
I78_18_05.png,I78,Mean shift,5,4.17,79.25,0,0,0,0,1
I78_03_01.png,I78,Motion blur,1,4.67,91.75,0,0,0,0,0
I78_03_02.png,I78,Motion blur,2,4.48,87.0,0,0,0,0,0
I78_03_03.png,I78,Motion blur,3,2.87,46.75,1,0,0,0,0
I78_03_04.png,I78,Motion blur,4,2.13,28.25,1,0,0,0,0
I78_03_05.png,I78,Motion blur,5,2.1,27.5,1,0,0,0,1
I78_14_01.png,I78,Multiplicative noise,1,4.43,85.75,0,0,0,0,0
I78_14_02.png,I78,Multiplicative noise,2,3.6,65.0,0,0,0,0,0
I78_14_03.png,I78,Multiplicative noise,3,3.1,52.5,0,0,0,1,0
I78_14_04.png,I78,Multiplicative noise,4,2.53,38.25,0,0,0,1,0
I78_14_05.png,I78,Multiplicative noise,5,2.07,26.75,0,0,0,1,1
I78_20_01.png,I78,Non-eccentricity patch,1,4.5,87.5,0,0,0,0,0
I78_20_02.png,I78,Non-eccentricity patch,2,3.4,60.0,0,0,0,0,0
I78_20_03.png,I78,Non-eccentricity patch,3,3.57,64.25,0,0,0,0,0
I78_20_04.png,I78,Non-eccentricity patch,4,2.73,43.25,0,0,0,0,0
I78_20_05.png,I78,Non-eccentricity patch,5,2.37,34.25,0,0,0,0,1
I78_21_01.png,I78,Pixelate,1,2.73,43.25,0,0,0,0,0
I78_21_02.png,I78,Pixelate,2,2.57,39.25,0,0,0,0,0
I78_21_03.png,I78,Pixelate,3,2.47,36.75,0,0,0,0,0
I78_21_04.png,I78,Pixelate,4,1.97,24.25,0,0,0,0,0
I78_21_05.png,I78,Pixelate,5,1.5,12.5,0,0,0,0,1
I78_22_01.png,I78,Quantization,1,3.8,70.0,0,0,0,0,0
I78_22_02.png,I78,Quantization,2,3.2,55.0,0,0,0,0,0
I78_22_03.png,I78,Quantization,3,3.73,68.25,0,0,0,0,0
I78_22_04.png,I78,Quantization,4,2.7,42.5,0,0,0,0,0
I78_22_05.png,I78,Quantization,5,2.2,30.0,0,0,0,0,1
I78_11_01.png,I78,White noise,1,3.7,67.5,0,0,0,0,0
I78_11_02.png,I78,White noise,2,3.43,60.75,0,0,0,0,0
I78_11_03.png,I78,White noise,3,3.0,50.0,0,0,0,1,0
I78_11_04.png,I78,White noise,4,2.97,49.25,0,0,0,1,0
I78_11_05.png,I78,White noise,5,2.43,35.75,0,0,0,1,1
I78_12_01.png,I78,White noise in color component,1,4.5,87.5,0,0,0,0,0
I78_12_02.png,I78,White noise in color component,2,3.63,65.75,0,0,0,0,0
I78_12_03.png,I78,White noise in color component,3,3.37,59.25,0,0,0,1,0
I78_12_04.png,I78,White noise in color component,4,2.67,41.75,0,0,0,1,0
I78_12_05.png,I78,White noise in color component,5,2.23,30.75,0,0,0,1,1
I78.png,I78,none,0,,100.0,0,0,0,0,0
I79_16_01.png,I79,Brighten,1,4.3,82.5,0,0,0,0,0
I79_16_02.png,I79,Brighten,2,4.17,79.25,0,0,0,0,0
I79_16_03.png,I79,Brighten,3,3.57,64.25,0,0,1,0,0
I79_16_04.png,I79,Brighten,4,3.37,59.25,0,0,1,0,0
I79_16_05.png,I79,Brighten,5,2.47,36.75,0,0,1,0,1
I79_23_01.png,I79,Color block,1,2.67,41.75,0,0,0,0,0
I79_23_02.png,I79,Color block,2,2.7,42.5,0,0,0,0,0
I79_23_03.png,I79,Color block,3,2.17,29.25,0,0,0,0,1
I79_23_04.png,I79,Color block,4,2.5,37.5,0,0,0,0,1
I79_23_05.png,I79,Color block,5,1.7,17.5,0,0,0,0,1
I79_04_01.png,I79,Color diffusion,1,4.53,88.25,0,0,0,0,0
I79_04_02.png,I79,Color diffusion,2,2.3,32.5,0,0,0,0,0
I79_04_03.png,I79,Color diffusion,3,1.47,11.75,0,0,0,0,0
I79_04_04.png,I79,Color diffusion,4,1.3,7.5,0,0,0,0,0
I79_04_05.png,I79,Color diffusion,5,1.13,3.25,0,0,0,0,1
I79_06_01.png,I79,Color quantization,1,4.2,80.0,0,0,0,0,0
I79_06_02.png,I79,Color quantization,2,4.27,81.75,0,0,0,0,0
I79_06_03.png,I79,Color quantization,3,3.7,67.5,0,0,0,0,1
I79_06_04.png,I79,Color quantization,4,3.3,57.5,0,0,0,0,1
I79_06_05.png,I79,Color quantization,5,2.43,35.75,0,0,0,0,1
I79_07_01.png,I79,Color saturation 1,1,2.07,26.75,0,0,0,0,0
I79_07_02.png,I79,Color saturation 1,2,2.13,28.25,0,0,0,0,0
I79_07_03.png,I79,Color saturation 1,3,1.7,17.5,0,0,0,0,0
I79_07_04.png,I79,Color saturation 1,4,1.83,20.75,0,0,0,0,0
I79_07_05.png,I79,Color saturation 1,5,1.57,14.25,0,0,0,0,1
I79_08_01.png,I79,Color saturation 2,1,4.53,88.25,0,0,0,0,0
I79_08_02.png,I79,Color saturation 2,2,3.57,64.25,0,0,0,0,0
I79_08_03.png,I79,Color saturation 2,3,2.81,45.25,0,0,0,0,0
I79_08_04.png,I79,Color saturation 2,4,1.53,13.25,0,0,0,0,0
I79_08_05.png,I79,Color saturation 2,5,1.43,10.75,0,0,0,0,1
I79_05_01.png,I79,Color shift,1,4.37,84.25,0,0,0,0,0
I79_05_02.png,I79,Color shift,2,3.37,59.25,0,0,0,0,0
I79_05_03.png,I79,Color shift,3,2.5,37.5,0,0,0,0,0
I79_05_04.png,I79,Color shift,4,2.63,40.75,0,0,0,0,0
I79_05_05.png,I79,Color shift,5,2.97,49.25,0,0,0,0,1
I79_25_01.png,I79,Contrast change,1,3.93,73.25,0,0,0,0,0
I79_25_02.png,I79,Contrast change,2,3.93,73.25,0,0,0,0,0
I79_25_03.png,I79,Contrast change,3,4.5,87.5,0,0,0,0,0
I79_25_04.png,I79,Contrast change,4,3.8,70.0,0,0,0,0,0
I79_25_05.png,I79,Contrast change,5,3.2,55.0,0,0,0,0,1
I79_17_01.png,I79,Darken,1,4.47,86.75,0,0,0,0,0
I79_17_02.png,I79,Darken,2,4.63,90.75,0,0,0,0,0
I79_17_03.png,I79,Darken,3,4.03,75.75,0,1,0,0,0
I79_17_04.png,I79,Darken,4,3.9,72.5,0,1,0,0,0
I79_17_05.png,I79,Darken,5,2.47,36.75,0,1,0,0,1
I79_15_01.png,I79,Denoise,1,4.0,75.0,0,0,0,0,0
I79_15_02.png,I79,Denoise,2,3.07,51.75,0,0,0,0,0
I79_15_03.png,I79,Denoise,3,2.67,41.75,0,0,0,1,0
I79_15_04.png,I79,Denoise,4,2.1,27.5,0,0,0,1,0
I79_15_05.png,I79,Denoise,5,1.63,15.75,0,0,0,1,1
I79_01_01.png,I79,Gaussian blur,1,4.7,92.5,0,0,0,0,0
I79_01_02.png,I79,Gaussian blur,2,4.63,90.75,0,0,0,0,0
I79_01_03.png,I79,Gaussian blur,3,3.37,59.25,1,0,0,0,0
I79_01_04.png,I79,Gaussian blur,4,2.47,36.75,1,0,0,0,0
I79_01_05.png,I79,Gaussian blur,5,1.53,13.25,1,0,0,0,1
I79_24_01.png,I79,High sharpen,1,3.87,71.75,0,0,0,0,0
I79_24_02.png,I79,High sharpen,2,3.33,58.25,0,0,0,0,0
I79_24_03.png,I79,High sharpen,3,2.4,35.0,0,0,0,0,0
I79_24_04.png,I79,High sharpen,4,1.83,20.75,0,0,0,0,0
I79_24_05.png,I79,High sharpen,5,1.57,14.25,0,0,0,0,1
I79_13_01.png,I79,Impulse noise,1,3.77,69.25,0,0,0,0,0
I79_13_02.png,I79,Impulse noise,2,2.87,46.75,0,0,0,0,0
I79_13_03.png,I79,Impulse noise,3,2.53,38.25,0,0,0,1,0
I79_13_04.png,I79,Impulse noise,4,2.27,31.75,0,0,0,1,0
I79_13_05.png,I79,Impulse noise,5,2.23,30.75,0,0,0,1,1
I79_10_01.png,I79,JPEG,1,4.23,80.75,0,0,0,0,0
I79_10_02.png,I79,JPEG,2,4.03,75.75,0,0,0,0,0
I79_10_03.png,I79,JPEG,3,4.03,75.75,0,0,0,0,1
I79_10_04.png,I79,JPEG,4,2.13,28.25,0,0,0,0,1
I79_10_05.png,I79,JPEG,5,1.43,10.75,0,0,0,0,1
I79_09_01.png,I79,JPEG2000,1,4.73,93.25,0,0,0,0,0
I79_09_02.png,I79,JPEG2000,2,4.43,85.75,0,0,0,0,0
I79_09_03.png,I79,JPEG2000,3,4.26,81.5,0,0,0,0,1
I79_09_04.png,I79,JPEG2000,4,2.23,30.75,0,0,0,0,1
I79_09_05.png,I79,JPEG2000,5,1.23,5.75,0,0,0,0,1
I79_19_01.png,I79,Jitter,1,4.3,82.5,0,0,0,0,0
I79_19_02.png,I79,Jitter,2,4.37,84.25,0,0,0,0,0
I79_19_03.png,I79,Jitter,3,3.67,66.75,0,0,0,0,0
I79_19_04.png,I79,Jitter,4,2.6,40.0,0,0,0,0,0
I79_19_05.png,I79,Jitter,5,1.6,15.0,0,0,0,0,1
I79_02_01.png,I79,Lens blur,1,4.17,79.25,0,0,0,0,0
I79_02_02.png,I79,Lens blur,2,3.23,55.75,0,0,0,0,0
I79_02_03.png,I79,Lens blur,3,2.3,32.5,1,0,0,0,0
I79_02_04.png,I79,Lens blur,4,1.87,21.75,1,0,0,0,0
I79_02_05.png,I79,Lens blur,5,1.57,14.25,1,0,0,0,1
I79_18_01.png,I79,Mean shift,1,4.42,85.5,0,0,0,0,0
I79_18_02.png,I79,Mean shift,2,4.7,92.5,0,0,0,0,0
I79_18_03.png,I79,Mean shift,3,4.6,90.0,0,0,0,0,0
I79_18_04.png,I79,Mean shift,4,4.33,83.25,0,0,0,0,0
I79_18_05.png,I79,Mean shift,5,3.8,70.0,0,0,0,0,1
I79_03_01.png,I79,Motion blur,1,4.53,88.25,0,0,0,0,0
I79_03_02.png,I79,Motion blur,2,4.23,80.75,0,0,0,0,0
I79_03_03.png,I79,Motion blur,3,3.3,57.5,1,0,0,0,0
I79_03_04.png,I79,Motion blur,4,2.97,49.25,1,0,0,0,0
I79_03_05.png,I79,Motion blur,5,2.07,26.75,1,0,0,0,1
I79_14_01.png,I79,Multiplicative noise,1,4.68,92.0,0,0,0,0,0
I79_14_02.png,I79,Multiplicative noise,2,4.03,75.75,0,0,0,0,0
I79_14_03.png,I79,Multiplicative noise,3,3.6,65.0,0,0,0,1,0
I79_14_04.png,I79,Multiplicative noise,4,2.83,45.75,0,0,0,1,0
I79_14_05.png,I79,Multiplicative noise,5,2.4,35.0,0,0,0,1,1
I79_20_01.png,I79,Non-eccentricity patch,1,4.4,85.0,0,0,0,0,0
I79_20_02.png,I79,Non-eccentricity patch,2,3.8,70.0,0,0,0,0,0
I79_20_03.png,I79,Non-eccentricity patch,3,2.57,39.25,0,0,0,0,0
I79_20_04.png,I79,Non-eccentricity patch,4,2.83,45.75,0,0,0,0,0
I79_20_05.png,I79,Non-eccentricity patch,5,3.0,50.0,0,0,0,0,1
I79_21_01.png,I79,Pixelate,1,4.23,80.75,0,0,0,0,0
I79_21_02.png,I79,Pixelate,2,3.73,68.25,0,0,0,0,0
I79_21_03.png,I79,Pixelate,3,3.47,61.75,0,0,0,0,0
I79_21_04.png,I79,Pixelate,4,3.4,60.0,0,0,0,0,0
I79_21_05.png,I79,Pixelate,5,2.0,25.0,0,0,0,0,1
I79_22_01.png,I79,Quantization,1,4.53,88.25,0,0,0,0,0
I79_22_02.png,I79,Quantization,2,4.3,82.5,0,0,0,0,0
I79_22_03.png,I79,Quantization,3,4.27,81.75,0,0,0,0,0
I79_22_04.png,I79,Quantization,4,3.13,53.25,0,0,0,0,0
I79_22_05.png,I79,Quantization,5,2.4,35.0,0,0,0,0,1
I79_11_01.png,I79,White noise,1,4.43,85.75,0,0,0,0,0
I79_11_02.png,I79,White noise,2,3.4,60.0,0,0,0,0,0
I79_11_03.png,I79,White noise,3,3.17,54.25,0,0,0,1,0
I79_11_04.png,I79,White noise,4,3.03,50.75,0,0,0,1,0
I79_11_05.png,I79,White noise,5,2.5,37.5,0,0,0,1,1
I79_12_01.png,I79,White noise in color component,1,4.67,91.75,0,0,0,0,0
I79_12_02.png,I79,White noise in color component,2,3.77,69.25,0,0,0,0,0
I79_12_03.png,I79,White noise in color component,3,3.43,60.75,0,0,0,1,0
I79_12_04.png,I79,White noise in color component,4,2.8,45.0,0,0,0,1,0
I79_12_05.png,I79,White noise in color component,5,2.37,34.25,0,0,0,1,1
I79.png,I79,none,0,,100.0,0,0,0,0,0
I80_16_01.png,I80,Brighten,1,4.27,81.75,0,0,0,0,0
I80_16_02.png,I80,Brighten,2,4.03,75.75,0,0,0,0,0
I80_16_03.png,I80,Brighten,3,3.57,64.25,0,0,1,0,0
I80_16_04.png,I80,Brighten,4,2.8,45.0,0,0,1,0,0
I80_16_05.png,I80,Brighten,5,1.43,10.75,0,0,1,0,1
I80_23_01.png,I80,Color block,1,3.1,52.5,0,0,0,0,0
I80_23_02.png,I80,Color block,2,2.37,34.25,0,0,0,0,0
I80_23_03.png,I80,Color block,3,2.5,37.5,0,0,0,0,1
I80_23_04.png,I80,Color block,4,2.23,30.75,0,0,0,0,1
I80_23_05.png,I80,Color block,5,2.23,30.75,0,0,0,0,1
I80_04_01.png,I80,Color diffusion,1,4.47,86.75,0,0,0,0,0
I80_04_02.png,I80,Color diffusion,2,1.93,23.25,0,0,0,0,0
I80_04_03.png,I80,Color diffusion,3,1.37,9.25,0,0,0,0,0
I80_04_04.png,I80,Color diffusion,4,1.87,21.75,0,0,0,0,0
I80_04_05.png,I80,Color diffusion,5,1.37,9.25,0,0,0,0,1
I80_06_01.png,I80,Color quantization,1,4.37,84.25,0,0,0,0,0
I80_06_02.png,I80,Color quantization,2,4.2,80.0,0,0,0,0,0
I80_06_03.png,I80,Color quantization,3,4.03,75.75,0,0,0,0,1
I80_06_04.png,I80,Color quantization,4,3.53,63.25,0,0,0,0,1
I80_06_05.png,I80,Color quantization,5,2.87,46.75,0,0,0,0,1
I80_07_01.png,I80,Color saturation 1,1,2.57,39.25,0,0,0,0,0
I80_07_02.png,I80,Color saturation 1,2,2.4,35.0,0,0,0,0,0
I80_07_03.png,I80,Color saturation 1,3,2.27,31.75,0,0,0,0,0
I80_07_04.png,I80,Color saturation 1,4,2.0,25.0,0,0,0,0,0
I80_07_05.png,I80,Color saturation 1,5,2.13,28.25,0,0,0,0,1
I80_08_01.png,I80,Color saturation 2,1,4.5,87.5,0,0,0,0,0
I80_08_02.png,I80,Color saturation 2,2,2.83,45.75,0,0,0,0,0
I80_08_03.png,I80,Color saturation 2,3,2.27,31.75,0,0,0,0,0
I80_08_04.png,I80,Color saturation 2,4,1.93,23.25,0,0,0,0,0
I80_08_05.png,I80,Color saturation 2,5,1.5,12.5,0,0,0,0,1
I80_05_01.png,I80,Color shift,1,4.23,80.75,0,0,0,0,0
I80_05_02.png,I80,Color shift,2,3.33,58.25,0,0,0,0,0
I80_05_03.png,I80,Color shift,3,2.8,45.0,0,0,0,0,0
I80_05_04.png,I80,Color shift,4,3.13,53.25,0,0,0,0,0
I80_05_05.png,I80,Color shift,5,2.7,42.5,0,0,0,0,1
I80_25_01.png,I80,Contrast change,1,3.1,52.5,0,0,0,0,0
I80_25_02.png,I80,Contrast change,2,3.27,56.75,0,0,0,0,0
I80_25_03.png,I80,Contrast change,3,3.97,74.25,0,0,0,0,0
I80_25_04.png,I80,Contrast change,4,4.27,81.75,0,0,0,0,0
I80_25_05.png,I80,Contrast change,5,3.03,50.75,0,0,0,0,1
I80_17_01.png,I80,Darken,1,4.67,91.75,0,0,0,0,0
I80_17_02.png,I80,Darken,2,4.43,85.75,0,0,0,0,0
I80_17_03.png,I80,Darken,3,4.07,76.75,0,1,0,0,0
I80_17_04.png,I80,Darken,4,3.03,50.75,0,1,0,0,0
I80_17_05.png,I80,Darken,5,2.37,34.25,0,1,0,0,1
I80_15_01.png,I80,Denoise,1,3.83,70.75,0,0,0,0,0
I80_15_02.png,I80,Denoise,2,3.23,55.75,0,0,0,0,0
I80_15_03.png,I80,Denoise,3,3.27,56.75,0,0,0,1,0
I80_15_04.png,I80,Denoise,4,2.43,35.75,0,0,0,1,0
I80_15_05.png,I80,Denoise,5,1.93,23.25,0,0,0,1,1
I80_01_01.png,I80,Gaussian blur,1,4.63,90.75,0,0,0,0,0
I80_01_02.png,I80,Gaussian blur,2,4.43,85.75,0,0,0,0,0
I80_01_03.png,I80,Gaussian blur,3,3.27,56.75,1,0,0,0,0
I80_01_04.png,I80,Gaussian blur,4,2.1,27.5,1,0,0,0,0
I80_01_05.png,I80,Gaussian blur,5,1.53,13.25,1,0,0,0,1
I80_24_01.png,I80,High sharpen,1,3.3,57.5,0,0,0,0,0
I80_24_02.png,I80,High sharpen,2,2.73,43.25,0,0,0,0,0
I80_24_03.png,I80,High sharpen,3,1.97,24.25,0,0,0,0,0
I80_24_04.png,I80,High sharpen,4,1.6,15.0,0,0,0,0,0
I80_24_05.png,I80,High sharpen,5,1.43,10.75,0,0,0,0,1
I80_13_01.png,I80,Impulse noise,1,4.13,78.25,0,0,0,0,0
I80_13_02.png,I80,Impulse noise,2,3.6,65.0,0,0,0,0,0
I80_13_03.png,I80,Impulse noise,3,2.97,49.25,0,0,0,1,0
I80_13_04.png,I80,Impulse noise,4,2.57,39.25,0,0,0,1,0
I80_13_05.png,I80,Impulse noise,5,2.33,33.25,0,0,0,1,1
I80_10_01.png,I80,JPEG,1,4.43,85.75,0,0,0,0,0
I80_10_02.png,I80,JPEG,2,4.5,87.5,0,0,0,0,0
I80_10_03.png,I80,JPEG,3,4.27,81.75,0,0,0,0,1
I80_10_04.png,I80,JPEG,4,1.6,15.0,0,0,0,0,1
I80_10_05.png,I80,JPEG,5,1.5,12.5,0,0,0,0,1
I80_09_01.png,I80,JPEG2000,1,4.7,92.5,0,0,0,0,0
I80_09_02.png,I80,JPEG2000,2,4.03,75.75,0,0,0,0,0
I80_09_03.png,I80,JPEG2000,3,3.74,68.5,0,0,0,0,1
I80_09_04.png,I80,JPEG2000,4,2.57,39.25,0,0,0,0,1
I80_09_05.png,I80,JPEG2000,5,1.87,21.75,0,0,0,0,1
I80_19_01.png,I80,Jitter,1,4.43,85.75,0,0,0,0,0
I80_19_02.png,I80,Jitter,2,4.2,80.0,0,0,0,0,0
I80_19_03.png,I80,Jitter,3,3.53,63.25,0,0,0,0,0
I80_19_04.png,I80,Jitter,4,2.23,30.75,0,0,0,0,0
I80_19_05.png,I80,Jitter,5,1.4,10.0,0,0,0,0,1
I80_02_01.png,I80,Lens blur,1,3.83,70.75,0,0,0,0,0
I80_02_02.png,I80,Lens blur,2,3.03,50.75,0,0,0,0,0
I80_02_03.png,I80,Lens blur,3,1.9,22.5,1,0,0,0,0
I80_02_04.png,I80,Lens blur,4,1.47,11.75,1,0,0,0,0
I80_02_05.png,I80,Lens blur,5,1.1,2.5,1,0,0,0,1
I80_18_01.png,I80,Mean shift,1,3.83,70.75,0,0,0,0,0
I80_18_02.png,I80,Mean shift,2,4.6,90.0,0,0,0,0,0
I80_18_03.png,I80,Mean shift,3,4.5,87.5,0,0,0,0,0
I80_18_04.png,I80,Mean shift,4,4.27,81.75,0,0,0,0,0
I80_18_05.png,I80,Mean shift,5,3.77,69.25,0,0,0,0,1
I80_03_01.png,I80,Motion blur,1,4.5,87.5,0,0,0,0,0
I80_03_02.png,I80,Motion blur,2,4.3,82.5,0,0,0,0,0
I80_03_03.png,I80,Motion blur,3,3.13,53.25,1,0,0,0,0
I80_03_04.png,I80,Motion blur,4,2.73,43.25,1,0,0,0,0
I80_03_05.png,I80,Motion blur,5,1.9,22.5,1,0,0,0,1
I80_14_01.png,I80,Multiplicative noise,1,4.6,90.0,0,0,0,0,0
I80_14_02.png,I80,Multiplicative noise,2,4.07,76.75,0,0,0,0,0
I80_14_03.png,I80,Multiplicative noise,3,3.63,65.75,0,0,0,1,0
I80_14_04.png,I80,Multiplicative noise,4,3.03,50.75,0,0,0,1,0
I80_14_05.png,I80,Multiplicative noise,5,2.23,30.75,0,0,0,1,1
I80_20_01.png,I80,Non-eccentricity patch,1,4.43,85.75,0,0,0,0,0
I80_20_02.png,I80,Non-eccentricity patch,2,4.13,78.25,0,0,0,0,0
I80_20_03.png,I80,Non-eccentricity patch,3,3.77,69.25,0,0,0,0,0
I80_20_04.png,I80,Non-eccentricity patch,4,3.73,68.25,0,0,0,0,0
I80_20_05.png,I80,Non-eccentricity patch,5,3.47,61.75,0,0,0,0,1
I80_21_01.png,I80,Pixelate,1,4.13,78.25,0,0,0,0,0
I80_21_02.png,I80,Pixelate,2,3.5,62.5,0,0,0,0,0
I80_21_03.png,I80,Pixelate,3,3.47,61.75,0,0,0,0,0
I80_21_04.png,I80,Pixelate,4,3.23,55.75,0,0,0,0,0
I80_21_05.png,I80,Pixelate,5,1.63,15.75,0,0,0,0,1
I80_22_01.png,I80,Quantization,1,4.5,87.5,0,0,0,0,0
I80_22_02.png,I80,Quantization,2,4.47,86.75,0,0,0,0,0
I80_22_03.png,I80,Quantization,3,4.33,83.25,0,0,0,0,0
I80_22_04.png,I80,Quantization,4,3.73,68.25,0,0,0,0,0
I80_22_05.png,I80,Quantization,5,2.97,49.25,0,0,0,0,1
I80_11_01.png,I80,White noise,1,4.47,86.75,0,0,0,0,0
I80_11_02.png,I80,White noise,2,3.97,74.25,0,0,0,0,0
I80_11_03.png,I80,White noise,3,3.6,65.0,0,0,0,1,0
I80_11_04.png,I80,White noise,4,3.3,57.5,0,0,0,1,0
I80_11_05.png,I80,White noise,5,2.47,36.75,0,0,0,1,1
I80_12_01.png,I80,White noise in color component,1,4.77,94.25,0,0,0,0,0
I80_12_02.png,I80,White noise in color component,2,4.43,85.75,0,0,0,0,0
I80_12_03.png,I80,White noise in color component,3,3.87,71.75,0,0,0,1,0
I80_12_04.png,I80,White noise in color component,4,3.1,52.5,0,0,0,1,0
I80_12_05.png,I80,White noise in color component,5,2.77,44.25,0,0,0,1,1
I80.png,I80,none,0,,100.0,0,0,0,0,0
I81_16_01.png,I81,Brighten,1,4.63,90.75,0,0,0,0,0
I81_16_02.png,I81,Brighten,2,4.17,79.25,0,0,0,0,0
I81_16_03.png,I81,Brighten,3,3.67,66.75,0,0,1,0,0
I81_16_04.png,I81,Brighten,4,2.67,41.75,0,0,1,0,0
I81_16_05.png,I81,Brighten,5,1.57,14.25,0,0,1,0,1
I81_23_01.png,I81,Color block,1,2.83,45.75,0,0,0,0,0
I81_23_02.png,I81,Color block,2,1.9,22.5,0,0,0,0,0
I81_23_03.png,I81,Color block,3,2.73,43.25,0,0,0,0,1
I81_23_04.png,I81,Color block,4,1.67,16.75,0,0,0,0,1
I81_23_05.png,I81,Color block,5,2.13,28.25,0,0,0,0,1
I81_04_01.png,I81,Color diffusion,1,4.5,87.5,0,0,0,0,0
I81_04_02.png,I81,Color diffusion,2,2.83,45.75,0,0,0,0,0
I81_04_03.png,I81,Color diffusion,3,1.33,8.25,0,0,0,0,0
I81_04_04.png,I81,Color diffusion,4,1.37,9.25,0,0,0,0,0
I81_04_05.png,I81,Color diffusion,5,1.23,5.75,0,0,0,0,1
I81_06_01.png,I81,Color quantization,1,3.17,54.25,0,0,0,0,0
I81_06_02.png,I81,Color quantization,2,3.1,52.5,0,0,0,0,0
I81_06_03.png,I81,Color quantization,3,2.9,47.5,0,0,0,0,1
I81_06_04.png,I81,Color quantization,4,2.47,36.75,0,0,0,0,1
I81_06_05.png,I81,Color quantization,5,1.93,23.25,0,0,0,0,1
I81_07_01.png,I81,Color saturation 1,1,2.53,38.25,0,0,0,0,0
I81_07_02.png,I81,Color saturation 1,2,2.27,31.75,0,0,0,0,0
I81_07_03.png,I81,Color saturation 1,3,2.4,35.0,0,0,0,0,0
I81_07_04.png,I81,Color saturation 1,4,2.27,31.75,0,0,0,0,0
I81_07_05.png,I81,Color saturation 1,5,2.1,27.5,0,0,0,0,1
I81_08_01.png,I81,Color saturation 2,1,4.53,88.25,0,0,0,0,0
I81_08_02.png,I81,Color saturation 2,2,3.17,54.25,0,0,0,0,0
I81_08_03.png,I81,Color saturation 2,3,2.73,43.25,0,0,0,0,0
I81_08_04.png,I81,Color saturation 2,4,1.2,5.0,0,0,0,0,0
I81_08_05.png,I81,Color saturation 2,5,1.2,5.0,0,0,0,0,1
I81_05_01.png,I81,Color shift,1,4.33,83.25,0,0,0,0,0
I81_05_02.png,I81,Color shift,2,2.47,36.75,0,0,0,0,0
I81_05_03.png,I81,Color shift,3,1.37,9.25,0,0,0,0,0
I81_05_04.png,I81,Color shift,4,1.27,6.75,0,0,0,0,0
I81_05_05.png,I81,Color shift,5,1.37,9.25,0,0,0,0,1
I81_25_01.png,I81,Contrast change,1,3.33,58.25,0,0,0,0,0
I81_25_02.png,I81,Contrast change,2,3.73,68.25,0,0,0,0,0
I81_25_03.png,I81,Contrast change,3,4.3,82.5,0,0,0,0,0
I81_25_04.png,I81,Contrast change,4,4.13,78.25,0,0,0,0,0
I81_25_05.png,I81,Contrast change,5,3.27,56.75,0,0,0,0,1
I81_17_01.png,I81,Darken,1,4.67,91.75,0,0,0,0,0
I81_17_02.png,I81,Darken,2,4.73,93.25,0,0,0,0,0
I81_17_03.png,I81,Darken,3,4.37,84.25,0,1,0,0,0
I81_17_04.png,I81,Darken,4,3.73,68.25,0,1,0,0,0
I81_17_05.png,I81,Darken,5,2.33,33.25,0,1,0,0,1
I81_15_01.png,I81,Denoise,1,3.13,53.25,0,0,0,0,0
I81_15_02.png,I81,Denoise,2,1.8,20.0,0,0,0,0,0
I81_15_03.png,I81,Denoise,3,1.47,11.75,0,0,0,1,0
I81_15_04.png,I81,Denoise,4,1.45,11.25,0,0,0,1,0
I81_15_05.png,I81,Denoise,5,1.23,5.75,0,0,0,1,1
I81_01_01.png,I81,Gaussian blur,1,4.67,91.75,0,0,0,0,0
I81_01_02.png,I81,Gaussian blur,2,4.5,87.5,0,0,0,0,0
I81_01_03.png,I81,Gaussian blur,3,2.9,47.5,1,0,0,0,0
I81_01_04.png,I81,Gaussian blur,4,1.87,21.75,1,0,0,0,0
I81_01_05.png,I81,Gaussian blur,5,1.2,5.0,1,0,0,0,1
I81_24_01.png,I81,High sharpen,1,3.47,61.75,0,0,0,0,0
I81_24_02.png,I81,High sharpen,2,2.73,43.25,0,0,0,0,0
I81_24_03.png,I81,High sharpen,3,2.23,30.75,0,0,0,0,0
I81_24_04.png,I81,High sharpen,4,1.67,16.75,0,0,0,0,0
I81_24_05.png,I81,High sharpen,5,1.37,9.25,0,0,0,0,1
I81_13_01.png,I81,Impulse noise,1,2.8,45.0,0,0,0,0,0
I81_13_02.png,I81,Impulse noise,2,2.87,46.75,0,0,0,0,0
I81_13_03.png,I81,Impulse noise,3,2.17,29.25,0,0,0,1,0
I81_13_04.png,I81,Impulse noise,4,2.2,30.0,0,0,0,1,0
I81_13_05.png,I81,Impulse noise,5,2.17,29.25,0,0,0,1,1
I81_10_01.png,I81,JPEG,1,4.03,75.75,0,0,0,0,0
I81_10_02.png,I81,JPEG,2,3.97,74.25,0,0,0,0,0
I81_10_03.png,I81,JPEG,3,3.35,58.75,0,0,0,0,1
I81_10_04.png,I81,JPEG,4,1.43,10.75,0,0,0,0,1
I81_10_05.png,I81,JPEG,5,1.23,5.75,0,0,0,0,1
I81_09_01.png,I81,JPEG2000,1,4.71,92.75,0,0,0,0,0
I81_09_02.png,I81,JPEG2000,2,4.71,92.75,0,0,0,0,0
I81_09_03.png,I81,JPEG2000,3,4.37,84.25,0,0,0,0,1
I81_09_04.png,I81,JPEG2000,4,2.47,36.75,0,0,0,0,1
I81_09_05.png,I81,JPEG2000,5,1.33,8.25,0,0,0,0,1
I81_19_01.png,I81,Jitter,1,4.5,87.5,0,0,0,0,0
I81_19_02.png,I81,Jitter,2,4.33,83.25,0,0,0,0,0
I81_19_03.png,I81,Jitter,3,3.0,50.0,0,0,0,0,0
I81_19_04.png,I81,Jitter,4,1.6,15.0,0,0,0,0,0
I81_19_05.png,I81,Jitter,5,1.17,4.25,0,0,0,0,1
I81_02_01.png,I81,Lens blur,1,3.87,71.75,0,0,0,0,0
I81_02_02.png,I81,Lens blur,2,2.57,39.25,0,0,0,0,0
I81_02_03.png,I81,Lens blur,3,1.8,20.0,1,0,0,0,0
I81_02_04.png,I81,Lens blur,4,1.33,8.25,1,0,0,0,0
I81_02_05.png,I81,Lens blur,5,1.27,6.75,1,0,0,0,1
I81_18_01.png,I81,Mean shift,1,4.27,81.75,0,0,0,0,0
I81_18_02.png,I81,Mean shift,2,4.63,90.75,0,0,0,0,0
I81_18_03.png,I81,Mean shift,3,4.73,93.25,0,0,0,0,0
I81_18_04.png,I81,Mean shift,4,4.58,89.5,0,0,0,0,0
I81_18_05.png,I81,Mean shift,5,4.2,80.0,0,0,0,0,1
I81_03_01.png,I81,Motion blur,1,4.8,95.0,0,0,0,0,0
I81_03_02.png,I81,Motion blur,2,4.27,81.75,0,0,0,0,0
I81_03_03.png,I81,Motion blur,3,2.6,40.0,1,0,0,0,0
I81_03_04.png,I81,Motion blur,4,2.17,29.25,1,0,0,0,0
I81_03_05.png,I81,Motion blur,5,1.53,13.25,1,0,0,0,1
I81_14_01.png,I81,Multiplicative noise,1,4.33,83.25,0,0,0,0,0
I81_14_02.png,I81,Multiplicative noise,2,3.03,50.75,0,0,0,0,0
I81_14_03.png,I81,Multiplicative noise,3,2.7,42.5,0,0,0,1,0
I81_14_04.png,I81,Multiplicative noise,4,2.2,30.0,0,0,0,1,0
I81_14_05.png,I81,Multiplicative noise,5,1.67,16.75,0,0,0,1,1
I81_20_01.png,I81,Non-eccentricity patch,1,4.2,80.0,0,0,0,0,0
I81_20_02.png,I81,Non-eccentricity patch,2,2.37,34.25,0,0,0,0,0
I81_20_03.png,I81,Non-eccentricity patch,3,4.07,76.75,0,0,0,0,0
I81_20_04.png,I81,Non-eccentricity patch,4,2.27,31.75,0,0,0,0,0
I81_20_05.png,I81,Non-eccentricity patch,5,1.33,8.25,0,0,0,0,1
I81_21_01.png,I81,Pixelate,1,3.03,50.75,0,0,0,0,0
I81_21_02.png,I81,Pixelate,2,2.33,33.25,0,0,0,0,0
I81_21_03.png,I81,Pixelate,3,2.47,36.75,0,0,0,0,0
I81_21_04.png,I81,Pixelate,4,2.0,25.0,0,0,0,0,0
I81_21_05.png,I81,Pixelate,5,1.53,13.25,0,0,0,0,1
I81_22_01.png,I81,Quantization,1,4.0,75.0,0,0,0,0,0
I81_22_02.png,I81,Quantization,2,3.9,72.5,0,0,0,0,0
I81_22_03.png,I81,Quantization,3,3.37,59.25,0,0,0,0,0
I81_22_04.png,I81,Quantization,4,2.93,48.25,0,0,0,0,0
I81_22_05.png,I81,Quantization,5,1.9,22.5,0,0,0,0,1
I81_11_01.png,I81,White noise,1,3.33,58.25,0,0,0,0,0
I81_11_02.png,I81,White noise,2,2.4,35.0,0,0,0,0,0
I81_11_03.png,I81,White noise,3,2.73,43.25,0,0,0,1,0
I81_11_04.png,I81,White noise,4,2.13,28.25,0,0,0,1,0
I81_11_05.png,I81,White noise,5,2.16,29.0,0,0,0,1,1
I81_12_01.png,I81,White noise in color component,1,4.43,85.75,0,0,0,0,0
I81_12_02.png,I81,White noise in color component,2,3.39,59.75,0,0,0,0,0
I81_12_03.png,I81,White noise in color component,3,2.67,41.75,0,0,0,1,0
I81_12_04.png,I81,White noise in color component,4,2.39,34.75,0,0,0,1,0
I81_12_05.png,I81,White noise in color component,5,2.27,31.75,0,0,0,1,1
I81.png,I81,none,0,,100.0,0,0,0,0,0
